/*
 * Copyright 2026 California High Robotics, Team 1516X
 * SPDX-License-Identifier: GPL-3.0-or-later
 */

#ifdef __has_include
    #if __has_include("lvgl.h")
        #ifndef LV_LVGL_H_INCLUDE_SIMPLE
            #define LV_LVGL_H_INCLUDE_SIMPLE
        #endif
    #endif
#endif

#if defined(LV_LVGL_H_INCLUDE_SIMPLE)
    #include "lvgl.h"
#else
    #include "liblvgl/lvgl.h"
#endif


#ifndef LV_ATTRIBUTE_MEM_ALIGN
#define LV_ATTRIBUTE_MEM_ALIGN
#endif

#ifndef LV_ATTRIBUTE_IMG_CALLOGO
#define LV_ATTRIBUTE_IMG_CALLOGO
#endif

const LV_ATTRIBUTE_MEM_ALIGN LV_ATTRIBUTE_LARGE_CONST LV_ATTRIBUTE_IMG_CALLOGO uint8_t callogo_map[] = {
  0xfe, 0xfe, 0xfe, 0xff, 	/*Color of index 0*/
  0xf9, 0xf9, 0xf9, 0xff, 	/*Color of index 1*/
  0xf3, 0xf3, 0xf3, 0xff, 	/*Color of index 2*/
  0xea, 0xea, 0xea, 0xff, 	/*Color of index 3*/
  0xe3, 0xe3, 0xe3, 0xff, 	/*Color of index 4*/
  0xdf, 0xdf, 0xdf, 0xff, 	/*Color of index 5*/
  0xdb, 0xdb, 0xdb, 0xff, 	/*Color of index 6*/
  0xd7, 0xd7, 0xd7, 0xff, 	/*Color of index 7*/
  0xd3, 0xd3, 0xd3, 0xff, 	/*Color of index 8*/
  0xcf, 0xcf, 0xcf, 0xff, 	/*Color of index 9*/
  0xca, 0xca, 0xca, 0xff, 	/*Color of index 10*/
  0xc2, 0xc2, 0xc2, 0xff, 	/*Color of index 11*/
  0xb7, 0xb7, 0xb7, 0xff, 	/*Color of index 12*/
  0xaf, 0xaf, 0xaf, 0xff, 	/*Color of index 13*/
  0x90, 0x90, 0x90, 0xff, 	/*Color of index 14*/
  0x88, 0x88, 0x88, 0xff, 	/*Color of index 15*/
  0x86, 0x86, 0x86, 0xff, 	/*Color of index 16*/
  0x80, 0x80, 0x80, 0xff, 	/*Color of index 17*/
  0x7e, 0x7e, 0x7e, 0xff, 	/*Color of index 18*/
  0x76, 0x76, 0x76, 0xff, 	/*Color of index 19*/
  0x70, 0x70, 0x70, 0xff, 	/*Color of index 20*/
  0x58, 0x58, 0x58, 0xff, 	/*Color of index 21*/
  0x48, 0x48, 0x48, 0xff, 	/*Color of index 22*/
  0x45, 0x45, 0x45, 0xff, 	/*Color of index 23*/
  0x39, 0x39, 0x39, 0xff, 	/*Color of index 24*/
  0x37, 0x37, 0x37, 0xff, 	/*Color of index 25*/
  0x35, 0x35, 0x35, 0xff, 	/*Color of index 26*/
  0x32, 0x32, 0x32, 0xff, 	/*Color of index 27*/
  0x30, 0x30, 0x30, 0xff, 	/*Color of index 28*/
  0x2f, 0x2f, 0x2f, 0xff, 	/*Color of index 29*/
  0x2d, 0x2d, 0x2d, 0xff, 	/*Color of index 30*/
  0x27, 0x27, 0x27, 0xff, 	/*Color of index 31*/
  0x1f, 0x1f, 0x1f, 0xff, 	/*Color of index 32*/
  0x1b, 0x1b, 0x1b, 0xff, 	/*Color of index 33*/
  0x17, 0x17, 0x17, 0xff, 	/*Color of index 34*/
  0x16, 0x16, 0x16, 0xff, 	/*Color of index 35*/
  0x13, 0x13, 0x13, 0xff, 	/*Color of index 36*/
  0x0d, 0x0d, 0x0d, 0xff, 	/*Color of index 37*/
  0x08, 0x08, 0x08, 0xff, 	/*Color of index 38*/
  0x06, 0x06, 0x06, 0xff, 	/*Color of index 39*/
  0x00, 0x00, 0x00, 0xff, 	/*Color of index 40*/
  0xba, 0xba, 0xbb, 0xff, 	/*Color of index 41*/
  0xb1, 0xb1, 0xb3, 0xff, 	/*Color of index 42*/
  0xaf, 0xaf, 0xb2, 0xff, 	/*Color of index 43*/
  0xae, 0xae, 0xb1, 0xff, 	/*Color of index 44*/
  0xab, 0xab, 0xb1, 0xff, 	/*Color of index 45*/
  0xaa, 0xaa, 0xac, 0xff, 	/*Color of index 46*/
  0xa8, 0xa8, 0xaa, 0xff, 	/*Color of index 47*/
  0xa6, 0xa6, 0xa8, 0xff, 	/*Color of index 48*/
  0xa2, 0xa2, 0xa4, 0xff, 	/*Color of index 49*/
  0x9e, 0x9e, 0xa0, 0xff, 	/*Color of index 50*/
  0x9b, 0x9b, 0x9c, 0xff, 	/*Color of index 51*/
  0x99, 0x99, 0x9b, 0xff, 	/*Color of index 52*/
  0x00, 0x4b, 0xfe, 0xff, 	/*Color of index 53*/
  0x00, 0x44, 0xfe, 0xff, 	/*Color of index 54*/
  0x00, 0x43, 0xf3, 0xff, 	/*Color of index 55*/
  0x00, 0x45, 0xe9, 0xff, 	/*Color of index 56*/
  0x00, 0x3a, 0xfe, 0xff, 	/*Color of index 57*/
  0x00, 0x42, 0xe1, 0xff, 	/*Color of index 58*/
  0x01, 0x3c, 0xf2, 0xff, 	/*Color of index 59*/
  0x00, 0x3f, 0xd3, 0xff, 	/*Color of index 60*/
  0x00, 0x31, 0xfe, 0xff, 	/*Color of index 61*/
  0x00, 0x33, 0xf0, 0xff, 	/*Color of index 62*/
  0x00, 0x34, 0xe3, 0xff, 	/*Color of index 63*/
  0x00, 0x2a, 0xfe, 0xff, 	/*Color of index 64*/
  0x00, 0x35, 0xcf, 0xff, 	/*Color of index 65*/
  0x00, 0x2b, 0xf0, 0xff, 	/*Color of index 66*/
  0x00, 0x24, 0xfe, 0xff, 	/*Color of index 67*/
  0x00, 0x32, 0xba, 0xff, 	/*Color of index 68*/
  0x00, 0x27, 0xda, 0xff, 	/*Color of index 69*/
  0x00, 0x1b, 0xfe, 0xff, 	/*Color of index 70*/
  0x00, 0x1c, 0xf2, 0xff, 	/*Color of index 71*/
  0x00, 0x2d, 0xa4, 0xff, 	/*Color of index 72*/
  0x00, 0x12, 0xfe, 0xff, 	/*Color of index 73*/
  0x00, 0x14, 0xf0, 0xff, 	/*Color of index 74*/
  0x00, 0x24, 0xb8, 0xff, 	/*Color of index 75*/
  0x00, 0x16, 0xd7, 0xff, 	/*Color of index 76*/
  0x00, 0x0a, 0xfe, 0xff, 	/*Color of index 77*/
  0x00, 0x29, 0x93, 0xff, 	/*Color of index 78*/
  0x00, 0x0b, 0xf2, 0xff, 	/*Color of index 79*/
  0x00, 0x0c, 0xe7, 0xff, 	/*Color of index 80*/
  0x00, 0x19, 0xba, 0xff, 	/*Color of index 81*/
  0x00, 0x03, 0xfe, 0xff, 	/*Color of index 82*/
  0x00, 0x1c, 0xa4, 0xff, 	/*Color of index 83*/
  0x36, 0x36, 0x38, 0xff, 	/*Color of index 84*/
  0x00, 0x24, 0x85, 0xff, 	/*Color of index 85*/
  0x00, 0x03, 0xf0, 0xff, 	/*Color of index 86*/
  0x00, 0x20, 0x7d, 0xff, 	/*Color of index 87*/
  0x00, 0x19, 0x94, 0xff, 	/*Color of index 88*/
  0x00, 0x0a, 0xc3, 0xff, 	/*Color of index 89*/
  0x00, 0x22, 0x72, 0xff, 	/*Color of index 90*/
  0x00, 0x04, 0xd4, 0xff, 	/*Color of index 91*/
  0x00, 0x0c, 0xb6, 0xff, 	/*Color of index 92*/
  0x00, 0x1d, 0x69, 0xff, 	/*Color of index 93*/
  0x00, 0x13, 0x83, 0xff, 	/*Color of index 94*/
  0x00, 0x16, 0x76, 0xff, 	/*Color of index 95*/
  0x00, 0x07, 0xa4, 0xff, 	/*Color of index 96*/
  0x00, 0x07, 0x93, 0xff, 	/*Color of index 97*/
  0x00, 0x18, 0x59, 0xff, 	/*Color of index 98*/
  0x00, 0x12, 0x65, 0xff, 	/*Color of index 99*/
  0x00, 0x05, 0x82, 0xff, 	/*Color of index 100*/
  0x00, 0x06, 0x73, 0xff, 	/*Color of index 101*/
  0x00, 0x14, 0x43, 0xff, 	/*Color of index 102*/
  0x00, 0x07, 0x67, 0xff, 	/*Color of index 103*/
  0x00, 0x0d, 0x4d, 0xff, 	/*Color of index 104*/
  0x00, 0x0b, 0x38, 0xff, 	/*Color of index 105*/
  0x00, 0x00, 0x54, 0xff, 	/*Color of index 106*/
  0x00, 0x0c, 0x29, 0xff, 	/*Color of index 107*/
  0x00, 0x03, 0x43, 0xff, 	/*Color of index 108*/
  0x00, 0x05, 0x36, 0xff, 	/*Color of index 109*/
  0x00, 0x02, 0x2c, 0xff, 	/*Color of index 110*/
  0x00, 0x03, 0x21, 0xff, 	/*Color of index 111*/
  0x00, 0x02, 0x19, 0xff, 	/*Color of index 112*/
  0xe8, 0xf1, 0xfe, 0xff, 	/*Color of index 113*/
  0xdd, 0xea, 0xfe, 0xff, 	/*Color of index 114*/
  0xd0, 0xe2, 0xfe, 0xff, 	/*Color of index 115*/
  0xbd, 0xd7, 0xfe, 0xff, 	/*Color of index 116*/
  0x9f, 0xc5, 0xfe, 0xff, 	/*Color of index 117*/
  0x84, 0xb5, 0xfe, 0xff, 	/*Color of index 118*/
  0x74, 0xab, 0xfe, 0xff, 	/*Color of index 119*/
  0x63, 0xa2, 0xfe, 0xff, 	/*Color of index 120*/
  0x50, 0x96, 0xfe, 0xff, 	/*Color of index 121*/
  0xa3, 0xa5, 0xa6, 0xff, 	/*Color of index 122*/
  0x9b, 0xa2, 0xaf, 0xff, 	/*Color of index 123*/
  0x91, 0xa0, 0xb6, 0xff, 	/*Color of index 124*/
  0x9f, 0xa0, 0xa2, 0xff, 	/*Color of index 125*/
  0x85, 0x9a, 0xb9, 0xff, 	/*Color of index 126*/
  0x9b, 0x9d, 0x9f, 0xff, 	/*Color of index 127*/
  0x3d, 0x8a, 0xfe, 0xff, 	/*Color of index 128*/
  0x7a, 0x94, 0xbd, 0xff, 	/*Color of index 129*/
  0x66, 0x8e, 0xc9, 0xff, 	/*Color of index 130*/
  0x56, 0x88, 0xd2, 0xff, 	/*Color of index 131*/
  0x61, 0x88, 0xc6, 0xff, 	/*Color of index 132*/
  0x5e, 0x87, 0xc6, 0xff, 	/*Color of index 133*/
  0x25, 0x7c, 0xfe, 0xff, 	/*Color of index 134*/
  0x48, 0x81, 0xd8, 0xff, 	/*Color of index 135*/
  0x3d, 0x7e, 0xde, 0xff, 	/*Color of index 136*/
  0x17, 0x74, 0xfe, 0xff, 	/*Color of index 137*/
  0x2b, 0x77, 0xe8, 0xff, 	/*Color of index 138*/
  0x1f, 0x71, 0xee, 0xff, 	/*Color of index 139*/
  0x15, 0x6e, 0xf3, 0xff, 	/*Color of index 140*/
  0x0c, 0x6c, 0xfb, 0xff, 	/*Color of index 141*/
  0x00, 0x67, 0xfe, 0xff, 	/*Color of index 142*/
  0x00, 0x65, 0xfe, 0xff, 	/*Color of index 143*/
  0x00, 0x62, 0xf5, 0xff, 	/*Color of index 144*/
  0x00, 0x5f, 0xee, 0xff, 	/*Color of index 145*/
  0x00, 0x5a, 0xfe, 0xff, 	/*Color of index 146*/
  0x00, 0x5d, 0xf1, 0xff, 	/*Color of index 147*/
  0x00, 0x5d, 0xea, 0xff, 	/*Color of index 148*/
  0x56, 0x6c, 0x8f, 0xff, 	/*Color of index 149*/
  0x00, 0x52, 0xfe, 0xff, 	/*Color of index 150*/
  0x00, 0x5a, 0xe2, 0xff, 	/*Color of index 151*/
  0x00, 0x53, 0xf2, 0xff, 	/*Color of index 152*/
  0x00, 0x55, 0xe9, 0xff, 	/*Color of index 153*/
  0x00, 0x58, 0xdc, 0xff, 	/*Color of index 154*/
  0x00, 0x55, 0xdf, 0xff, 	/*Color of index 155*/
  0x00, 0x56, 0xd8, 0xff, 	/*Color of index 156*/
  0x00, 0x4b, 0xf1, 0xff, 	/*Color of index 157*/
  0x00, 0x53, 0xd1, 0xff, 	/*Color of index 158*/
  0x00, 0x51, 0xcb, 0xff, 	/*Color of index 159*/
  0x00, 0x4f, 0xc6, 0xff, 	/*Color of index 160*/
  0x00, 0x4e, 0xc8, 0xff, 	/*Color of index 161*/
  0x00, 0x46, 0xdb, 0xff, 	/*Color of index 162*/
  0x00, 0x4d, 0xc1, 0xff, 	/*Color of index 163*/
  0x47, 0x5c, 0x72, 0xff, 	/*Color of index 164*/
  0x00, 0x4a, 0xb9, 0xff, 	/*Color of index 165*/
  0x00, 0x48, 0xb4, 0xff, 	/*Color of index 166*/
  0x00, 0x44, 0xc1, 0xff, 	/*Color of index 167*/
  0x26, 0x4e, 0x8f, 0xff, 	/*Color of index 168*/
  0x00, 0x46, 0xb0, 0xff, 	/*Color of index 169*/
  0x00, 0x43, 0xa9, 0xff, 	/*Color of index 170*/
  0x00, 0x3c, 0xb5, 0xff, 	/*Color of index 171*/
  0x00, 0x41, 0xa2, 0xff, 	/*Color of index 172*/
  0x00, 0x3d, 0x9b, 0xff, 	/*Color of index 173*/
  0x00, 0x3a, 0x93, 0xff, 	/*Color of index 174*/
  0x00, 0x37, 0x8b, 0xff, 	/*Color of index 175*/
  0x00, 0x31, 0x97, 0xff, 	/*Color of index 176*/
  0x00, 0x34, 0x83, 0xff, 	/*Color of index 177*/
  0x00, 0x31, 0x7c, 0xff, 	/*Color of index 178*/
  0x00, 0x2b, 0x8c, 0xff, 	/*Color of index 179*/
  0x00, 0x2f, 0x76, 0xff, 	/*Color of index 180*/
  0x00, 0x2d, 0x78, 0xff, 	/*Color of index 181*/
  0x00, 0x2d, 0x71, 0xff, 	/*Color of index 182*/
  0x00, 0x2a, 0x6a, 0xff, 	/*Color of index 183*/
  0x00, 0x28, 0x64, 0xff, 	/*Color of index 184*/
  0x00, 0x25, 0x60, 0xff, 	/*Color of index 185*/
  0x00, 0x24, 0x59, 0xff, 	/*Color of index 186*/
  0x00, 0x20, 0x52, 0xff, 	/*Color of index 187*/
  0x00, 0x1d, 0x4a, 0xff, 	/*Color of index 188*/
  0x00, 0x1a, 0x42, 0xff, 	/*Color of index 189*/
  0x00, 0x18, 0x3b, 0xff, 	/*Color of index 190*/
  0x00, 0x15, 0x37, 0xff, 	/*Color of index 191*/
  0x00, 0x13, 0x32, 0xff, 	/*Color of index 192*/
  0x00, 0x11, 0x2c, 0xff, 	/*Color of index 193*/
  0x00, 0x0f, 0x26, 0xff, 	/*Color of index 194*/
  0x0b, 0x10, 0x15, 0xff, 	/*Color of index 195*/
  0x00, 0x0d, 0x20, 0xff, 	/*Color of index 196*/
  0x00, 0x0a, 0x1a, 0xff, 	/*Color of index 197*/
  0x00, 0x08, 0x15, 0xff, 	/*Color of index 198*/
  0x00, 0x06, 0x0d, 0xff, 	/*Color of index 199*/
  0x00, 0x05, 0x10, 0xff, 	/*Color of index 200*/
  0x00, 0x03, 0x07, 0xff, 	/*Color of index 201*/
  0xa6, 0xa7, 0xa6, 0xff, 	/*Color of index 202*/
  0x2a, 0x2b, 0x2a, 0xff, 	/*Color of index 203*/
  0x22, 0x23, 0x22, 0xff, 	/*Color of index 204*/
  0x1d, 0x1e, 0x1d, 0xff, 	/*Color of index 205*/
  0x18, 0x19, 0x18, 0xff, 	/*Color of index 206*/
  0x0f, 0x10, 0x0f, 0xff, 	/*Color of index 207*/
  0x04, 0x05, 0x04, 0xff, 	/*Color of index 208*/
  0x3d, 0x3e, 0x3c, 0xff, 	/*Color of index 209*/
  0x2f, 0x30, 0x2e, 0xff, 	/*Color of index 210*/
  0xab, 0xaa, 0xa6, 0xff, 	/*Color of index 211*/
  0xa7, 0xa6, 0xa2, 0xff, 	/*Color of index 212*/
  0xa2, 0xa1, 0x9d, 0xff, 	/*Color of index 213*/
  0x9e, 0x9e, 0x9b, 0xff, 	/*Color of index 214*/
  0x9a, 0x99, 0x95, 0xff, 	/*Color of index 215*/
  0x97, 0x96, 0x92, 0xff, 	/*Color of index 216*/
  0x94, 0x94, 0x93, 0xff, 	/*Color of index 217*/
  0x92, 0x91, 0x8d, 0xff, 	/*Color of index 218*/
  0x8e, 0x8d, 0x8a, 0xff, 	/*Color of index 219*/
  0x8b, 0x8b, 0x89, 0xff, 	/*Color of index 220*/
  0x8a, 0x89, 0x85, 0xff, 	/*Color of index 221*/
  0x86, 0x85, 0x82, 0xff, 	/*Color of index 222*/
  0x83, 0x83, 0x81, 0xff, 	/*Color of index 223*/
  0x81, 0x80, 0x7c, 0xff, 	/*Color of index 224*/
  0x7e, 0x7d, 0x7a, 0xff, 	/*Color of index 225*/
  0x79, 0x79, 0x76, 0xff, 	/*Color of index 226*/
  0x70, 0x70, 0x6d, 0xff, 	/*Color of index 227*/
  0x6f, 0x6e, 0x6a, 0xff, 	/*Color of index 228*/
  0x66, 0x66, 0x65, 0xff, 	/*Color of index 229*/
  0x53, 0x53, 0x52, 0xff, 	/*Color of index 230*/
  0x51, 0x51, 0x50, 0xff, 	/*Color of index 231*/
  0x50, 0x50, 0x4f, 0xff, 	/*Color of index 232*/
  0x4e, 0x4e, 0x4d, 0xff, 	/*Color of index 233*/
  0x4b, 0x4b, 0x4a, 0xff, 	/*Color of index 234*/
  0x47, 0x47, 0x46, 0xff, 	/*Color of index 235*/
  0x40, 0x40, 0x3f, 0xff, 	/*Color of index 236*/
  0x3c, 0x3c, 0x3b, 0xff, 	/*Color of index 237*/
  0x25, 0x25, 0x24, 0xff, 	/*Color of index 238*/
  0x20, 0x20, 0x1f, 0xff, 	/*Color of index 239*/
  0x0b, 0x0b, 0x0a, 0xff, 	/*Color of index 240*/
  0x76, 0x75, 0x73, 0xff, 	/*Color of index 241*/
  0x73, 0x72, 0x71, 0xff, 	/*Color of index 242*/
  0x6c, 0x6b, 0x6a, 0xff, 	/*Color of index 243*/
  0x69, 0x68, 0x66, 0xff, 	/*Color of index 244*/
  0x61, 0x60, 0x5f, 0xff, 	/*Color of index 245*/
  0x58, 0x57, 0x56, 0xff, 	/*Color of index 246*/
  0x56, 0x55, 0x54, 0xff, 	/*Color of index 247*/
  0x7b, 0x7a, 0x7a, 0xff, 	/*Color of index 248*/
  0x63, 0x62, 0x62, 0xff, 	/*Color of index 249*/
  0x5e, 0x5d, 0x5d, 0xff, 	/*Color of index 250*/
  0x5b, 0x5a, 0x5a, 0xff, 	/*Color of index 251*/
  0x43, 0x42, 0x42, 0xff, 	/*Color of index 252*/
  0xad, 0xac, 0xad, 0xff, 	/*Color of index 253*/
  0x97, 0x96, 0x97, 0xff, 	/*Color of index 254*/
  0xb3, 0xb2, 0xb5, 0xff, 	/*Color of index 255*/

  0x28, 0x28, 0x28, 0x28, 0x28, 0x28, 0x28, 0x28, 0x28, 0x28, 0x28, 0x28, 0x28, 0x28, 0x28, 0x28, 0x28, 0x28, 0x28, 0x28, 0x28, 0x28, 0x28, 0x28, 0x28, 0x28, 0x28, 0x28, 0x28, 0x28, 0x28, 0x28, 0x28, 0x28, 0x28, 0x28, 0x28, 0x28, 0x28, 0x28, 0x28, 0x28, 0x28, 0x28, 0x28, 0x28, 0x28, 0x28, 0x28, 0x28, 0x28, 0x28, 0x28, 0x28, 0x28, 0x28, 0x28, 0x28, 0x28, 0x28, 0x28, 0x28, 0x28, 0x28, 0x28, 0x28, 0x28, 0x28, 0x28, 0x28, 0x28, 0x28, 0x28, 0x28, 0x28, 0x28, 0x28, 0x28, 0x28, 0x28, 0x28, 0x28, 0x28, 0x28, 0x28, 0x28, 0x28, 0x28, 0x28, 0x28, 0x28, 0x28, 0x28, 0x28, 0x28, 0x28, 0x28, 0x28, 0x28, 0x28, 0x28, 0x28, 0x28, 0x28, 0x28, 0x28, 0xc9, 0xc7, 0xc7, 0xc6, 0xc5, 0xbf, 0xb6, 0xa6, 0x97, 0x8e, 0x8e, 0x8e, 0x8f, 0x8e, 0x8e, 0x8e, 0x8e, 0x8e, 0x8e, 0x8e, 0x8e, 0x8e, 0x8e, 0x8e, 0x8e, 0x8e, 0x8e, 0x8f, 0x91, 0xa3, 0xaf, 0xbd, 0xc4, 0xc5, 0xc7, 0xc7, 0xc9, 0x28, 0x28, 0x28, 0x28, 0x28, 0x28, 0x28, 0x28, 0x28, 0x28, 0x28, 0x28, 0x28, 0x28, 0x28, 0x28, 0x28, 0x28, 0x28, 0x28, 0x28, 0x28, 0x28, 0x28, 0x28, 0x28, 0x28, 0x28, 0x28, 0x28, 0x28, 0x28, 0x28, 0x28, 0x28, 0x28, 0x28, 0x28, 0x28, 0x28, 0x28, 0x28, 0x28, 0x28, 0x28, 0x28, 0x28, 0x28, 0x28, 0x28, 0x28, 0x28, 0x28, 0x28, 0x28, 0x28, 0x28, 0x28, 0x28, 0x28, 0x28, 0x28, 0x28, 0x28, 0x28, 0x28, 0x28, 0x28, 0x28, 0x28, 0x28, 0x28, 0x28, 0x28, 0x28, 0x28, 0x28, 0x28, 0x28, 0x28, 0x28, 0x28, 0x28, 0x28, 0x28, 0x28, 0x28, 0x28, 0x28, 0x28, 0x28, 0x28, 0x28, 0x28, 0x28, 0x28, 0x28, 0x28, 0x28, 0x28, 0x28, 0x28, 0x28, 0x28, 0x28, 0x28, 0x28, 0x28, 0x28, 0x28, 0x28, 0x28, 0x28, 0x28, 0x28, 0x28, 0x28, 0x28, 0x28, 0x28, 0x28, 0x28, 0x28, 0x28, 0x28, 0x28, 0x28, 0x28, 0x28, 0x28, 0x28, 0x28, 0x28, 0x28, 0x28, 0x28, 0x28, 0x28, 0x28, 0x28, 0x28, 0x28, 0x28, 0x28, 0x28, 0x28, 0x28, 0x28, 0x28, 0x28, 0x28, 0x28, 0x28, 0x28, 0x28, 0x28, 0x28, 0x28, 0x28, 0x28, 0x28, 0x28, 0x28, 0x28, 0x28, 0x28, 0x28, 0x28, 0x28, 0x28, 0x28, 0x28, 0x28, 0x28, 0x28, 0x28, 0x28, 0x28, 0x28, 0x28, 0x28, 0x28, 0x28, 0x28, 0x28, 0x28, 0x28, 0x28, 0x28, 0x28, 0x28, 0x28, 0x28, 0x28, 0x28, 0x28, 0x28, 0x28, 0x28, 0x28, 0x28, 0x28, 0x28, 0x28, 0x28, 0x28, 0x28, 0x28, 0x28, 0x28, 0x28, 0x28, 0x28, 0x28, 0x28, 0x28, 0x28, 0x28, 0x28, 0x28, 0x28, 0x28, 0x28, 0x28, 0x28, 0x28, 0x28, 0x28, 0x28, 0x28, 0x28, 0x28, 0x28, 0x28, 0x28, 0x28, 0x28, 0x28, 0x28, 0x28, 0x28, 0x28, 0x28, 0x28, 0x28, 0x28, 0x28, 0x28, 0x28, 0x28, 0x28, 0x28, 0x28, 0x28, 0x28, 0x28, 0x28, 0x28, 0x28, 0x28, 0x28, 0x28, 0x28, 0x28, 0x28, 0x28, 0x28, 0x28, 0x28, 0x28, 0x28, 0x28, 0x28, 0x28, 0x28, 0x28, 0x28, 0x28, 0x28, 0x28, 0x28, 0x28, 0x28, 0x28, 0x28, 0x28, 0x28, 0x28, 0x28, 0x28, 0x28, 0x28, 0x28, 0x28, 0x28, 0x28, 0x28, 0x28, 0x28, 0x28, 0x28, 0x28, 0x28, 0x28, 0x28, 0x28, 0x28, 0x28, 0x28, 0x28, 0x28, 0x28, 0x28, 0x28, 0x28, 0x28, 0x28, 0x28, 0x28, 0x28, 0x28, 0x28, 0x28, 0x28, 0x28, 0x28, 0x28, 0x28, 0x28, 0x28, 0x28, 0x28, 0x28, 0x28, 0x28, 0x28, 0x28, 
  0x28, 0x28, 0x28, 0x28, 0x28, 0x28, 0x28, 0x28, 0x28, 0x28, 0x28, 0x28, 0x28, 0x28, 0x28, 0x28, 0x28, 0x28, 0x28, 0x28, 0x28, 0x28, 0x28, 0x28, 0x28, 0x28, 0x28, 0x28, 0x28, 0x28, 0x28, 0x28, 0x28, 0x28, 0x28, 0x28, 0x28, 0x28, 0x28, 0x28, 0x28, 0x28, 0x28, 0x28, 0x28, 0x28, 0x28, 0x28, 0x28, 0x28, 0x28, 0x28, 0x28, 0x28, 0x28, 0x28, 0x28, 0x28, 0x28, 0x28, 0x28, 0x28, 0x28, 0x28, 0x28, 0x28, 0x28, 0x28, 0x28, 0x28, 0x28, 0x28, 0x28, 0x28, 0x28, 0x28, 0x28, 0x28, 0x28, 0x28, 0x28, 0x28, 0x28, 0x28, 0x28, 0x28, 0x28, 0x28, 0x28, 0x28, 0x28, 0x28, 0x28, 0x28, 0x28, 0x28, 0x28, 0x28, 0x28, 0x28, 0x28, 0xc9, 0xc9, 0xc1, 0xa5, 0x8e, 0x8e, 0x8f, 0x8e, 0x8e, 0x8e, 0x8f, 0x8e, 0x8f, 0x8f, 0x8e, 0x8f, 0x8e, 0x8e, 0x8e, 0x8f, 0x8e, 0x8f, 0x8e, 0x8f, 0x8e, 0x8f, 0x8e, 0x8f, 0x8e, 0x8e, 0x8f, 0x8e, 0x8f, 0x8e, 0x8e, 0x8e, 0x8e, 0x8e, 0x8f, 0x8e, 0x8f, 0x8e, 0x8e, 0x9b, 0xbb, 0xc7, 0xc9, 0x28, 0x28, 0x28, 0x28, 0x28, 0x28, 0x28, 0x28, 0x28, 0x28, 0x28, 0x28, 0x28, 0x28, 0x28, 0x28, 0x28, 0x28, 0x28, 0x28, 0x28, 0x28, 0x28, 0x28, 0x28, 0x28, 0x28, 0x28, 0x28, 0x28, 0x28, 0x28, 0x28, 0x28, 0x28, 0x28, 0x28, 0x28, 0x28, 0x28, 0x28, 0x28, 0x28, 0x28, 0x28, 0x28, 0x28, 0x28, 0x28, 0x28, 0x28, 0x28, 0x28, 0x28, 0x28, 0x28, 0x28, 0x28, 0x28, 0x28, 0x28, 0x28, 0x28, 0x28, 0x28, 0x28, 0x28, 0x28, 0x28, 0x28, 0x28, 0x28, 0x28, 0x28, 0x28, 0x28, 0x28, 0x28, 0x28, 0x28, 0x28, 0x28, 0x28, 0x28, 0x28, 0x28, 0x28, 0x28, 0x28, 0x28, 0x28, 0x28, 0x28, 0x28, 0x28, 0x28, 0x28, 0x28, 0x28, 0x28, 0x28, 0x28, 0x28, 0x28, 0x28, 0x28, 0x28, 0x28, 0x28, 0x28, 0x28, 0x28, 0x28, 0x28, 0x28, 0x28, 0x28, 0x28, 0x28, 0x28, 0x28, 0x28, 0x28, 0x28, 0x28, 0x28, 0x28, 0x28, 0x28, 0x28, 0x28, 0x28, 0x28, 0x28, 0x28, 0x28, 0x28, 0x28, 0x28, 0x28, 0x28, 0x28, 0x28, 0x28, 0x28, 0x28, 0x28, 0x28, 0x28, 0x28, 0x28, 0x28, 0x28, 0x28, 0x28, 0x28, 0x28, 0x28, 0x28, 0x28, 0x28, 0x28, 0x28, 0x28, 0x28, 0x28, 0x28, 0x28, 0x28, 0x28, 0x28, 0x28, 0x28, 0x28, 0x28, 0x28, 0x28, 0x28, 0x28, 0x28, 0x28, 0x28, 0x28, 0x28, 0x28, 0x28, 0x28, 0x28, 0x28, 0x28, 0x28, 0x28, 0x28, 0x28, 0x28, 0x28, 0x28, 0x28, 0x28, 0x28, 0x28, 0x28, 0x28, 0x28, 0x28, 0x28, 0x28, 0x28, 0x28, 0x28, 0x28, 0x28, 0x28, 0x28, 0x28, 0x28, 0x28, 0x28, 0x28, 0x28, 0x28, 0x28, 0x28, 0x28, 0x28, 0x28, 0x28, 0x28, 0x28, 0x28, 0x28, 0x28, 0x28, 0x28, 0x28, 0x28, 0x28, 0x28, 0x28, 0x28, 0x28, 0x28, 0x28, 0x28, 0x28, 0x28, 0x28, 0x28, 0x28, 0x28, 0x28, 0x28, 0x28, 0x28, 0x28, 0x28, 0x28, 0x28, 0x28, 0x28, 0x28, 0x28, 0x28, 0x28, 0x28, 0x28, 0x28, 0x28, 0x28, 0x28, 0x28, 0x28, 0x28, 0x28, 0x28, 0x28, 0x28, 0x28, 0x28, 0x28, 0x28, 0x28, 0x28, 0x28, 0x28, 0x28, 0x28, 0x28, 0x28, 0x28, 0x28, 0x28, 0x28, 0x28, 0x28, 0x28, 0x28, 0x28, 0x28, 0x28, 0x28, 0x28, 0x28, 0x28, 0x28, 0x28, 0x28, 0x28, 0x28, 0x28, 0x28, 0x28, 0x28, 0x28, 0x28, 0x28, 0x28, 0x28, 0x28, 0x28, 0x28, 0x28, 0x28, 0x28, 0x28, 0x28, 0x28, 0x28, 0x28, 0x28, 0x28, 0x28, 
  0x28, 0x28, 0x28, 0x28, 0x28, 0x28, 0x28, 0x28, 0x28, 0x28, 0x28, 0x28, 0x28, 0x28, 0x28, 0x28, 0x28, 0x28, 0x28, 0x28, 0x28, 0x28, 0x28, 0x28, 0x28, 0x28, 0x28, 0x28, 0x28, 0x28, 0x28, 0x28, 0x28, 0x28, 0x28, 0x28, 0x28, 0x28, 0x28, 0x28, 0x28, 0x28, 0x28, 0x28, 0x28, 0x28, 0x28, 0x28, 0x28, 0x28, 0x28, 0x28, 0x28, 0x28, 0x28, 0x28, 0x28, 0x28, 0x28, 0x28, 0x28, 0x28, 0x28, 0x28, 0x28, 0x28, 0x28, 0x28, 0x28, 0x28, 0x28, 0x28, 0x28, 0x28, 0x28, 0x28, 0x28, 0x28, 0x28, 0x28, 0x28, 0x28, 0x28, 0x28, 0x28, 0x28, 0x28, 0x28, 0x28, 0x28, 0x28, 0x28, 0x28, 0x28, 0x28, 0x28, 0x28, 0x28, 0xc4, 0x9c, 0x90, 0x90, 0x8f, 0x8e, 0x8e, 0x8e, 0x8f, 0x8e, 0x8f, 0x8e, 0x8f, 0x8e, 0x8e, 0x8e, 0x8e, 0x8f, 0x8e, 0x8f, 0x8e, 0x8f, 0x8e, 0x8e, 0x8e, 0x8e, 0x8e, 0x8e, 0x8e, 0x8e, 0x8e, 0x8f, 0x8e, 0x8f, 0x8e, 0x8e, 0x8f, 0x8e, 0x8f, 0x8e, 0x8f, 0x8f, 0x8e, 0x8e, 0x8f, 0x8e, 0x8e, 0x8e, 0x8e, 0x90, 0x90, 0x91, 0xba, 0x28, 0x28, 0x28, 0x28, 0x28, 0x28, 0x28, 0x28, 0x28, 0x28, 0x28, 0x28, 0x28, 0x28, 0x28, 0x28, 0x28, 0x28, 0x28, 0x28, 0x28, 0x28, 0x28, 0x28, 0x28, 0x28, 0x28, 0x28, 0x28, 0x28, 0x28, 0x28, 0x28, 0x28, 0x28, 0x28, 0x28, 0x28, 0x28, 0x28, 0x28, 0x28, 0x28, 0x28, 0x28, 0x28, 0x28, 0x28, 0x28, 0x28, 0x28, 0x28, 0x28, 0x28, 0x28, 0x28, 0x28, 0x28, 0x28, 0x28, 0x28, 0x28, 0x28, 0x28, 0x28, 0x28, 0x28, 0x28, 0x28, 0x28, 0x28, 0x28, 0x28, 0x28, 0x28, 0x28, 0x28, 0x28, 0x28, 0x28, 0x28, 0x28, 0x28, 0x28, 0x28, 0x28, 0x28, 0x28, 0x28, 0x28, 0x28, 0x28, 0x28, 0x28, 0x28, 0x28, 0x28, 0x28, 0x28, 0x28, 0x28, 0x28, 0x28, 0x28, 0x28, 0x28, 0x28, 0x28, 0x28, 0x28, 0x28, 0x28, 0x28, 0x28, 0x28, 0x28, 0x28, 0x28, 0x28, 0x28, 0x28, 0x28, 0x28, 0x28, 0x28, 0x28, 0x28, 0x28, 0x28, 0x28, 0x28, 0x28, 0x28, 0x28, 0x28, 0x28, 0x28, 0x28, 0x28, 0x28, 0x28, 0x28, 0x28, 0x28, 0x28, 0x28, 0x28, 0x28, 0x28, 0x28, 0x28, 0x28, 0x28, 0x28, 0x28, 0x28, 0x28, 0x28, 0x28, 0x28, 0x28, 0x28, 0x28, 0x28, 0x28, 0x28, 0x28, 0x28, 0x28, 0x28, 0x28, 0x28, 0x28, 0x28, 0x28, 0x28, 0x28, 0x28, 0x28, 0x28, 0x28, 0x28, 0x28, 0x28, 0x28, 0x28, 0x28, 0x28, 0x28, 0x28, 0x28, 0x28, 0x28, 0x28, 0x28, 0x28, 0x28, 0x28, 0x28, 0x28, 0x28, 0x28, 0x28, 0x28, 0x28, 0x28, 0x28, 0x28, 0x28, 0x28, 0x28, 0x28, 0x28, 0x28, 0x28, 0x28, 0x28, 0x28, 0x28, 0x28, 0x28, 0x28, 0x28, 0x28, 0x28, 0x28, 0x28, 0x28, 0x28, 0x28, 0x28, 0x28, 0x28, 0x28, 0x28, 0x28, 0x28, 0x28, 0x28, 0x28, 0x28, 0x28, 0x28, 0x28, 0x28, 0x28, 0x28, 0x28, 0x28, 0x28, 0x28, 0x28, 0x28, 0x28, 0x28, 0x28, 0x28, 0x28, 0x28, 0x28, 0x28, 0x28, 0x28, 0x28, 0x28, 0x28, 0x28, 0x28, 0x28, 0x28, 0x28, 0x28, 0x28, 0x28, 0x28, 0x28, 0x28, 0x28, 0x28, 0x28, 0x28, 0x28, 0x28, 0x28, 0x28, 0x28, 0x28, 0x28, 0x28, 0x28, 0x28, 0x28, 0x28, 0x28, 0x28, 0x28, 0x28, 0x28, 0x28, 0x28, 0x28, 0x28, 0x28, 0x28, 0x28, 0x28, 0x28, 0x28, 0x28, 0x28, 0x28, 0x28, 0x28, 0x28, 0x28, 0x28, 0x28, 0x28, 0x28, 0x28, 0x28, 0x28, 0x28, 0x28, 0x28, 0x28, 0x28, 0x28, 0x28, 
  0x28, 0x28, 0x28, 0x28, 0x28, 0x28, 0x28, 0x28, 0x28, 0x28, 0x28, 0x28, 0x28, 0x28, 0x28, 0x28, 0x28, 0x28, 0x28, 0x28, 0x28, 0x28, 0x28, 0x28, 0x28, 0x28, 0x28, 0x28, 0x28, 0x28, 0x28, 0x28, 0x28, 0x28, 0x28, 0x28, 0x28, 0x28, 0x28, 0x28, 0x28, 0x28, 0x28, 0x28, 0x28, 0x28, 0x28, 0x28, 0x28, 0x28, 0x28, 0x28, 0x28, 0x28, 0x28, 0x28, 0x28, 0x28, 0x28, 0x28, 0x28, 0x28, 0x28, 0x28, 0x28, 0x28, 0x28, 0x28, 0x28, 0x28, 0x28, 0x28, 0x28, 0x28, 0x28, 0x28, 0x28, 0x28, 0x28, 0x28, 0x28, 0x28, 0x28, 0x28, 0x28, 0x28, 0x28, 0x28, 0x28, 0x28, 0x28, 0x28, 0x28, 0x28, 0xba, 0x9c, 0x9a, 0x90, 0x8e, 0x8f, 0x8e, 0x8e, 0x8f, 0x8e, 0x8f, 0x8e, 0x8e, 0x8f, 0x8e, 0x8f, 0x8e, 0x8f, 0x8f, 0x8e, 0x8f, 0x8e, 0x8e, 0x8e, 0x8e, 0x8e, 0x8e, 0x8f, 0x8e, 0x8f, 0x8e, 0x8f, 0x8e, 0x8f, 0x8e, 0x8e, 0x8f, 0x8e, 0x8f, 0x8e, 0x8e, 0x8e, 0x8e, 0x8f, 0x8e, 0x8e, 0x8f, 0x8f, 0x8e, 0x8f, 0x8f, 0x8e, 0x8f, 0x8f, 0x8e, 0x8e, 0x8e, 0x8f, 0x97, 0x9c, 0xad, 0xc7, 0x28, 0x28, 0x28, 0x28, 0x28, 0x28, 0x28, 0x28, 0x28, 0x28, 0x28, 0x28, 0x28, 0x28, 0x28, 0x28, 0x28, 0x28, 0x28, 0x28, 0x28, 0x28, 0x28, 0x28, 0x28, 0x28, 0x28, 0x28, 0x28, 0x28, 0x28, 0x28, 0x28, 0x28, 0x28, 0x28, 0x28, 0x28, 0x28, 0x28, 0x28, 0x28, 0x28, 0x28, 0x28, 0x28, 0x28, 0x28, 0x28, 0x28, 0x28, 0x28, 0x28, 0x28, 0x28, 0x28, 0x28, 0x28, 0x28, 0x28, 0x28, 0x28, 0x28, 0x28, 0x28, 0x28, 0x28, 0x28, 0x28, 0x28, 0x28, 0x28, 0x28, 0x28, 0x28, 0x28, 0x28, 0x28, 0x28, 0x28, 0x28, 0x28, 0x28, 0x28, 0x28, 0x28, 0x28, 0x28, 0x28, 0x28, 0x28, 0x28, 0x28, 0x28, 0x28, 0x28, 0x28, 0x28, 0x28, 0x28, 0x28, 0x28, 0x28, 0x28, 0x28, 0x28, 0x28, 0x28, 0xc8, 0x6a, 0x6a, 0x6a, 0x6a, 0x6a, 0x28, 0x28, 0x28, 0x28, 0x28, 0x28, 0x28, 0x28, 0x28, 0x6e, 0x6a, 0x6a, 0x6a, 0x6a, 0x6a, 0x6a, 0x6a, 0x6a, 0x6a, 0x6a, 0x6a, 0x6a, 0x6a, 0x6a, 0x6a, 0x6a, 0x6a, 0x6a, 0x6a, 0x6a, 0x6a, 0x70, 0x28, 0x28, 0x28, 0x28, 0x28, 0x28, 0x28, 0x28, 0x28, 0x28, 0x28, 0x6e, 0x6a, 0x6a, 0x6a, 0x6a, 0x6a, 0x28, 0x28, 0x28, 0x28, 0x28, 0x28, 0x28, 0x28, 0x28, 0x28, 0x28, 0x28, 0x28, 0x28, 0x28, 0x28, 0x28, 0x28, 0x28, 0xc9, 0x6a, 0x6a, 0x6a, 0x6a, 0x6a, 0x6a, 0xc9, 0x28, 0x28, 0x28, 0x28, 0x28, 0x28, 0xc9, 0x6a, 0x6a, 0x6a, 0x6a, 0x6a, 0x6a, 0x6e, 0x28, 0x28, 0x28, 0x28, 0x28, 0x28, 0x28, 0x28, 0x28, 0x28, 0x28, 0x28, 0x28, 0x28, 0x28, 0x28, 0x6c, 0x6a, 0x6a, 0x6a, 0x6a, 0x6a, 0x6f, 0x28, 0x28, 0x28, 0x28, 0x28, 0x28, 0x28, 0x28, 0x28, 0x28, 0x28, 0x28, 0x28, 0x28, 0x28, 0x28, 0x28, 0x28, 0x28, 0x28, 0x28, 0x28, 0x28, 0x28, 0x28, 0x28, 0x28, 0x28, 0x28, 0x28, 0x28, 0x28, 0x28, 0x28, 0x28, 0x28, 0x28, 0x28, 0x28, 0x28, 0x28, 0x28, 0x28, 0x28, 0x28, 0x28, 0x28, 0x28, 0x28, 0x28, 0x28, 0x28, 0x28, 0x28, 0x28, 0x28, 0x28, 0x28, 0x28, 0x28, 0x28, 0x28, 0x28, 0x28, 0x28, 0x28, 0x28, 0x28, 0x28, 0x28, 0x28, 0x28, 0x28, 0x28, 0x28, 0x28, 0x28, 0x28, 0x28, 0x28, 0x28, 0x28, 0x28, 0x28, 0x28, 0x28, 0x28, 0x28, 0x28, 0x28, 0x28, 0x28, 0x28, 0x28, 0x28, 0x28, 0x28, 
  0x28, 0x28, 0x28, 0x28, 0x28, 0x28, 0x28, 0x28, 0x28, 0x28, 0x28, 0x28, 0x28, 0x28, 0x28, 0x28, 0x28, 0x28, 0x28, 0x28, 0x28, 0x28, 0x28, 0x28, 0x28, 0x28, 0x28, 0x28, 0x28, 0x28, 0x28, 0x28, 0x28, 0x28, 0x28, 0x28, 0x28, 0x28, 0x28, 0x28, 0x28, 0x28, 0x28, 0x28, 0x28, 0x28, 0x28, 0x28, 0x28, 0x28, 0x28, 0x28, 0x28, 0x28, 0x28, 0x28, 0x28, 0x28, 0x28, 0x28, 0x28, 0x28, 0x28, 0x28, 0x28, 0x28, 0x28, 0x28, 0x28, 0x28, 0x28, 0x28, 0x28, 0x28, 0x28, 0x28, 0x28, 0x28, 0x28, 0x28, 0x28, 0x28, 0x28, 0x28, 0x28, 0x28, 0x28, 0x28, 0x28, 0xc9, 0xaf, 0xa3, 0x9e, 0x8f, 0x8e, 0x8f, 0x8e, 0x8e, 0x8e, 0x8e, 0x8f, 0x8e, 0x8f, 0x8e, 0x8f, 0x8e, 0x8f, 0x8e, 0x97, 0xac, 0xb7, 0xbd, 0xbd, 0xbf, 0xc0, 0xc2, 0xc4, 0xc5, 0xc8, 0xc8, 0xc8, 0xc9, 0xc9, 0x28, 0x28, 0x28, 0xc9, 0xc9, 0xc9, 0xc7, 0xc8, 0xc6, 0xc4, 0xc2, 0xc1, 0xbf, 0xbe, 0xbd, 0xbb, 0xae, 0x9f, 0x8f, 0x8f, 0x8e, 0x8e, 0x8e, 0x8e, 0x8f, 0x8e, 0x8f, 0x8e, 0x8f, 0x8e, 0x8e, 0x8e, 0x8e, 0x9a, 0xa0, 0xaa, 0xc4, 0x28, 0x28, 0x28, 0x28, 0x28, 0x28, 0x28, 0x28, 0x28, 0x28, 0x28, 0x28, 0x28, 0x28, 0x28, 0x28, 0x28, 0x28, 0x28, 0x28, 0x28, 0x28, 0x28, 0x28, 0x28, 0x28, 0x28, 0x28, 0x28, 0x28, 0x28, 0x28, 0x28, 0x28, 0x28, 0x28, 0x28, 0x28, 0x28, 0x28, 0x28, 0x28, 0x28, 0x28, 0x28, 0x28, 0x28, 0x28, 0x28, 0x28, 0x28, 0x28, 0x28, 0x28, 0x28, 0x28, 0x28, 0x28, 0x28, 0x28, 0x28, 0x28, 0x28, 0x28, 0x28, 0x28, 0x28, 0x28, 0x28, 0x28, 0x28, 0x28, 0x28, 0x28, 0x28, 0x28, 0x28, 0x28, 0x28, 0x28, 0x28, 0x28, 0x28, 0x28, 0x28, 0x28, 0x28, 0x28, 0x28, 0x28, 0x28, 0x28, 0x28, 0x28, 0x28, 0x28, 0x28, 0x28, 0x28, 0x28, 0x28, 0xc9, 0x6a, 0x60, 0x52, 0x52, 0x52, 0x52, 0x52, 0x52, 0x67, 0x28, 0x28, 0x28, 0x28, 0x28, 0x28, 0x28, 0x28, 0x64, 0x52, 0x52, 0x52, 0x52, 0x52, 0x52, 0x52, 0x52, 0x52, 0x52, 0x52, 0x52, 0x52, 0x52, 0x52, 0x52, 0x52, 0x52, 0x52, 0x52, 0x52, 0x6a, 0x28, 0x28, 0x28, 0x28, 0x28, 0x28, 0x28, 0x28, 0x6e, 0x64, 0x5b, 0x52, 0x52, 0x52, 0x52, 0x52, 0x56, 0x28, 0x28, 0x28, 0x28, 0x28, 0x28, 0x28, 0x28, 0x28, 0x28, 0x28, 0x28, 0x28, 0x28, 0x28, 0x28, 0x28, 0x28, 0x28, 0x64, 0x52, 0x52, 0x52, 0x52, 0x52, 0x52, 0x6c, 0x28, 0x28, 0x28, 0x28, 0x28, 0x28, 0xc9, 0x5b, 0x52, 0x52, 0x52, 0x52, 0x52, 0x5b, 0xc9, 0x28, 0x28, 0x28, 0x28, 0x28, 0x28, 0x28, 0x28, 0x28, 0x28, 0x28, 0x28, 0x28, 0x28, 0x6e, 0x52, 0x52, 0x52, 0x52, 0x52, 0x52, 0x64, 0x28, 0x28, 0x28, 0x28, 0x28, 0x28, 0x28, 0x28, 0x28, 0x28, 0x28, 0x28, 0x28, 0x28, 0x28, 0x28, 0x28, 0x28, 0x28, 0x28, 0x28, 0x28, 0x28, 0x28, 0x28, 0x28, 0x28, 0x28, 0x28, 0x28, 0x28, 0x28, 0x28, 0x28, 0x28, 0x28, 0x28, 0x28, 0x28, 0x28, 0x28, 0x28, 0x28, 0x28, 0x28, 0x28, 0x28, 0x28, 0x28, 0x28, 0x28, 0x28, 0x28, 0x28, 0x28, 0x28, 0x28, 0x28, 0x28, 0x28, 0x28, 0x28, 0x28, 0x28, 0x28, 0x28, 0x28, 0x28, 0x28, 0x28, 0x28, 0x28, 0x28, 0x28, 0x28, 0x28, 0x28, 0x28, 0x28, 0x28, 0x28, 0x28, 0x28, 0x28, 0x28, 0x28, 0x28, 0x28, 0x28, 0x28, 0x28, 0x28, 0x28, 0x28, 0x28, 0x28, 0x28, 
  0x28, 0x28, 0x28, 0x28, 0x28, 0x28, 0x28, 0x28, 0x28, 0x28, 0x28, 0x28, 0x28, 0x28, 0x28, 0x28, 0x28, 0x28, 0x28, 0x28, 0x28, 0x28, 0x28, 0x28, 0x28, 0x28, 0x28, 0x28, 0x28, 0x28, 0x28, 0x28, 0x28, 0x28, 0x28, 0x28, 0x28, 0x28, 0x28, 0x28, 0x28, 0x28, 0x28, 0x28, 0x28, 0x28, 0x28, 0x28, 0x28, 0x28, 0x28, 0x28, 0x28, 0x28, 0x28, 0x28, 0x28, 0x28, 0x28, 0x28, 0x28, 0x28, 0x28, 0x28, 0x28, 0x28, 0x28, 0x28, 0x28, 0x28, 0x28, 0x28, 0x28, 0x28, 0x28, 0x28, 0x28, 0x28, 0x28, 0x28, 0x28, 0x28, 0x28, 0x28, 0x28, 0x28, 0xc9, 0xbb, 0xa6, 0x90, 0x8e, 0x8e, 0x8e, 0x8f, 0x8f, 0x8e, 0x8f, 0x8e, 0x8f, 0x8e, 0x8e, 0x8f, 0x9a, 0xaa, 0xad, 0xbb, 0xc1, 0xc6, 0x28, 0x28, 0x28, 0x28, 0x28, 0x28, 0x28, 0x28, 0x28, 0x28, 0x28, 0x28, 0x28, 0x28, 0x28, 0x28, 0x28, 0x28, 0x28, 0x28, 0x28, 0x28, 0x28, 0x28, 0x28, 0x28, 0x28, 0x28, 0x28, 0x28, 0x28, 0x28, 0x28, 0xc9, 0xc4, 0xbd, 0xb1, 0xaa, 0xa0, 0x8f, 0x8e, 0x8e, 0x8f, 0x8e, 0x8f, 0x8e, 0x8f, 0x8e, 0x8f, 0x8f, 0x8e, 0x8f, 0x9c, 0xb2, 0xc5, 0x28, 0x28, 0x28, 0x28, 0x28, 0x28, 0x28, 0x28, 0x28, 0x28, 0x28, 0x28, 0x28, 0x28, 0x28, 0x28, 0x28, 0x28, 0x28, 0x28, 0x28, 0x28, 0x28, 0x28, 0x28, 0x28, 0x28, 0x28, 0x28, 0x28, 0x28, 0x28, 0x28, 0x28, 0x28, 0x28, 0x28, 0x28, 0x28, 0x28, 0x28, 0x28, 0x28, 0x28, 0x28, 0x28, 0x28, 0x28, 0x28, 0x28, 0x28, 0x28, 0x28, 0x28, 0x28, 0x28, 0x28, 0x28, 0x28, 0x28, 0x28, 0x28, 0x28, 0x28, 0x28, 0x28, 0x28, 0x28, 0x28, 0x28, 0x28, 0x28, 0x28, 0x28, 0x28, 0x28, 0x28, 0x28, 0x28, 0x28, 0x28, 0x28, 0x28, 0x28, 0x28, 0x28, 0x28, 0x28, 0x28, 0x28, 0x28, 0x28, 0x28, 0x28, 0x28, 0xc9, 0x6c, 0x60, 0x52, 0x52, 0x52, 0x52, 0x52, 0x52, 0x52, 0x52, 0x52, 0x67, 0x28, 0x28, 0x28, 0x28, 0x28, 0x28, 0x28, 0x28, 0x61, 0x52, 0x52, 0x52, 0x52, 0x52, 0x52, 0x52, 0x52, 0x52, 0x52, 0x52, 0x52, 0x52, 0x52, 0x52, 0x52, 0x52, 0x52, 0x52, 0x52, 0x52, 0x6c, 0x28, 0x28, 0x28, 0x28, 0x28, 0x6f, 0x65, 0x5b, 0x52, 0x52, 0x52, 0x52, 0x52, 0x52, 0x52, 0x52, 0x56, 0x28, 0x28, 0x28, 0x28, 0x28, 0x28, 0x28, 0x28, 0x28, 0x28, 0x28, 0x28, 0x28, 0x28, 0x28, 0x28, 0x28, 0x28, 0x6e, 0x52, 0x52, 0x52, 0x52, 0x52, 0x52, 0x60, 0x28, 0x28, 0x28, 0x28, 0x28, 0x28, 0x28, 0x28, 0x6c, 0x52, 0x52, 0x52, 0x52, 0x52, 0x52, 0x65, 0x28, 0x28, 0x28, 0x28, 0x28, 0x28, 0x28, 0x28, 0x28, 0x28, 0x28, 0x28, 0x28, 0x28, 0x5b, 0x52, 0x52, 0x52, 0x52, 0x52, 0x56, 0xc9, 0x28, 0x28, 0x28, 0x28, 0x28, 0x28, 0x28, 0x28, 0x28, 0x28, 0x28, 0x28, 0x28, 0x28, 0x28, 0x28, 0x28, 0x28, 0x28, 0x28, 0x28, 0x28, 0x28, 0x28, 0x28, 0x28, 0x28, 0x28, 0x28, 0x28, 0x28, 0x28, 0x28, 0x28, 0x28, 0x28, 0x28, 0x28, 0x28, 0x28, 0x28, 0x28, 0x28, 0x28, 0x28, 0x28, 0x28, 0x28, 0x28, 0x28, 0x28, 0x28, 0x28, 0x28, 0x28, 0x28, 0x28, 0x28, 0x28, 0x28, 0x28, 0x28, 0x28, 0x28, 0x28, 0x28, 0x28, 0x28, 0x28, 0x28, 0x28, 0x28, 0x28, 0x28, 0x28, 0x28, 0x28, 0x28, 0x28, 0x28, 0x28, 0x28, 0x28, 0x28, 0x28, 0x28, 0x28, 0x28, 0x28, 0x28, 0x28, 0x28, 0x28, 0x28, 0x28, 0x28, 0x28, 
  0x28, 0x28, 0x28, 0x28, 0x28, 0x28, 0x28, 0x28, 0x28, 0x28, 0x28, 0x28, 0x28, 0x28, 0x28, 0x28, 0x28, 0x28, 0x28, 0x28, 0x28, 0x28, 0x28, 0x28, 0x28, 0x28, 0x28, 0x28, 0x28, 0x28, 0x28, 0x28, 0x28, 0x28, 0x28, 0x28, 0x28, 0x28, 0x28, 0x28, 0x28, 0x28, 0x28, 0x28, 0x28, 0x28, 0x28, 0x28, 0x28, 0x28, 0x28, 0x28, 0x28, 0x28, 0x28, 0x28, 0x28, 0x28, 0x28, 0x28, 0x28, 0x28, 0x28, 0x28, 0x28, 0x28, 0x28, 0x28, 0x28, 0x28, 0x28, 0x28, 0x28, 0x28, 0x28, 0x28, 0x28, 0x28, 0x28, 0x28, 0x28, 0x28, 0x28, 0x28, 0x6b, 0xad, 0x90, 0x8e, 0x8f, 0x8e, 0x8f, 0x8f, 0x8e, 0x8f, 0x8e, 0x8f, 0x8e, 0x8e, 0x90, 0xac, 0xbb, 0xc4, 0x28, 0x28, 0x28, 0x28, 0x28, 0x28, 0x28, 0x28, 0x28, 0x28, 0x28, 0x28, 0x28, 0x28, 0x28, 0x28, 0x28, 0x28, 0x28, 0x28, 0x28, 0x28, 0x28, 0x28, 0x28, 0x28, 0x28, 0x28, 0x28, 0x28, 0x28, 0x28, 0x28, 0x28, 0x28, 0x28, 0x28, 0x28, 0x28, 0x28, 0x28, 0x28, 0x28, 0x28, 0x28, 0xc7, 0xbd, 0xb2, 0x97, 0x8e, 0x8e, 0x8e, 0x8e, 0x8e, 0x8e, 0x8f, 0x8e, 0x8f, 0x8e, 0x8f, 0x8e, 0xa5, 0xb9, 0xc9, 0x28, 0x28, 0x28, 0x28, 0x28, 0x28, 0x28, 0x28, 0x28, 0x28, 0x28, 0x28, 0x28, 0x28, 0x28, 0x28, 0x28, 0x28, 0x28, 0x28, 0x28, 0x28, 0x28, 0x28, 0x28, 0x28, 0x28, 0x28, 0x28, 0x28, 0x28, 0x28, 0x28, 0x28, 0x28, 0x28, 0x28, 0x28, 0x28, 0x28, 0x28, 0x28, 0x28, 0x28, 0x28, 0x28, 0x28, 0x28, 0x28, 0x28, 0x28, 0x28, 0x28, 0x28, 0x28, 0x28, 0x28, 0x28, 0x28, 0x28, 0x28, 0x28, 0x28, 0x28, 0x28, 0x28, 0x28, 0x28, 0x28, 0x28, 0x28, 0x28, 0x28, 0x28, 0x28, 0x28, 0x28, 0x28, 0x28, 0x28, 0x28, 0x28, 0x28, 0x28, 0x28, 0x28, 0x28, 0x28, 0x28, 0x28, 0x6c, 0x61, 0x56, 0x52, 0x52, 0x4d, 0x52, 0x4d, 0x52, 0x4d, 0x52, 0x4d, 0x52, 0x52, 0x67, 0x28, 0x28, 0x28, 0x28, 0x28, 0x28, 0x28, 0x28, 0x60, 0x52, 0x4d, 0x52, 0x4d, 0x52, 0x52, 0x52, 0x4d, 0x52, 0x4d, 0x52, 0x4d, 0x52, 0x52, 0x52, 0x4d, 0x52, 0x4d, 0x52, 0x4d, 0x52, 0x6a, 0x28, 0x28, 0x70, 0x67, 0x59, 0x52, 0x52, 0x4d, 0x52, 0x4d, 0x52, 0x4d, 0x52, 0x4d, 0x52, 0x52, 0x56, 0x28, 0x28, 0x28, 0x28, 0x28, 0x28, 0x28, 0x28, 0x28, 0x28, 0x28, 0x28, 0x28, 0x28, 0x28, 0x28, 0x28, 0xc9, 0x5b, 0x52, 0x4d, 0x52, 0x52, 0x4d, 0x56, 0xc8, 0x28, 0x28, 0x28, 0x28, 0x28, 0x28, 0x28, 0x28, 0x28, 0x60, 0x52, 0x4d, 0x52, 0x4d, 0x52, 0x52, 0x6f, 0x28, 0x28, 0x28, 0x28, 0x28, 0x28, 0x28, 0x28, 0x28, 0x28, 0x28, 0x28, 0x67, 0x4d, 0x52, 0x4d, 0x52, 0x4d, 0x52, 0x6a, 0x28, 0x28, 0x28, 0x28, 0x28, 0x28, 0x28, 0x28, 0x28, 0x28, 0x28, 0x28, 0x28, 0x28, 0x28, 0x28, 0x28, 0x28, 0x28, 0x28, 0x28, 0x28, 0x28, 0x28, 0x28, 0x28, 0x28, 0x28, 0x28, 0x28, 0x28, 0x28, 0x28, 0x28, 0x28, 0x28, 0x28, 0x28, 0x28, 0x28, 0x28, 0x28, 0x28, 0x28, 0x28, 0x28, 0x28, 0x28, 0x28, 0x28, 0x28, 0x28, 0x28, 0x28, 0x28, 0x28, 0x28, 0x28, 0x28, 0x28, 0x28, 0x28, 0x28, 0x28, 0x28, 0x28, 0x28, 0x28, 0x28, 0x28, 0x28, 0x28, 0x28, 0x28, 0x28, 0x28, 0x28, 0x28, 0x28, 0x28, 0x28, 0x28, 0x28, 0x28, 0x28, 0x28, 0x28, 0x28, 0x28, 0x28, 0x28, 0x28, 0x28, 0x28, 0x28, 0x28, 0x28, 0x28, 
  0x28, 0x28, 0x28, 0x28, 0x28, 0x28, 0x28, 0x28, 0x28, 0x28, 0x28, 0x28, 0x28, 0x28, 0x28, 0x28, 0x28, 0x28, 0x28, 0x28, 0x28, 0x28, 0x28, 0x28, 0x28, 0x28, 0x28, 0x28, 0x28, 0x28, 0x28, 0x28, 0x28, 0x28, 0x28, 0x28, 0x28, 0x28, 0x28, 0x28, 0x28, 0x28, 0x28, 0x28, 0x28, 0x28, 0x28, 0x28, 0x28, 0x28, 0x28, 0x28, 0x28, 0x28, 0x28, 0x28, 0x28, 0x28, 0x28, 0x28, 0x28, 0x28, 0x28, 0x28, 0x28, 0x28, 0x28, 0x28, 0x28, 0x28, 0x28, 0x28, 0x28, 0x28, 0x28, 0x28, 0x28, 0x28, 0x28, 0x28, 0x28, 0xbb, 0xad, 0x90, 0x8e, 0x8e, 0x8e, 0x8f, 0x8e, 0x8e, 0x8e, 0x8e, 0x8f, 0x90, 0xa6, 0xb6, 0xc0, 0x28, 0x28, 0x28, 0x28, 0x28, 0x28, 0x28, 0x28, 0x28, 0x28, 0x28, 0x28, 0x28, 0x28, 0x28, 0x28, 0x28, 0x28, 0x28, 0x28, 0x28, 0x28, 0x28, 0x28, 0x28, 0x28, 0x28, 0x28, 0x28, 0x28, 0x28, 0x28, 0x28, 0x28, 0x28, 0x28, 0x28, 0x28, 0x28, 0x28, 0x28, 0x28, 0x28, 0x28, 0x28, 0x28, 0x28, 0x28, 0x28, 0x28, 0x28, 0x28, 0x28, 0x28, 0x28, 0xc4, 0xba, 0xae, 0x97, 0x8e, 0x8e, 0x8e, 0x8e, 0x8f, 0x8e, 0x8f, 0x8e, 0x8f, 0x8f, 0xa3, 0xb6, 0x28, 0x28, 0x28, 0x28, 0x28, 0x28, 0x28, 0x28, 0x28, 0x28, 0x28, 0x28, 0x28, 0x28, 0x28, 0x28, 0x28, 0x28, 0x28, 0x28, 0x28, 0x28, 0x28, 0x28, 0x28, 0x28, 0x28, 0x28, 0x28, 0x28, 0x28, 0x28, 0x28, 0x28, 0x28, 0x28, 0x28, 0x28, 0x28, 0x28, 0x28, 0x28, 0x28, 0x28, 0x28, 0x28, 0x28, 0x28, 0x28, 0x28, 0x28, 0x28, 0x28, 0x28, 0x28, 0x28, 0x28, 0x28, 0x28, 0x28, 0x28, 0x28, 0x28, 0x28, 0x28, 0x28, 0x28, 0x28, 0x28, 0x28, 0x28, 0x28, 0x28, 0x28, 0x28, 0x28, 0x28, 0x28, 0x28, 0x28, 0x28, 0x28, 0x28, 0x28, 0x28, 0x28, 0x28, 0x5c, 0x52, 0x4d, 0x4d, 0x4d, 0x4d, 0x4d, 0x4d, 0x4d, 0x4d, 0x4d, 0x4d, 0x4d, 0x4d, 0x4d, 0x67, 0x28, 0x28, 0x28, 0x28, 0x28, 0x28, 0x28, 0x28, 0x59, 0x52, 0x4d, 0x4d, 0x4d, 0x4d, 0x4d, 0x4d, 0x4d, 0x4d, 0x4d, 0x4d, 0x4d, 0x4d, 0x4d, 0x4d, 0x4d, 0x4d, 0x4d, 0x4d, 0x4d, 0x4d, 0x6c, 0x28, 0x6d, 0x4d, 0x52, 0x4d, 0x4d, 0x4d, 0x4d, 0x4d, 0x4d, 0x4d, 0x4d, 0x4d, 0x4d, 0x4d, 0x4d, 0x4f, 0x28, 0x28, 0x28, 0x28, 0x28, 0x28, 0x28, 0x28, 0x28, 0x28, 0x28, 0x28, 0x28, 0x28, 0x28, 0x28, 0x28, 0x64, 0x4d, 0x4d, 0x4d, 0x4d, 0x4d, 0x4d, 0x6c, 0x28, 0x28, 0x28, 0x28, 0x28, 0x28, 0x28, 0x28, 0x28, 0x28, 0x70, 0x4f, 0x52, 0x4d, 0x4d, 0x4d, 0x4d, 0x5c, 0x28, 0x28, 0x28, 0x28, 0x28, 0x28, 0x28, 0x28, 0x28, 0x28, 0x28, 0x70, 0x56, 0x4d, 0x4d, 0x4d, 0x4d, 0x4d, 0x5c, 0x28, 0x28, 0x28, 0x28, 0x28, 0x28, 0x28, 0x28, 0x28, 0x28, 0x28, 0x28, 0x28, 0x28, 0x28, 0x28, 0x28, 0x28, 0x28, 0x28, 0x28, 0x28, 0x28, 0x28, 0x28, 0x28, 0x28, 0x28, 0x28, 0x28, 0x28, 0x28, 0x28, 0x28, 0x28, 0x28, 0x28, 0x28, 0x28, 0x28, 0x28, 0x28, 0x28, 0x28, 0x28, 0x28, 0x28, 0x28, 0x28, 0x28, 0x28, 0x28, 0x28, 0x28, 0x28, 0x28, 0x28, 0x28, 0x28, 0x28, 0x28, 0x28, 0x28, 0x28, 0x28, 0x28, 0x28, 0x28, 0x28, 0x28, 0x28, 0x28, 0x28, 0x28, 0x28, 0x28, 0x28, 0x28, 0x28, 0x28, 0x28, 0x28, 0x28, 0x28, 0x28, 0x28, 0x28, 0x28, 0x28, 0x28, 0x28, 0x28, 0x28, 0x28, 0x28, 0x28, 0x28, 0x28, 0x28, 
  0x28, 0x28, 0x28, 0x28, 0x28, 0x28, 0x28, 0x28, 0x28, 0x28, 0x28, 0x28, 0x28, 0x28, 0x28, 0x28, 0x28, 0x28, 0x28, 0x28, 0x28, 0x28, 0x28, 0x28, 0x28, 0x28, 0x28, 0x28, 0x28, 0x28, 0x28, 0x28, 0x28, 0x28, 0x28, 0x28, 0x28, 0x28, 0x28, 0x28, 0x28, 0x28, 0x28, 0x28, 0x28, 0x28, 0x28, 0x28, 0x28, 0x28, 0x28, 0x28, 0x28, 0x28, 0x28, 0x28, 0x28, 0x28, 0x28, 0x28, 0x28, 0x28, 0x28, 0x28, 0x28, 0x28, 0x28, 0x28, 0x28, 0x28, 0x28, 0x28, 0x28, 0x28, 0x28, 0x28, 0x28, 0x28, 0xc8, 0xb7, 0x90, 0x8e, 0x8e, 0x8e, 0x8f, 0x8e, 0x8f, 0x8e, 0x8e, 0x8f, 0x9a, 0xad, 0xc0, 0x28, 0x28, 0x28, 0x28, 0x28, 0x28, 0x28, 0x28, 0x28, 0x28, 0x28, 0x28, 0x28, 0x28, 0x28, 0x28, 0x28, 0x28, 0x28, 0x28, 0x28, 0x28, 0x28, 0x28, 0x28, 0x28, 0x28, 0x28, 0x28, 0x28, 0x28, 0x28, 0x28, 0x28, 0x28, 0x28, 0x28, 0x28, 0x28, 0x28, 0x28, 0x28, 0x28, 0x28, 0x28, 0x28, 0x28, 0x28, 0x28, 0x28, 0x28, 0x28, 0x28, 0x28, 0x28, 0x28, 0x28, 0x28, 0x28, 0x28, 0x28, 0x28, 0x28, 0xc6, 0xb2, 0xa0, 0x8f, 0x8e, 0x8e, 0x8f, 0x8e, 0x8e, 0x8e, 0x8f, 0x8e, 0x8f, 0xae, 0xc2, 0x28, 0x28, 0x28, 0x28, 0x28, 0x28, 0x28, 0x28, 0x28, 0x28, 0x28, 0x28, 0x28, 0x28, 0x28, 0x28, 0x28, 0x28, 0x28, 0x28, 0x28, 0x28, 0x28, 0x28, 0x28, 0x28, 0x28, 0x28, 0x28, 0x28, 0x28, 0x28, 0x28, 0x28, 0x28, 0x28, 0x28, 0x28, 0x28, 0x28, 0x28, 0x28, 0x28, 0x28, 0x28, 0x28, 0x28, 0x28, 0x28, 0x28, 0x28, 0x28, 0x28, 0x28, 0x28, 0x28, 0x28, 0x28, 0x28, 0x28, 0x28, 0x28, 0x28, 0x28, 0x28, 0x28, 0x28, 0x28, 0x28, 0x28, 0x28, 0x28, 0x28, 0x28, 0x28, 0x28, 0x28, 0x28, 0x28, 0x28, 0x28, 0x28, 0x28, 0x28, 0x64, 0x4d, 0x4d, 0x4d, 0x4d, 0x4d, 0x4d, 0x4d, 0x4d, 0x4d, 0x4d, 0x4d, 0x4d, 0x4d, 0x4d, 0x67, 0x28, 0x28, 0x28, 0x28, 0x28, 0x28, 0x28, 0x28, 0x5b, 0x4d, 0x4d, 0x4d, 0x4d, 0x4d, 0x4d, 0x4d, 0x4d, 0x4d, 0x4d, 0x4d, 0x4d, 0x4d, 0x4d, 0x4d, 0x4d, 0x4d, 0x4d, 0x4d, 0x4d, 0x4d, 0x6e, 0x28, 0x70, 0x4d, 0x4d, 0x4d, 0x4d, 0x4d, 0x4d, 0x4d, 0x4d, 0x4d, 0x4d, 0x4d, 0x4d, 0x4d, 0x4d, 0x4f, 0x28, 0x28, 0x28, 0x28, 0x28, 0x28, 0x28, 0x28, 0x28, 0x28, 0x28, 0x28, 0x28, 0x28, 0x28, 0x28, 0x6d, 0x4d, 0x4d, 0x4d, 0x4d, 0x4d, 0x4d, 0x61, 0x28, 0x28, 0x28, 0x28, 0x28, 0x28, 0x28, 0x28, 0x28, 0x28, 0x28, 0x28, 0x67, 0x4d, 0x4d, 0x4d, 0x4d, 0x4d, 0x4d, 0x6a, 0x28, 0x28, 0x28, 0x28, 0x28, 0x28, 0x28, 0x28, 0x28, 0x28, 0x60, 0x4d, 0x4d, 0x4d, 0x4d, 0x4d, 0x4d, 0x70, 0x28, 0x28, 0x28, 0x28, 0x28, 0x28, 0x28, 0x28, 0x28, 0x28, 0x28, 0x28, 0x28, 0x28, 0x28, 0x28, 0x28, 0x28, 0x28, 0x28, 0x28, 0x28, 0x28, 0x28, 0x28, 0x28, 0x28, 0x28, 0x28, 0x28, 0x28, 0x28, 0x28, 0x28, 0x28, 0x28, 0x28, 0x28, 0x28, 0x28, 0x28, 0x28, 0x28, 0x28, 0x28, 0x28, 0x28, 0x28, 0x28, 0x28, 0x28, 0x28, 0x28, 0x28, 0x28, 0x28, 0x28, 0x28, 0x28, 0x28, 0x28, 0x28, 0x28, 0x28, 0x28, 0x28, 0x28, 0x28, 0x28, 0x28, 0x28, 0x28, 0x28, 0x28, 0x28, 0x28, 0x28, 0x28, 0x28, 0x28, 0x28, 0x28, 0x28, 0x28, 0x28, 0x28, 0x28, 0x28, 0x28, 0x28, 0x28, 0x28, 0x28, 0x28, 0x28, 0x28, 0x28, 0x28, 0x28, 
  0x28, 0x28, 0x28, 0x28, 0x28, 0x28, 0x28, 0x28, 0x28, 0x28, 0x28, 0x28, 0x28, 0x28, 0x28, 0x28, 0x28, 0x28, 0x28, 0x28, 0x28, 0x28, 0x28, 0x28, 0x28, 0x28, 0x28, 0x28, 0x28, 0x28, 0x28, 0x28, 0x28, 0x28, 0x28, 0x28, 0x28, 0x28, 0x28, 0x28, 0x28, 0x28, 0x28, 0x28, 0x28, 0x28, 0x28, 0x28, 0x28, 0x28, 0x28, 0x28, 0x28, 0x28, 0x28, 0x28, 0x28, 0x28, 0x28, 0x28, 0x28, 0x28, 0x28, 0x28, 0x28, 0x28, 0x28, 0x28, 0x28, 0x28, 0x28, 0x28, 0x28, 0x28, 0x28, 0x28, 0xc2, 0xb1, 0x90, 0x8e, 0x8e, 0x8f, 0x8e, 0x8f, 0x8e, 0x8f, 0x8e, 0x97, 0xaf, 0xbd, 0x28, 0x28, 0x28, 0x28, 0x28, 0x28, 0x28, 0x28, 0x28, 0x28, 0x28, 0x28, 0x28, 0x28, 0x28, 0x28, 0x28, 0x28, 0x28, 0x28, 0x28, 0x28, 0x28, 0x28, 0x28, 0x28, 0x28, 0x28, 0x28, 0x28, 0x28, 0x28, 0x28, 0x28, 0x28, 0x28, 0x28, 0x28, 0x28, 0x28, 0x28, 0x28, 0x28, 0x28, 0x28, 0x28, 0x28, 0x28, 0x28, 0x28, 0x28, 0x28, 0x28, 0x28, 0x28, 0x28, 0x28, 0x28, 0x28, 0x28, 0x28, 0x28, 0x28, 0x28, 0x28, 0x28, 0x28, 0x28, 0x28, 0xc2, 0xb9, 0xa1, 0x8f, 0x8e, 0x8f, 0x8e, 0x8e, 0x8f, 0x8e, 0x8f, 0x8e, 0xaa, 0xbd, 0x28, 0x28, 0x28, 0x28, 0x28, 0x28, 0x28, 0x28, 0x28, 0x28, 0x28, 0x28, 0x28, 0x28, 0x28, 0x28, 0x28, 0x28, 0x28, 0x28, 0x28, 0x28, 0x28, 0x28, 0x28, 0x28, 0x28, 0x28, 0x28, 0x28, 0x28, 0x28, 0x28, 0x28, 0x28, 0x28, 0x28, 0x28, 0x28, 0x28, 0x28, 0x28, 0x28, 0x28, 0x28, 0x28, 0x28, 0x28, 0x28, 0x28, 0x28, 0x28, 0x28, 0x28, 0x28, 0x28, 0x28, 0x28, 0x28, 0x28, 0x28, 0x28, 0x28, 0x28, 0x28, 0x28, 0x28, 0x28, 0x28, 0x28, 0x28, 0x28, 0x28, 0x28, 0x28, 0x28, 0x28, 0x28, 0x28, 0x28, 0x28, 0x28, 0x6c, 0x4d, 0x49, 0x4d, 0x49, 0x4d, 0x49, 0x4d, 0x49, 0x4d, 0x49, 0x4d, 0x49, 0x4d, 0x49, 0x67, 0x28, 0x28, 0x28, 0x28, 0x28, 0x28, 0x28, 0x28, 0x50, 0x49, 0x4d, 0x49, 0x4d, 0x5c, 0xc9, 0xc9, 0xc9, 0xc9, 0xc9, 0xc9, 0xc9, 0xc9, 0xc9, 0xc9, 0xc9, 0xc9, 0xc9, 0xc9, 0xc9, 0xc9, 0x28, 0x28, 0x28, 0x59, 0x4d, 0x49, 0x4d, 0x49, 0x4d, 0x49, 0x4d, 0x49, 0x4d, 0x49, 0x4d, 0x49, 0x4d, 0x4f, 0x28, 0x28, 0x28, 0x28, 0x28, 0x28, 0x28, 0x28, 0x28, 0x28, 0x28, 0x28, 0x28, 0x28, 0x28, 0xc9, 0x5b, 0x49, 0x4d, 0x49, 0x4d, 0x49, 0x50, 0xc9, 0x28, 0x28, 0x28, 0x28, 0x28, 0x28, 0x28, 0x28, 0x28, 0x28, 0x28, 0x28, 0x28, 0x59, 0x4d, 0x49, 0x4d, 0x49, 0x4d, 0x50, 0x70, 0x28, 0x28, 0x28, 0x28, 0x28, 0x28, 0x28, 0x28, 0x6c, 0x49, 0x4d, 0x49, 0x4d, 0x49, 0x4d, 0x65, 0x28, 0x28, 0x28, 0x28, 0x28, 0x28, 0x28, 0x28, 0x28, 0x28, 0x28, 0x28, 0x28, 0x28, 0x28, 0x28, 0x28, 0x28, 0x28, 0x28, 0x28, 0x28, 0x28, 0x28, 0x28, 0x28, 0x28, 0x28, 0x28, 0x28, 0x28, 0x28, 0x28, 0x28, 0x28, 0x28, 0x28, 0x28, 0x28, 0x28, 0x28, 0x28, 0x28, 0x28, 0x28, 0x28, 0x28, 0x28, 0x28, 0x28, 0x28, 0x28, 0x28, 0x28, 0x28, 0x28, 0x28, 0x28, 0x28, 0x28, 0x28, 0x28, 0x28, 0x28, 0x28, 0x28, 0x28, 0x28, 0x28, 0x28, 0x28, 0x28, 0x28, 0x28, 0x28, 0x28, 0x28, 0x28, 0x28, 0x28, 0x28, 0x28, 0x28, 0x28, 0x28, 0x28, 0x28, 0x28, 0x28, 0x28, 0x28, 0x28, 0x28, 0x28, 0x28, 0x28, 0x28, 0x28, 0x28, 0x28, 
  0x28, 0x28, 0x28, 0x28, 0x28, 0x28, 0x28, 0x28, 0x28, 0x28, 0x28, 0x28, 0x28, 0x28, 0x28, 0x28, 0x28, 0x28, 0x28, 0x28, 0x28, 0x28, 0x28, 0x28, 0x28, 0x28, 0x28, 0x28, 0x28, 0x28, 0x28, 0x28, 0x28, 0x28, 0x28, 0x28, 0x28, 0x28, 0x28, 0x28, 0x28, 0x28, 0x28, 0x28, 0x28, 0x28, 0x28, 0x28, 0x28, 0x28, 0x28, 0x28, 0x28, 0x28, 0x28, 0x28, 0x28, 0x28, 0x28, 0x28, 0x28, 0x28, 0x28, 0x28, 0x28, 0x28, 0x28, 0x28, 0x28, 0x28, 0x28, 0x28, 0x28, 0xc9, 0xbe, 0xa9, 0x8e, 0x8f, 0x8f, 0x8e, 0x8f, 0x8e, 0x8e, 0x8e, 0x9e, 0xaf, 0xbc, 0xc9, 0x28, 0x28, 0x28, 0x28, 0x28, 0x28, 0x28, 0x28, 0x28, 0x28, 0x28, 0x28, 0x28, 0x28, 0x28, 0x28, 0x28, 0x28, 0x28, 0x28, 0x28, 0x28, 0x28, 0x28, 0x28, 0x28, 0x28, 0x28, 0x28, 0x28, 0x28, 0x28, 0x28, 0x28, 0x28, 0x28, 0x28, 0x28, 0x28, 0x28, 0x28, 0x28, 0x28, 0x28, 0x28, 0x28, 0x28, 0x28, 0x28, 0x28, 0x28, 0x28, 0x28, 0x28, 0x28, 0x28, 0x28, 0x28, 0x28, 0x28, 0x28, 0x28, 0x28, 0x28, 0x28, 0x28, 0x28, 0x28, 0x28, 0x28, 0x28, 0x28, 0x28, 0x28, 0xc1, 0xb2, 0xa5, 0x90, 0x8e, 0x8e, 0x8e, 0x8e, 0x8e, 0x8e, 0x8e, 0x94, 0xbb, 0xc6, 0x28, 0x28, 0x28, 0x28, 0x28, 0x28, 0x28, 0x28, 0x28, 0x28, 0x28, 0x28, 0x28, 0x28, 0x28, 0x28, 0x28, 0x28, 0x28, 0x28, 0x28, 0x28, 0x28, 0x28, 0x28, 0x28, 0x28, 0x28, 0x28, 0x28, 0x28, 0x28, 0x28, 0x28, 0x28, 0x28, 0x28, 0x28, 0x28, 0x28, 0x28, 0x28, 0x28, 0x28, 0x28, 0x28, 0x28, 0x28, 0x28, 0x28, 0x28, 0x28, 0x28, 0x28, 0x28, 0x28, 0x28, 0x28, 0x28, 0x28, 0x28, 0x28, 0x28, 0x28, 0x28, 0x28, 0x28, 0x28, 0x28, 0x28, 0x28, 0x28, 0x28, 0x28, 0x28, 0x28, 0x28, 0x28, 0x28, 0x28, 0x49, 0x49, 0x49, 0x49, 0x49, 0x50, 0x61, 0x6c, 0x6c, 0x49, 0x49, 0x49, 0x49, 0x49, 0x67, 0x28, 0x28, 0x28, 0x28, 0x28, 0x28, 0x28, 0x28, 0x49, 0x49, 0x49, 0x49, 0x49, 0x60, 0x28, 0x28, 0x28, 0x28, 0x28, 0x28, 0x28, 0x28, 0x28, 0x28, 0x28, 0x28, 0x28, 0x28, 0x28, 0x28, 0x28, 0x28, 0x28, 0x65, 0x49, 0x49, 0x49, 0x49, 0x49, 0x5c, 0x67, 0x6f, 0x5c, 0x49, 0x49, 0x4d, 0x49, 0x4a, 0x28, 0x28, 0x28, 0x28, 0x28, 0x28, 0x28, 0x28, 0x28, 0x28, 0x28, 0x28, 0x28, 0x28, 0x28, 0x64, 0x49, 0x49, 0x49, 0x49, 0x49, 0x49, 0x6c, 0x28, 0x28, 0x28, 0x28, 0x28, 0x28, 0x28, 0x28, 0x28, 0x28, 0x28, 0x28, 0x28, 0x28, 0x6e, 0x49, 0x49, 0x49, 0x49, 0x49, 0x49, 0x61, 0x28, 0x28, 0x28, 0x28, 0x28, 0x28, 0x28, 0xc9, 0x50, 0x49, 0x49, 0x49, 0x49, 0x4d, 0x4c, 0x28, 0x28, 0x28, 0x28, 0x28, 0x28, 0x28, 0x28, 0x28, 0x28, 0x28, 0x28, 0x28, 0x28, 0x28, 0x28, 0x28, 0x28, 0x28, 0x28, 0x28, 0x28, 0x28, 0x28, 0x28, 0x28, 0x28, 0x28, 0x28, 0x28, 0x28, 0x28, 0x28, 0x28, 0x28, 0x28, 0x28, 0x28, 0x28, 0x28, 0x28, 0x28, 0x28, 0x28, 0x28, 0x28, 0x28, 0x28, 0x28, 0x28, 0x28, 0x28, 0x28, 0x28, 0x28, 0x28, 0x28, 0x28, 0x28, 0x28, 0x28, 0x28, 0x28, 0x28, 0x28, 0x28, 0x28, 0x28, 0x28, 0x28, 0x28, 0x28, 0x28, 0x28, 0x28, 0x28, 0x28, 0x28, 0x28, 0x28, 0x28, 0x28, 0x28, 0x28, 0x28, 0x28, 0x28, 0x28, 0x28, 0x28, 0x28, 0x28, 0x28, 0x28, 0x28, 0x28, 0x28, 0x28, 0x28, 0x28, 0x28, 
  0x28, 0x28, 0x28, 0x28, 0x28, 0x28, 0x28, 0x28, 0x28, 0x28, 0x28, 0x28, 0x28, 0x28, 0x28, 0x28, 0x28, 0x28, 0x28, 0x28, 0x28, 0x28, 0x28, 0x28, 0x28, 0x28, 0x28, 0x28, 0x28, 0x28, 0x28, 0x28, 0x28, 0x28, 0x28, 0x28, 0x28, 0x28, 0x28, 0x28, 0x28, 0x28, 0x28, 0x28, 0x28, 0x28, 0x28, 0x28, 0x28, 0x28, 0x28, 0x28, 0x28, 0x28, 0x28, 0x28, 0x28, 0x28, 0x28, 0x28, 0x28, 0x28, 0x28, 0x28, 0x28, 0x28, 0x28, 0x28, 0x28, 0x28, 0x28, 0xc9, 0xc0, 0x90, 0x8f, 0x8e, 0x8f, 0x8e, 0x8e, 0x8e, 0x8e, 0x91, 0x9c, 0xbc, 0x28, 0x28, 0x28, 0x28, 0x28, 0x28, 0x28, 0x28, 0x28, 0x28, 0x28, 0x28, 0x28, 0x28, 0x28, 0x28, 0x28, 0x28, 0x28, 0x28, 0x28, 0x28, 0x28, 0x28, 0x28, 0x28, 0x28, 0x28, 0x28, 0x28, 0x28, 0x28, 0x28, 0x28, 0x28, 0x28, 0x28, 0x28, 0x28, 0x28, 0x28, 0x28, 0x28, 0x28, 0x28, 0x28, 0x28, 0x28, 0x28, 0x28, 0x28, 0x28, 0x28, 0x28, 0x28, 0x28, 0x28, 0x28, 0x28, 0x28, 0x28, 0x28, 0x28, 0x28, 0x28, 0x28, 0x28, 0x28, 0x28, 0x28, 0x28, 0x28, 0x28, 0x28, 0x28, 0x28, 0x28, 0x28, 0x28, 0x28, 0x28, 0xc5, 0xa9, 0x94, 0x8f, 0x8e, 0x8f, 0x8f, 0x8e, 0x8f, 0x8e, 0x8f, 0xb4, 0xc8, 0x28, 0x28, 0x28, 0x28, 0x28, 0x28, 0x28, 0x28, 0x28, 0x28, 0x28, 0x28, 0x28, 0x28, 0x28, 0x28, 0x28, 0x28, 0x28, 0x28, 0x28, 0x28, 0x28, 0x28, 0x28, 0x28, 0x28, 0x28, 0x28, 0x28, 0x28, 0x28, 0x28, 0x28, 0x28, 0x28, 0x28, 0x28, 0x28, 0x28, 0x28, 0x28, 0x28, 0x28, 0x28, 0x28, 0x28, 0x28, 0x28, 0x28, 0x28, 0x28, 0x28, 0x28, 0x28, 0x28, 0x28, 0x28, 0x28, 0x28, 0x28, 0x28, 0x28, 0x28, 0x28, 0x28, 0x28, 0x28, 0x28, 0x28, 0x28, 0x28, 0x28, 0x28, 0x28, 0x28, 0x28, 0x28, 0x5c, 0x49, 0x59, 0x65, 0x6e, 0x28, 0x28, 0x28, 0x6d, 0x49, 0x49, 0x49, 0x49, 0x49, 0x67, 0x28, 0x28, 0x28, 0x28, 0x28, 0x28, 0x28, 0xc9, 0x49, 0x49, 0x49, 0x49, 0x49, 0x61, 0x28, 0x28, 0x28, 0x28, 0x28, 0x28, 0x28, 0x28, 0x28, 0x28, 0x28, 0x28, 0x28, 0x28, 0x28, 0x28, 0x28, 0x28, 0x28, 0x6e, 0x49, 0x4a, 0x60, 0x68, 0xc8, 0x28, 0x28, 0x28, 0x5c, 0x49, 0x49, 0x49, 0x49, 0x4a, 0x28, 0x28, 0x28, 0x28, 0x28, 0x28, 0x28, 0x28, 0x28, 0x28, 0x28, 0x28, 0x28, 0x28, 0x6d, 0x49, 0x49, 0x49, 0x49, 0x49, 0x49, 0x61, 0x28, 0x28, 0x28, 0x28, 0x28, 0x28, 0x28, 0x28, 0x28, 0x28, 0x28, 0x28, 0x28, 0x28, 0x28, 0x28, 0x64, 0x49, 0x49, 0x49, 0x49, 0x49, 0x49, 0x6d, 0x28, 0x28, 0x28, 0x28, 0x28, 0x28, 0x64, 0x49, 0x49, 0x49, 0x49, 0x49, 0x49, 0x6d, 0x28, 0x28, 0x28, 0x28, 0x28, 0x28, 0x28, 0x28, 0x28, 0x28, 0x28, 0x28, 0x28, 0x28, 0x28, 0x28, 0x28, 0x28, 0x28, 0x28, 0x28, 0x28, 0x28, 0x28, 0x28, 0x28, 0x28, 0x28, 0x28, 0x28, 0x28, 0x28, 0x28, 0x28, 0x28, 0x28, 0x28, 0x28, 0x28, 0x28, 0x28, 0x28, 0x28, 0x28, 0x28, 0x28, 0x28, 0x28, 0x28, 0x28, 0x28, 0x28, 0x28, 0x28, 0x28, 0x28, 0x28, 0x28, 0x28, 0x28, 0x28, 0x28, 0x28, 0x28, 0x28, 0x28, 0x28, 0x28, 0x28, 0x28, 0x28, 0x28, 0x28, 0x28, 0x28, 0x28, 0x28, 0x28, 0x28, 0x28, 0x28, 0x28, 0x28, 0x28, 0x28, 0x28, 0x28, 0x28, 0x28, 0x28, 0x28, 0x28, 0x28, 0x28, 0x28, 0x28, 0x28, 0x28, 0x28, 0x28, 0x28, 
  0x28, 0x28, 0x28, 0x28, 0x28, 0x28, 0x28, 0x28, 0x28, 0x28, 0x28, 0x28, 0x28, 0x28, 0x28, 0x28, 0x28, 0x28, 0x28, 0x28, 0x28, 0x28, 0x28, 0x28, 0x28, 0x28, 0x28, 0x28, 0x28, 0x28, 0x28, 0x28, 0x28, 0x28, 0x28, 0x28, 0x28, 0x28, 0x28, 0x28, 0x28, 0x28, 0x28, 0x28, 0x28, 0x28, 0x28, 0x28, 0x28, 0x28, 0x28, 0x28, 0x28, 0x28, 0x28, 0x28, 0x28, 0x28, 0x28, 0x28, 0x28, 0x28, 0x28, 0x28, 0x28, 0x28, 0x28, 0x28, 0x28, 0x28, 0xc4, 0x94, 0x8f, 0x8e, 0x8f, 0x8e, 0x8e, 0x8e, 0x8f, 0x90, 0xaa, 0x28, 0x28, 0x28, 0x28, 0x28, 0x28, 0x28, 0x28, 0x28, 0x28, 0x28, 0x28, 0x28, 0x28, 0x28, 0x28, 0x28, 0x28, 0x28, 0x28, 0x28, 0x28, 0x28, 0x28, 0x28, 0x28, 0x28, 0x28, 0x28, 0x28, 0x28, 0x28, 0x28, 0x28, 0x28, 0x28, 0x28, 0xf0, 0xf9, 0xf5, 0xfa, 0xd0, 0x28, 0x28, 0x28, 0x28, 0x28, 0xea, 0xea, 0x16, 0x24, 0x28, 0x28, 0x28, 0x28, 0xd0, 0x28, 0x28, 0x28, 0x28, 0x28, 0x28, 0x28, 0x28, 0x28, 0x28, 0x28, 0x28, 0x28, 0x28, 0x28, 0x28, 0x28, 0x28, 0x28, 0x28, 0x28, 0x28, 0x28, 0x28, 0x28, 0x28, 0x28, 0x28, 0x28, 0x28, 0x28, 0xbb, 0x8f, 0x8f, 0x8f, 0x8f, 0x8e, 0x8e, 0x8e, 0x8e, 0x8f, 0xb8, 0xc9, 0x28, 0x28, 0x28, 0x28, 0x28, 0x28, 0x28, 0x28, 0x28, 0x28, 0x28, 0x28, 0x28, 0x28, 0x28, 0x28, 0x28, 0x28, 0x28, 0x28, 0x28, 0x28, 0x28, 0x28, 0x28, 0x28, 0x28, 0x28, 0x28, 0x28, 0x28, 0x28, 0x28, 0x28, 0x28, 0x28, 0x28, 0x28, 0x28, 0x28, 0x28, 0x28, 0x28, 0x28, 0x28, 0x28, 0x28, 0x28, 0x28, 0x28, 0x28, 0x28, 0x28, 0x28, 0x28, 0x28, 0x28, 0x28, 0x28, 0x28, 0x28, 0x28, 0x28, 0x28, 0x28, 0x28, 0x28, 0x28, 0x28, 0x28, 0x28, 0x28, 0x28, 0x28, 0x28, 0x28, 0xc8, 0x70, 0x28, 0x28, 0x28, 0x28, 0x28, 0x28, 0x6d, 0x49, 0x49, 0x49, 0x49, 0x49, 0x67, 0x28, 0x28, 0x28, 0x28, 0x28, 0x28, 0x28, 0x70, 0x49, 0x49, 0x49, 0x49, 0x46, 0x64, 0x28, 0x28, 0x28, 0x28, 0x28, 0x28, 0x28, 0x28, 0x28, 0x28, 0x28, 0x28, 0x28, 0x28, 0x28, 0x28, 0x28, 0x28, 0x28, 0x28, 0x6e, 0x28, 0x28, 0x28, 0x28, 0x28, 0x28, 0x28, 0x5c, 0x49, 0x49, 0x49, 0x49, 0x4a, 0x28, 0x28, 0x28, 0x28, 0x28, 0x28, 0x28, 0x28, 0x28, 0x28, 0x28, 0x28, 0x28, 0xc9, 0x4c, 0x49, 0x49, 0x46, 0x49, 0x46, 0x50, 0xc9, 0x28, 0x28, 0x28, 0x28, 0x28, 0x28, 0x28, 0x28, 0x28, 0x28, 0x28, 0x28, 0x28, 0x28, 0x28, 0x28, 0x27, 0x50, 0x46, 0x49, 0x49, 0x49, 0x49, 0x4c, 0x28, 0x28, 0x28, 0x28, 0x28, 0x6e, 0x49, 0x46, 0x49, 0x46, 0x49, 0x46, 0x61, 0x28, 0x28, 0x28, 0x28, 0x28, 0x28, 0x28, 0x28, 0x28, 0x28, 0x28, 0x28, 0x28, 0x28, 0x28, 0x28, 0x28, 0x28, 0x28, 0x28, 0x28, 0x28, 0x28, 0x28, 0x28, 0x28, 0x28, 0x28, 0x28, 0x28, 0x28, 0x28, 0x28, 0x28, 0x28, 0x28, 0x28, 0x28, 0x28, 0x28, 0x28, 0x28, 0x28, 0x28, 0x28, 0x28, 0x28, 0x28, 0x28, 0x28, 0x28, 0x28, 0x28, 0x28, 0x28, 0x28, 0x28, 0x28, 0x28, 0x28, 0x28, 0x28, 0x28, 0x28, 0x28, 0x28, 0x28, 0x28, 0x28, 0x28, 0x28, 0x28, 0x28, 0x28, 0x28, 0x28, 0x28, 0x28, 0x28, 0x28, 0x28, 0x28, 0x28, 0x28, 0x28, 0x28, 0x28, 0x28, 0x28, 0x28, 0x28, 0x28, 0x28, 0x28, 0x28, 0x28, 0x28, 0x28, 0x28, 0x28, 0x28, 0x28, 
  0x28, 0x28, 0x28, 0x28, 0x28, 0x28, 0x28, 0x28, 0x28, 0x28, 0x28, 0x28, 0x28, 0x28, 0x28, 0x28, 0x28, 0x28, 0x28, 0x28, 0x28, 0x28, 0x28, 0x28, 0x28, 0x28, 0x28, 0x28, 0x28, 0x28, 0x28, 0x28, 0x28, 0x28, 0x28, 0x28, 0x28, 0x28, 0x28, 0x28, 0x28, 0x28, 0x28, 0x28, 0x28, 0x28, 0x28, 0x28, 0x28, 0x28, 0x28, 0x28, 0x28, 0x28, 0x28, 0x28, 0x28, 0x28, 0x28, 0x28, 0x28, 0x28, 0x28, 0x28, 0x28, 0x28, 0x28, 0x28, 0xba, 0x90, 0x8f, 0x8e, 0x8e, 0x8f, 0x8e, 0x8e, 0x8f, 0xa3, 0xc8, 0xc9, 0x28, 0x28, 0x28, 0x28, 0x28, 0x28, 0x28, 0x28, 0x28, 0x28, 0x28, 0x28, 0x28, 0x28, 0x28, 0x28, 0x28, 0x28, 0x28, 0x28, 0x28, 0x28, 0x28, 0x28, 0x28, 0x28, 0x28, 0x28, 0x28, 0x28, 0x28, 0x28, 0x28, 0x28, 0x28, 0x28, 0x28, 0x28, 0xef, 0x00, 0x00, 0x00, 0x26, 0x28, 0x28, 0x28, 0x28, 0x28, 0x00, 0x00, 0x00, 0xfc, 0x28, 0x28, 0x28, 0x21, 0x01, 0x02, 0x03, 0x28, 0x28, 0x28, 0x28, 0x28, 0x28, 0x28, 0x28, 0x28, 0x28, 0x28, 0x28, 0x28, 0x28, 0x28, 0x28, 0x28, 0x28, 0x28, 0x28, 0x28, 0x28, 0x28, 0x28, 0x28, 0x28, 0x28, 0x28, 0x28, 0x28, 0x28, 0xc9, 0xb4, 0x8e, 0x8f, 0x8e, 0x8e, 0x8f, 0x8e, 0x8e, 0x90, 0xa9, 0x28, 0x28, 0x28, 0x28, 0x28, 0x28, 0x28, 0x28, 0x28, 0x28, 0x28, 0x28, 0x28, 0x28, 0x28, 0x28, 0x28, 0x28, 0x28, 0x28, 0x28, 0x28, 0x28, 0x28, 0x28, 0x28, 0x28, 0x28, 0x28, 0x28, 0x28, 0x28, 0x28, 0x28, 0x28, 0x28, 0x28, 0x28, 0x28, 0x28, 0x28, 0x28, 0x28, 0x28, 0x28, 0x28, 0x28, 0x28, 0x28, 0x28, 0x28, 0x28, 0x28, 0x28, 0x28, 0x28, 0x28, 0x28, 0x28, 0x28, 0x28, 0x28, 0x28, 0x28, 0x28, 0x28, 0x28, 0x28, 0x28, 0x28, 0x28, 0x28, 0x28, 0x28, 0x28, 0x28, 0x28, 0x28, 0x28, 0x28, 0x28, 0x28, 0x28, 0x6d, 0x46, 0x46, 0x46, 0x46, 0x46, 0x67, 0x28, 0x28, 0x28, 0x28, 0x28, 0x28, 0x28, 0x6e, 0x46, 0x46, 0x46, 0x46, 0x49, 0x5f, 0x28, 0x28, 0x28, 0x28, 0x28, 0x28, 0x28, 0x28, 0x28, 0x28, 0x28, 0x28, 0x28, 0x28, 0x28, 0x28, 0x28, 0x28, 0x28, 0x28, 0x28, 0x28, 0x28, 0x28, 0x28, 0x28, 0x28, 0x28, 0x51, 0x46, 0x46, 0x46, 0x46, 0x4a, 0x28, 0x28, 0x28, 0x28, 0x28, 0x28, 0x28, 0x28, 0x28, 0x28, 0x28, 0x28, 0x28, 0x64, 0x46, 0x46, 0x46, 0x46, 0x46, 0x46, 0x6d, 0x28, 0x28, 0x28, 0x28, 0x28, 0x28, 0x28, 0x28, 0x28, 0x28, 0x28, 0x28, 0x28, 0x28, 0x28, 0x28, 0x28, 0x28, 0x6c, 0x46, 0x46, 0x46, 0x46, 0x46, 0x49, 0x65, 0x28, 0x28, 0x28, 0x28, 0x59, 0x46, 0x49, 0x46, 0x49, 0x46, 0x4a, 0xc7, 0x28, 0x28, 0x28, 0x28, 0x28, 0x28, 0x28, 0x28, 0x28, 0x28, 0x28, 0x28, 0x28, 0x28, 0x28, 0x28, 0x28, 0x28, 0x28, 0x28, 0x28, 0x28, 0x28, 0x28, 0x28, 0x28, 0x28, 0x28, 0x28, 0x28, 0x28, 0x28, 0x28, 0x28, 0x28, 0x28, 0x28, 0x28, 0x28, 0x28, 0x28, 0x28, 0x28, 0x28, 0x28, 0x28, 0x28, 0x28, 0x28, 0x28, 0x28, 0x28, 0x28, 0x28, 0x28, 0x28, 0x28, 0x28, 0x28, 0x28, 0x28, 0x28, 0x28, 0x28, 0x28, 0x28, 0x28, 0x28, 0x28, 0x28, 0x28, 0x28, 0x28, 0x28, 0x28, 0x28, 0x28, 0x28, 0x28, 0x28, 0x28, 0x28, 0x28, 0x28, 0x28, 0x28, 0x28, 0x28, 0x28, 0x28, 0x28, 0x28, 0x28, 0x28, 0x28, 0x28, 0x28, 0x28, 0x28, 0x28, 0x28, 0x28, 
  0x28, 0x28, 0x28, 0x28, 0x28, 0x28, 0x28, 0x28, 0x28, 0x28, 0x28, 0x28, 0x28, 0x28, 0x28, 0x28, 0x28, 0x28, 0x28, 0x28, 0x28, 0x28, 0x28, 0x28, 0x28, 0x28, 0x28, 0x28, 0x28, 0x28, 0x28, 0x28, 0x28, 0x28, 0x28, 0x28, 0x28, 0x28, 0x28, 0x28, 0x28, 0x28, 0x28, 0x28, 0x28, 0x28, 0x28, 0x28, 0x28, 0x28, 0x28, 0x28, 0x28, 0x28, 0x28, 0x28, 0x28, 0x28, 0x28, 0x28, 0x28, 0x28, 0x28, 0x28, 0x28, 0x28, 0xbe, 0x97, 0x8e, 0x8e, 0x8f, 0x8e, 0x8e, 0x8e, 0x8f, 0xae, 0xc5, 0xc9, 0x28, 0x28, 0x28, 0x28, 0x28, 0x28, 0x28, 0x28, 0x28, 0x28, 0x28, 0x28, 0x28, 0x28, 0x28, 0x28, 0x28, 0x28, 0x28, 0x28, 0x28, 0x28, 0x28, 0x28, 0x20, 0xf7, 0x28, 0x28, 0x28, 0x28, 0x28, 0x28, 0x28, 0x28, 0x28, 0x28, 0x28, 0x28, 0x28, 0x28, 0xcc, 0x00, 0x00, 0x00, 0x27, 0x28, 0x28, 0x28, 0x28, 0x28, 0x00, 0x00, 0x00, 0xd1, 0x28, 0x28, 0x28, 0x1a, 0x00, 0x00, 0x02, 0x28, 0x28, 0x28, 0x28, 0x28, 0x28, 0x28, 0x28, 0x28, 0x28, 0x28, 0x28, 0x28, 0x28, 0x28, 0x28, 0x28, 0x28, 0x28, 0x28, 0x28, 0x28, 0x28, 0x28, 0x28, 0x28, 0x28, 0x28, 0x28, 0x28, 0x28, 0x28, 0x28, 0xc8, 0xbc, 0x90, 0x8f, 0x8e, 0x8f, 0x8e, 0x8e, 0x8e, 0x91, 0xac, 0x28, 0x28, 0x28, 0x28, 0x28, 0x28, 0x28, 0x28, 0x28, 0x28, 0x28, 0x28, 0x28, 0x28, 0x28, 0x28, 0x28, 0x28, 0x28, 0x28, 0x28, 0x28, 0x28, 0x28, 0x28, 0x28, 0x28, 0x28, 0x28, 0x28, 0x28, 0x28, 0x28, 0x28, 0x28, 0x28, 0x28, 0x28, 0x28, 0x28, 0x28, 0x28, 0x28, 0x28, 0x28, 0x28, 0x28, 0x28, 0x28, 0x28, 0x28, 0x28, 0x28, 0x28, 0x28, 0x28, 0x28, 0x28, 0x28, 0x28, 0x28, 0x28, 0x28, 0x28, 0x28, 0x28, 0x28, 0x28, 0x28, 0x28, 0x28, 0x28, 0x28, 0x28, 0x28, 0x28, 0x28, 0x28, 0x28, 0x28, 0x28, 0x6d, 0x46, 0x46, 0x46, 0x46, 0x46, 0x67, 0x28, 0x28, 0x28, 0x28, 0x28, 0x28, 0x28, 0x6d, 0x46, 0x46, 0x46, 0x46, 0x46, 0x67, 0x28, 0x28, 0x28, 0x28, 0x28, 0x28, 0x28, 0x28, 0x28, 0x28, 0x28, 0x28, 0x28, 0x28, 0x28, 0x28, 0x28, 0x28, 0x28, 0x28, 0x28, 0x28, 0x28, 0x28, 0x28, 0x28, 0x28, 0x28, 0x5c, 0x46, 0x46, 0x46, 0x46, 0x47, 0x28, 0x28, 0x28, 0x28, 0x28, 0x28, 0x28, 0x28, 0x28, 0x28, 0x28, 0x28, 0x6d, 0x46, 0x46, 0x46, 0x46, 0x46, 0x46, 0x5e, 0x28, 0x28, 0x28, 0x28, 0x28, 0x28, 0x28, 0x28, 0x28, 0x28, 0x28, 0x28, 0x28, 0x28, 0x28, 0x28, 0x28, 0x28, 0x28, 0xd0, 0x60, 0x46, 0x46, 0x46, 0x46, 0x46, 0x46, 0x6f, 0x28, 0x28, 0x67, 0x46, 0x46, 0x46, 0x46, 0x46, 0x46, 0x68, 0x28, 0x28, 0x28, 0x28, 0x28, 0x28, 0x28, 0x28, 0x28, 0x28, 0x28, 0x28, 0x28, 0x28, 0x28, 0x28, 0x28, 0x28, 0x28, 0x28, 0x28, 0x28, 0x28, 0x28, 0x28, 0x28, 0x28, 0x28, 0x28, 0x28, 0x28, 0x28, 0x28, 0x28, 0x28, 0x28, 0x28, 0x28, 0x28, 0x28, 0x28, 0x28, 0x28, 0x28, 0x28, 0x28, 0x28, 0x28, 0x28, 0x28, 0x28, 0x28, 0x28, 0x28, 0x28, 0x28, 0x28, 0x28, 0x28, 0x28, 0x28, 0x28, 0x28, 0x28, 0x28, 0x28, 0x28, 0x28, 0x28, 0x28, 0x28, 0x28, 0x28, 0x28, 0x28, 0x28, 0x28, 0x28, 0x28, 0x28, 0x28, 0x28, 0x28, 0x28, 0x28, 0x28, 0x28, 0x28, 0x28, 0x28, 0x28, 0x28, 0x28, 0x28, 0x28, 0x28, 0x28, 0x28, 0x28, 0x28, 0x28, 0x28, 0x28, 
  0x28, 0x28, 0x28, 0x28, 0x28, 0x28, 0x28, 0x28, 0x28, 0x28, 0x28, 0x28, 0x28, 0x28, 0x28, 0x28, 0x28, 0x28, 0x28, 0x28, 0x28, 0x28, 0x28, 0x28, 0x28, 0x28, 0x28, 0x28, 0x28, 0x28, 0x28, 0x28, 0x28, 0x28, 0x28, 0x28, 0x28, 0x28, 0x28, 0x28, 0x28, 0x28, 0x28, 0x28, 0x28, 0x28, 0x28, 0x28, 0x28, 0x28, 0x28, 0x28, 0x28, 0x28, 0x28, 0x28, 0x28, 0x28, 0x28, 0x28, 0x28, 0x28, 0x28, 0x28, 0xc9, 0xa6, 0x8f, 0x8e, 0x8e, 0x8e, 0x8e, 0x8f, 0x8e, 0xac, 0xc0, 0x28, 0x28, 0x28, 0x28, 0x28, 0x28, 0x28, 0x28, 0x28, 0x28, 0x28, 0x28, 0x28, 0x28, 0x28, 0x28, 0x28, 0x28, 0x28, 0x28, 0x28, 0x28, 0x28, 0x28, 0x28, 0xf2, 0x04, 0x00, 0x01, 0xd0, 0x28, 0x28, 0x28, 0x28, 0x28, 0x28, 0x28, 0x28, 0x28, 0x28, 0x28, 0x28, 0x28, 0xee, 0x00, 0x00, 0x00, 0x27, 0x28, 0x28, 0x28, 0x28, 0x28, 0x00, 0x00, 0x00, 0xec, 0x28, 0x28, 0x28, 0xe9, 0x00, 0x00, 0x02, 0x28, 0x28, 0x28, 0x28, 0x28, 0x28, 0xd9, 0x0a, 0x04, 0x04, 0x09, 0x0d, 0xf0, 0x28, 0x28, 0x28, 0x28, 0x28, 0x28, 0x28, 0x28, 0x28, 0x28, 0x28, 0x28, 0x28, 0x28, 0x28, 0x28, 0x28, 0x28, 0x28, 0x28, 0x28, 0x28, 0xc4, 0xb9, 0x91, 0x8e, 0x8f, 0x8e, 0x8f, 0x8f, 0x8f, 0x9e, 0xbd, 0x28, 0x28, 0x28, 0x28, 0x28, 0x28, 0x28, 0x28, 0x28, 0x28, 0x28, 0x28, 0x28, 0x28, 0x28, 0x28, 0x28, 0x28, 0x28, 0x28, 0x28, 0x28, 0x28, 0x28, 0x28, 0x28, 0x28, 0x28, 0x28, 0x28, 0x28, 0x28, 0x28, 0x28, 0x28, 0x28, 0x28, 0x28, 0x28, 0x28, 0x28, 0x28, 0x28, 0x28, 0x28, 0x28, 0x28, 0x28, 0x28, 0x28, 0x28, 0x28, 0x28, 0x28, 0x28, 0x28, 0x28, 0x28, 0x28, 0x28, 0x28, 0x28, 0x28, 0x28, 0x28, 0x28, 0x28, 0x28, 0x28, 0x28, 0x28, 0x28, 0x28, 0x28, 0x28, 0x28, 0x28, 0x28, 0x28, 0x6d, 0x46, 0x46, 0x46, 0x46, 0x46, 0x63, 0x28, 0x28, 0x28, 0x28, 0x28, 0x28, 0x28, 0x68, 0x46, 0x46, 0x46, 0x46, 0x46, 0x68, 0x28, 0x28, 0x28, 0x28, 0x28, 0x28, 0x28, 0x28, 0x28, 0x28, 0x28, 0x28, 0x28, 0x28, 0x28, 0x28, 0x28, 0x28, 0x28, 0x28, 0x28, 0x28, 0x28, 0x28, 0x28, 0x28, 0x28, 0x28, 0x51, 0x46, 0x46, 0x46, 0x46, 0x47, 0x28, 0x28, 0x28, 0x28, 0x28, 0x28, 0x28, 0x28, 0x28, 0x28, 0x28, 0xc9, 0x4c, 0x46, 0x46, 0x46, 0x46, 0x46, 0x4c, 0xc9, 0x28, 0x28, 0x28, 0x28, 0x28, 0x28, 0x28, 0x28, 0x28, 0x28, 0x28, 0x28, 0x28, 0x28, 0x28, 0x28, 0x28, 0x28, 0x28, 0x28, 0xc6, 0x47, 0x46, 0x46, 0x46, 0x46, 0x46, 0x51, 0x28, 0x70, 0x47, 0x46, 0x46, 0x46, 0x46, 0x46, 0x51, 0x28, 0x28, 0x28, 0x28, 0x28, 0x28, 0x28, 0x28, 0x28, 0x28, 0x28, 0x28, 0x28, 0x28, 0x28, 0x28, 0x28, 0x28, 0x28, 0x28, 0x28, 0x28, 0x28, 0x28, 0x28, 0x28, 0x28, 0x28, 0x28, 0x28, 0x28, 0x28, 0x28, 0x28, 0x28, 0x28, 0x28, 0x28, 0x28, 0x28, 0x28, 0x28, 0x28, 0x28, 0x28, 0x28, 0x28, 0x28, 0x28, 0x28, 0x28, 0x28, 0x28, 0x28, 0x28, 0x28, 0x28, 0x28, 0x28, 0x28, 0x28, 0x28, 0x28, 0x28, 0x28, 0x28, 0x28, 0x28, 0x28, 0x28, 0x28, 0x28, 0x28, 0x28, 0x28, 0x28, 0x28, 0x28, 0x28, 0x28, 0x28, 0x28, 0x28, 0x28, 0x28, 0x28, 0x28, 0x28, 0x28, 0x28, 0x28, 0x28, 0x28, 0x28, 0x28, 0x28, 0x28, 0x28, 0x28, 0x28, 0x28, 0x28, 0x28, 0x28, 
  0x28, 0x28, 0x28, 0x28, 0x28, 0x28, 0x28, 0x28, 0x28, 0x28, 0x28, 0x28, 0x28, 0x28, 0x28, 0x28, 0x28, 0x28, 0x28, 0x28, 0x28, 0x28, 0x28, 0x28, 0x28, 0x28, 0x28, 0x28, 0x28, 0x28, 0x28, 0x28, 0x28, 0x28, 0x28, 0x28, 0x28, 0x28, 0x28, 0x28, 0x28, 0x28, 0x28, 0x28, 0x28, 0x28, 0x28, 0x28, 0x28, 0x28, 0x28, 0x28, 0x28, 0x28, 0x28, 0x28, 0x28, 0x28, 0x28, 0x28, 0x28, 0x28, 0x28, 0xac, 0x90, 0x8e, 0x8e, 0x8f, 0x8e, 0x8f, 0x90, 0xb2, 0xc1, 0x28, 0x28, 0xd0, 0x28, 0x28, 0x28, 0x28, 0x28, 0x28, 0x28, 0x28, 0x28, 0x28, 0x28, 0x28, 0x28, 0x28, 0x28, 0x28, 0x28, 0x28, 0x28, 0x28, 0x28, 0x28, 0x28, 0x28, 0x0d, 0x00, 0x00, 0x00, 0x0b, 0x28, 0x28, 0x28, 0x28, 0x28, 0x28, 0x28, 0x28, 0x28, 0x28, 0x28, 0x28, 0x28, 0x1f, 0x00, 0x00, 0x00, 0xd0, 0x28, 0x28, 0x28, 0x28, 0x28, 0x00, 0x00, 0x00, 0xd1, 0x28, 0x28, 0x28, 0x14, 0x00, 0x00, 0x03, 0x28, 0x28, 0x28, 0x28, 0x24, 0x07, 0x00, 0x00, 0x00, 0x00, 0x00, 0x00, 0x01, 0x2a, 0x25, 0x28, 0x28, 0x28, 0x28, 0x28, 0x28, 0x28, 0x28, 0x28, 0x28, 0x28, 0x28, 0x28, 0x28, 0x28, 0x28, 0x28, 0x28, 0x28, 0x28, 0x28, 0x28, 0xc8, 0xbb, 0x9c, 0x8e, 0x8e, 0x8f, 0x8e, 0x8e, 0x8f, 0xa5, 0xbf, 0x28, 0x28, 0x28, 0x28, 0x28, 0x28, 0x28, 0x28, 0x28, 0x28, 0x28, 0x28, 0x28, 0x28, 0x28, 0x28, 0x28, 0x28, 0x28, 0x28, 0x28, 0x28, 0x28, 0x28, 0x28, 0x28, 0x28, 0x28, 0x28, 0x28, 0x28, 0x28, 0x28, 0x28, 0x28, 0x28, 0x28, 0x28, 0x28, 0x28, 0x28, 0x28, 0x28, 0x28, 0x28, 0x28, 0x28, 0x28, 0x28, 0x28, 0x28, 0x28, 0x28, 0x28, 0x28, 0x28, 0x28, 0x28, 0x28, 0x28, 0x28, 0x28, 0x28, 0x28, 0x28, 0x28, 0x28, 0x28, 0x28, 0x28, 0x28, 0x28, 0x28, 0x28, 0x28, 0x28, 0x28, 0x6d, 0x43, 0x46, 0x43, 0x46, 0x43, 0x67, 0x28, 0x28, 0x28, 0x28, 0x28, 0x28, 0x28, 0x67, 0x43, 0x46, 0x43, 0x46, 0x43, 0x6c, 0x28, 0x28, 0x28, 0x28, 0x28, 0x28, 0x28, 0x28, 0x28, 0x28, 0x28, 0x28, 0x28, 0x28, 0x28, 0x28, 0x28, 0x28, 0x28, 0x28, 0x28, 0x28, 0x28, 0x28, 0x28, 0x28, 0x28, 0x28, 0x51, 0x46, 0x46, 0x43, 0x46, 0x47, 0x28, 0x28, 0x28, 0x28, 0x28, 0x28, 0x28, 0x28, 0x28, 0x28, 0x28, 0x5e, 0x46, 0x43, 0x46, 0x43, 0x46, 0x43, 0x6d, 0x28, 0x28, 0x28, 0x28, 0x28, 0x28, 0x28, 0x28, 0x28, 0x28, 0x28, 0x28, 0x28, 0x28, 0x28, 0x28, 0x28, 0x28, 0x28, 0x28, 0x28, 0x28, 0x63, 0x46, 0x46, 0x46, 0x43, 0x46, 0x43, 0x6a, 0x53, 0x43, 0x46, 0x43, 0x46, 0x43, 0x46, 0x6f, 0x28, 0x28, 0x28, 0x28, 0x28, 0x28, 0x28, 0x28, 0x28, 0x28, 0x28, 0x28, 0x28, 0x28, 0x28, 0x28, 0x28, 0x28, 0x28, 0x28, 0x28, 0x28, 0x28, 0x28, 0x28, 0x28, 0x28, 0x28, 0x28, 0x28, 0x28, 0x28, 0x28, 0x28, 0x28, 0x28, 0x28, 0x28, 0x28, 0x28, 0x28, 0x28, 0x28, 0x28, 0x28, 0x28, 0x28, 0x28, 0x28, 0x28, 0x28, 0x28, 0x28, 0x28, 0x28, 0x28, 0x28, 0x28, 0x28, 0x28, 0x28, 0x28, 0x28, 0x28, 0x28, 0x28, 0x28, 0x28, 0x28, 0x28, 0x28, 0x28, 0x28, 0x28, 0x28, 0x28, 0x28, 0x28, 0x28, 0x28, 0x28, 0x28, 0x28, 0x28, 0x28, 0x28, 0x28, 0x28, 0x28, 0x28, 0x28, 0x28, 0x28, 0x28, 0x28, 0x28, 0x28, 0x28, 0x28, 0x28, 0x28, 0x28, 0x28, 0x28, 
  0x28, 0x28, 0x28, 0x28, 0x28, 0x28, 0x28, 0x28, 0x28, 0x28, 0x28, 0x28, 0x28, 0x28, 0x28, 0x28, 0x28, 0x28, 0x28, 0x28, 0x28, 0x28, 0x28, 0x28, 0x28, 0x28, 0x28, 0x28, 0x28, 0x28, 0x28, 0x28, 0x28, 0x28, 0x28, 0x28, 0x28, 0x28, 0x28, 0x28, 0x28, 0x28, 0x28, 0x28, 0x28, 0x28, 0x28, 0x28, 0x28, 0x28, 0x28, 0x28, 0x28, 0x28, 0x28, 0x28, 0x28, 0x28, 0x28, 0x28, 0x28, 0xbd, 0x91, 0x8e, 0x8f, 0x8e, 0x8f, 0x8e, 0x90, 0xac, 0xc2, 0x28, 0x28, 0x28, 0x28, 0x28, 0x28, 0x28, 0x28, 0x28, 0x28, 0x28, 0x28, 0x28, 0x28, 0x28, 0x28, 0x28, 0x28, 0x28, 0x24, 0xe9, 0x28, 0x28, 0x28, 0x28, 0x28, 0x28, 0x28, 0x28, 0x0a, 0x00, 0x00, 0x00, 0x01, 0x24, 0x28, 0x28, 0x28, 0x28, 0x28, 0x28, 0x28, 0x28, 0x28, 0x28, 0x28, 0x28, 0xcb, 0x00, 0x00, 0x00, 0x28, 0x28, 0x28, 0x28, 0x28, 0x28, 0x00, 0x00, 0x00, 0xd1, 0x28, 0x28, 0x28, 0x0f, 0x00, 0x00, 0x0c, 0x28, 0x28, 0x28, 0x26, 0x0b, 0x00, 0x00, 0x01, 0x33, 0xe3, 0x30, 0x00, 0x00, 0x00, 0xfa, 0x28, 0x28, 0x28, 0x28, 0x28, 0x28, 0x28, 0x28, 0x28, 0x28, 0x28, 0x28, 0x28, 0x28, 0x28, 0x28, 0x28, 0x28, 0x28, 0x28, 0x28, 0x28, 0x28, 0x28, 0xc7, 0xb6, 0x94, 0x8f, 0x8e, 0x8e, 0x8f, 0x8e, 0x8f, 0xb1, 0xc7, 0x28, 0x28, 0x28, 0x28, 0x28, 0x28, 0x28, 0x28, 0x28, 0x28, 0x28, 0x28, 0x28, 0x28, 0x28, 0x28, 0x28, 0x28, 0x28, 0x28, 0x28, 0x28, 0x28, 0x28, 0x28, 0x28, 0x28, 0x28, 0x28, 0x28, 0x28, 0x28, 0x28, 0x28, 0x28, 0x28, 0x28, 0x28, 0x28, 0x28, 0x28, 0x28, 0x28, 0x28, 0x28, 0x28, 0x28, 0x28, 0x28, 0x28, 0x28, 0x28, 0x28, 0x28, 0x28, 0x28, 0x28, 0x28, 0x28, 0x28, 0x28, 0x28, 0x28, 0x28, 0x28, 0x28, 0x28, 0x28, 0x28, 0x28, 0x28, 0x28, 0x28, 0x28, 0x28, 0x6d, 0x43, 0x43, 0x43, 0x43, 0x43, 0x63, 0x28, 0x28, 0x28, 0x28, 0x28, 0x28, 0x28, 0x63, 0x46, 0x43, 0x43, 0x43, 0x43, 0x6d, 0x28, 0x28, 0x28, 0x28, 0x28, 0x28, 0x28, 0x28, 0x28, 0x28, 0x28, 0x28, 0x28, 0x28, 0x28, 0x28, 0x28, 0x28, 0x28, 0x28, 0x28, 0x28, 0x28, 0x28, 0x28, 0x28, 0x28, 0x28, 0x51, 0x43, 0x43, 0x43, 0x43, 0x47, 0x28, 0x28, 0x28, 0x28, 0x28, 0x28, 0x28, 0x28, 0x28, 0x28, 0x6d, 0x43, 0x43, 0x43, 0x43, 0x43, 0x43, 0x46, 0x43, 0x47, 0x4c, 0x51, 0x58, 0x6c, 0xc8, 0x28, 0x28, 0x28, 0x28, 0x28, 0x28, 0x28, 0x28, 0x28, 0x28, 0x28, 0x28, 0x28, 0x28, 0x28, 0x28, 0x28, 0x51, 0x43, 0x43, 0x46, 0x43, 0x43, 0x43, 0x43, 0x46, 0x43, 0x43, 0x43, 0x43, 0x5f, 0x28, 0x28, 0x28, 0x28, 0x28, 0x28, 0x28, 0x28, 0x28, 0x28, 0x28, 0x28, 0x28, 0x28, 0x28, 0x28, 0x28, 0x28, 0x28, 0x28, 0x28, 0x28, 0x28, 0x28, 0x28, 0x28, 0x28, 0x28, 0x28, 0x28, 0x28, 0x28, 0x28, 0x28, 0x28, 0x28, 0x28, 0x28, 0x28, 0x28, 0x28, 0x28, 0x28, 0x28, 0x28, 0x28, 0x28, 0x28, 0x28, 0x28, 0x28, 0x28, 0x28, 0x28, 0x28, 0x28, 0x28, 0x28, 0x28, 0x28, 0x28, 0x28, 0x28, 0x28, 0x28, 0x28, 0x28, 0x28, 0x28, 0x28, 0x28, 0x28, 0x28, 0x28, 0x28, 0x28, 0x28, 0x28, 0x28, 0x28, 0x28, 0x28, 0x28, 0x28, 0x28, 0x28, 0x28, 0x28, 0x28, 0x28, 0x28, 0x28, 0x28, 0x28, 0x28, 0x28, 0x28, 0x28, 0x28, 0x28, 0x28, 0x28, 0x28, 0x28, 0x28, 
  0x28, 0x28, 0x28, 0x28, 0x28, 0x28, 0x28, 0x28, 0x28, 0x28, 0x28, 0x28, 0x28, 0x28, 0x28, 0x28, 0x28, 0x28, 0x28, 0x28, 0x28, 0x28, 0x28, 0x28, 0x28, 0x28, 0x28, 0x28, 0x28, 0x28, 0x28, 0x28, 0x28, 0x28, 0x28, 0x28, 0x28, 0x28, 0x28, 0x28, 0x28, 0x28, 0x28, 0x28, 0x28, 0x28, 0x28, 0x28, 0x28, 0x28, 0x28, 0x28, 0x28, 0x28, 0x28, 0x28, 0x28, 0x28, 0x28, 0xc7, 0xaa, 0x8e, 0x8e, 0x8e, 0x8e, 0x8e, 0x8e, 0x94, 0xbd, 0x28, 0x28, 0x28, 0x28, 0x28, 0x28, 0x28, 0x28, 0x28, 0x28, 0x28, 0x28, 0x28, 0x28, 0x28, 0x28, 0x28, 0x28, 0x28, 0x28, 0xf8, 0x01, 0x00, 0x16, 0x28, 0x28, 0x28, 0x28, 0x28, 0x28, 0x28, 0x03, 0x00, 0x00, 0x00, 0x00, 0x0a, 0x28, 0x28, 0x28, 0x28, 0x28, 0x28, 0x28, 0x28, 0x28, 0x28, 0x28, 0x28, 0xcb, 0x00, 0x00, 0x00, 0x28, 0x28, 0x28, 0x28, 0x28, 0x28, 0x00, 0x00, 0x00, 0xed, 0x28, 0x28, 0x28, 0xd9, 0x00, 0x00, 0xe2, 0x28, 0x28, 0x28, 0xfa, 0x00, 0x00, 0x00, 0xe9, 0x28, 0x28, 0x28, 0xed, 0x01, 0x00, 0x03, 0x26, 0x28, 0x28, 0x28, 0x28, 0xd0, 0xdc, 0x22, 0x28, 0x28, 0x28, 0x28, 0x28, 0x28, 0x28, 0x28, 0x28, 0x28, 0x28, 0x28, 0x28, 0x28, 0x28, 0x28, 0x28, 0x28, 0xc7, 0xa3, 0x8e, 0x8e, 0x8f, 0x8e, 0x8f, 0x8e, 0x9b, 0xc0, 0x28, 0x28, 0x28, 0x28, 0x28, 0x28, 0x28, 0x28, 0x28, 0x28, 0x28, 0x28, 0x28, 0x28, 0x28, 0x28, 0x28, 0x28, 0x28, 0x28, 0x28, 0x28, 0x28, 0x28, 0x28, 0x28, 0x28, 0x28, 0x28, 0x28, 0x28, 0x28, 0x28, 0x28, 0x28, 0x28, 0x28, 0x28, 0x28, 0x28, 0x28, 0x28, 0x28, 0x28, 0x28, 0x28, 0x28, 0x28, 0x28, 0x28, 0x28, 0x28, 0x28, 0x28, 0x28, 0x28, 0x28, 0x28, 0x28, 0x28, 0x28, 0x28, 0x28, 0x28, 0x28, 0x28, 0x28, 0x28, 0x28, 0x28, 0x28, 0x28, 0x28, 0x28, 0x69, 0x43, 0x43, 0x43, 0x43, 0x43, 0x63, 0x28, 0x28, 0x28, 0x28, 0x28, 0x28, 0x28, 0x5e, 0x40, 0x43, 0x43, 0x43, 0x43, 0x63, 0x6d, 0x69, 0x6d, 0x69, 0x6d, 0x6b, 0x70, 0x28, 0x28, 0x28, 0x28, 0x28, 0x28, 0x28, 0x28, 0x28, 0x28, 0x28, 0x28, 0x28, 0x28, 0x28, 0x28, 0x28, 0x28, 0x28, 0x28, 0x28, 0x51, 0x43, 0x43, 0x43, 0x43, 0x43, 0x28, 0x28, 0x28, 0x28, 0x28, 0x28, 0x28, 0x28, 0x28, 0xc9, 0x45, 0x43, 0x43, 0x43, 0x43, 0x43, 0x43, 0x43, 0x43, 0x43, 0x40, 0x43, 0x43, 0x43, 0x43, 0x5e, 0x70, 0x28, 0x28, 0x28, 0x28, 0x28, 0x28, 0x28, 0x28, 0x28, 0x28, 0x28, 0x28, 0x28, 0x28, 0x28, 0x6d, 0x43, 0x43, 0x43, 0x43, 0x43, 0x43, 0x43, 0x43, 0x43, 0x43, 0x40, 0x4c, 0xc9, 0x28, 0x28, 0x28, 0x28, 0x28, 0x28, 0x28, 0x28, 0x28, 0x28, 0x28, 0x28, 0x28, 0x28, 0x28, 0x28, 0x28, 0x28, 0x28, 0x28, 0x28, 0x28, 0x28, 0x28, 0x28, 0x28, 0x28, 0x28, 0x28, 0x28, 0x28, 0x28, 0x28, 0x28, 0x28, 0x28, 0x28, 0x28, 0x28, 0x28, 0x28, 0x28, 0x28, 0x28, 0x28, 0x28, 0x28, 0x28, 0x28, 0x28, 0x28, 0x28, 0x28, 0x28, 0x28, 0x28, 0x28, 0x28, 0x28, 0x28, 0x28, 0x28, 0x28, 0x28, 0x28, 0x28, 0x28, 0x28, 0x28, 0x28, 0x28, 0x28, 0x28, 0x28, 0x28, 0x28, 0x28, 0x28, 0x28, 0x28, 0x28, 0x28, 0x28, 0x28, 0x28, 0x28, 0x28, 0x28, 0x28, 0x28, 0x28, 0x28, 0x28, 0x28, 0x28, 0x28, 0x28, 0x28, 0x28, 0x28, 0x28, 0x28, 0x28, 0x28, 0x28, 
  0x28, 0x28, 0x28, 0x28, 0x28, 0x28, 0x28, 0x28, 0x28, 0x28, 0x28, 0x28, 0x28, 0x28, 0x28, 0x28, 0x28, 0x28, 0x28, 0x28, 0x28, 0x28, 0x28, 0x28, 0x28, 0x28, 0x28, 0x28, 0x28, 0x28, 0x28, 0x28, 0x28, 0x28, 0x28, 0x28, 0x28, 0x28, 0x28, 0x28, 0x28, 0x28, 0x28, 0x28, 0x28, 0x28, 0x28, 0x28, 0x28, 0x28, 0x28, 0x28, 0x28, 0x28, 0x28, 0x28, 0x28, 0x28, 0xb7, 0x91, 0x8e, 0x8f, 0x8e, 0x8f, 0x8e, 0x9c, 0xbc, 0x28, 0x28, 0x28, 0x28, 0x28, 0x28, 0x28, 0x28, 0x28, 0x28, 0x28, 0x28, 0x28, 0x28, 0x28, 0x28, 0x28, 0x28, 0x28, 0x28, 0x28, 0x28, 0x12, 0x00, 0x00, 0x0b, 0x28, 0x28, 0x28, 0x28, 0x28, 0x28, 0x24, 0x00, 0x00, 0x05, 0x04, 0x00, 0x00, 0xe3, 0x28, 0x28, 0x28, 0x28, 0x28, 0x28, 0x28, 0x28, 0x28, 0x28, 0x28, 0x1e, 0x00, 0x00, 0x00, 0x02, 0x03, 0x03, 0x03, 0x03, 0x03, 0x00, 0x00, 0x00, 0xd1, 0x28, 0x28, 0x28, 0x34, 0x00, 0x00, 0xcb, 0x28, 0x28, 0x28, 0x0a, 0x00, 0x00, 0xe1, 0x28, 0x28, 0x28, 0x28, 0x28, 0x03, 0x00, 0x00, 0xed, 0x28, 0x28, 0x28, 0x28, 0x18, 0x00, 0x00, 0x0a, 0xcf, 0x28, 0x28, 0x28, 0x28, 0x28, 0x28, 0x28, 0x28, 0x28, 0x28, 0x28, 0x28, 0x28, 0x28, 0x28, 0x28, 0x28, 0x28, 0xc5, 0xa9, 0x8f, 0x8e, 0x8e, 0x8f, 0x8e, 0x8e, 0xad, 0xc6, 0x28, 0x28, 0x28, 0x28, 0x28, 0x28, 0x28, 0x28, 0x28, 0x28, 0x28, 0x28, 0x28, 0x28, 0x28, 0x28, 0x28, 0x28, 0x28, 0x28, 0x28, 0x28, 0x28, 0x28, 0x28, 0x28, 0x28, 0x28, 0x28, 0x28, 0x28, 0x28, 0x28, 0x28, 0x28, 0x28, 0x28, 0x28, 0x28, 0x28, 0x28, 0x28, 0x28, 0x28, 0x28, 0x28, 0x28, 0x28, 0x28, 0x28, 0x28, 0x28, 0x28, 0x28, 0x28, 0x28, 0x28, 0x28, 0x28, 0x28, 0x28, 0x28, 0x28, 0x28, 0x28, 0x28, 0x28, 0x28, 0x28, 0x28, 0x28, 0x28, 0x69, 0x40, 0x43, 0x40, 0x43, 0x40, 0x63, 0x28, 0x28, 0x28, 0x28, 0x28, 0x28, 0x28, 0x58, 0x43, 0x43, 0x40, 0x43, 0x40, 0x43, 0x40, 0x40, 0x40, 0x43, 0x40, 0x43, 0x40, 0x40, 0x51, 0x5f, 0x70, 0x28, 0x28, 0x28, 0x28, 0x28, 0x28, 0x28, 0x28, 0x28, 0x28, 0x28, 0x28, 0x28, 0x28, 0x28, 0x28, 0x28, 0x51, 0x40, 0x40, 0x43, 0x40, 0x42, 0x28, 0x28, 0x28, 0x28, 0x28, 0x28, 0x28, 0x28, 0x28, 0x5e, 0x43, 0x40, 0x40, 0x43, 0x40, 0x40, 0x40, 0x43, 0x40, 0x43, 0x40, 0x43, 0x40, 0x40, 0x40, 0x43, 0x42, 0x68, 0x28, 0x28, 0x28, 0x28, 0x28, 0x28, 0x28, 0x28, 0x28, 0x28, 0x28, 0x28, 0x28, 0x28, 0x28, 0x5e, 0x40, 0x43, 0x40, 0x40, 0x43, 0x40, 0x40, 0x43, 0x40, 0x43, 0x69, 0x28, 0x28, 0x28, 0x28, 0x28, 0x28, 0x28, 0x28, 0x28, 0x28, 0x28, 0x28, 0x28, 0x28, 0x28, 0x28, 0x28, 0x28, 0x28, 0x28, 0x28, 0x28, 0x28, 0x28, 0x28, 0x28, 0x28, 0x28, 0x28, 0x28, 0x28, 0x28, 0x28, 0x28, 0x28, 0x28, 0x28, 0x28, 0x28, 0x28, 0x28, 0x28, 0x28, 0x28, 0x28, 0x28, 0x28, 0x28, 0x28, 0x28, 0x28, 0x28, 0x28, 0x28, 0x28, 0x28, 0x28, 0x28, 0x28, 0x28, 0x28, 0x28, 0x28, 0x28, 0x28, 0x28, 0x28, 0x28, 0x28, 0x28, 0x28, 0x28, 0x28, 0x28, 0x28, 0x28, 0x28, 0x28, 0x28, 0x28, 0x28, 0x28, 0x28, 0x28, 0x28, 0x28, 0x28, 0x28, 0x28, 0x28, 0x28, 0x28, 0x28, 0x28, 0x28, 0x28, 0x28, 0x28, 0x28, 0x28, 0x28, 0x28, 0x28, 0x28, 0x28, 0x28, 
  0x28, 0x28, 0x28, 0x28, 0x28, 0x28, 0x28, 0x28, 0x28, 0x28, 0x28, 0x28, 0x28, 0x28, 0x28, 0x28, 0x28, 0x28, 0x28, 0x28, 0x28, 0x28, 0x28, 0x28, 0x28, 0x28, 0x28, 0x28, 0x28, 0x28, 0x28, 0x28, 0x28, 0x28, 0x28, 0x28, 0x28, 0x28, 0x28, 0x28, 0x28, 0x28, 0x28, 0x28, 0x28, 0x28, 0x28, 0x28, 0x28, 0x28, 0x28, 0x28, 0x28, 0x28, 0x28, 0x28, 0xc5, 0x90, 0x8e, 0x8e, 0x8f, 0x8e, 0x8e, 0x8f, 0xb7, 0x28, 0x28, 0x28, 0x28, 0x28, 0x28, 0x28, 0x28, 0x28, 0x28, 0x28, 0x28, 0x28, 0x28, 0x28, 0x28, 0x28, 0x24, 0xf3, 0x06, 0x28, 0x28, 0x28, 0x28, 0xf7, 0x00, 0x00, 0x02, 0x28, 0x28, 0x28, 0x28, 0x28, 0x28, 0x17, 0x00, 0x00, 0xff, 0xcb, 0x00, 0x00, 0x00, 0x23, 0x28, 0x28, 0x28, 0x28, 0x28, 0x28, 0x28, 0x28, 0x28, 0x28, 0x1c, 0x00, 0x00, 0x00, 0x00, 0x00, 0x00, 0x00, 0x00, 0x00, 0x00, 0x00, 0x00, 0x18, 0x28, 0x28, 0x28, 0x29, 0x00, 0x01, 0x28, 0x28, 0x28, 0xd0, 0x01, 0x00, 0x00, 0x26, 0x28, 0x28, 0x28, 0x28, 0x28, 0x29, 0x02, 0x00, 0x1a, 0x28, 0x28, 0x28, 0x28, 0x0f, 0x00, 0x00, 0x29, 0x28, 0x28, 0x28, 0x28, 0x28, 0x28, 0x28, 0x28, 0x28, 0x28, 0x28, 0x28, 0x28, 0x28, 0x28, 0x28, 0x28, 0x28, 0x28, 0x28, 0x28, 0xc4, 0x97, 0x8f, 0x8e, 0x8f, 0x8e, 0x8e, 0x8e, 0xbd, 0x28, 0x28, 0x28, 0x28, 0x28, 0x28, 0x28, 0x28, 0x28, 0x28, 0x28, 0x28, 0x28, 0x28, 0x28, 0x28, 0x28, 0x28, 0x28, 0x28, 0x28, 0x28, 0x28, 0x28, 0x28, 0x28, 0x28, 0x28, 0x28, 0x28, 0x28, 0x28, 0x28, 0x28, 0x28, 0x28, 0x28, 0x28, 0x28, 0x28, 0x28, 0x28, 0x28, 0x28, 0x28, 0x28, 0x28, 0x28, 0x28, 0x28, 0x28, 0x28, 0x28, 0x28, 0x28, 0x28, 0x28, 0x28, 0x28, 0x28, 0x28, 0x28, 0x28, 0x28, 0x28, 0x28, 0x28, 0x28, 0x28, 0x28, 0x28, 0x69, 0x40, 0x40, 0x40, 0x40, 0x40, 0x63, 0x28, 0x28, 0x28, 0x28, 0x28, 0x28, 0x28, 0x53, 0x40, 0x40, 0x40, 0x40, 0x40, 0x40, 0x40, 0x40, 0x40, 0x40, 0x40, 0x40, 0x40, 0x40, 0x40, 0x40, 0x40, 0x53, 0x70, 0x28, 0x28, 0x28, 0x28, 0x28, 0x28, 0x28, 0x28, 0x28, 0x28, 0x28, 0x28, 0x28, 0x28, 0x28, 0x4b, 0x40, 0x40, 0x40, 0x40, 0x43, 0x28, 0x28, 0x28, 0x28, 0x28, 0x28, 0x28, 0x28, 0x69, 0x40, 0x40, 0x40, 0x40, 0x40, 0x40, 0x40, 0x40, 0x40, 0x40, 0x40, 0x40, 0x40, 0x40, 0x40, 0x40, 0x40, 0x40, 0x40, 0x5e, 0x28, 0x28, 0x28, 0x28, 0x28, 0x28, 0x28, 0x28, 0x28, 0x28, 0x28, 0x28, 0x28, 0x28, 0xc8, 0x45, 0x40, 0x40, 0x40, 0x40, 0x40, 0x40, 0x40, 0x40, 0x58, 0x28, 0x28, 0x28, 0x28, 0x28, 0x28, 0x28, 0x28, 0x28, 0x28, 0x28, 0x28, 0x28, 0x28, 0x28, 0x28, 0x28, 0x28, 0x28, 0x28, 0x28, 0x28, 0x28, 0x28, 0x28, 0x28, 0x28, 0x28, 0x28, 0x28, 0x28, 0x28, 0x28, 0x28, 0x28, 0x28, 0x28, 0x28, 0x28, 0x28, 0x28, 0x28, 0x28, 0x28, 0x28, 0x28, 0x28, 0x28, 0x28, 0x28, 0x28, 0x28, 0x28, 0x28, 0x28, 0x28, 0x28, 0x28, 0x28, 0x28, 0x28, 0x28, 0x28, 0x28, 0x28, 0x28, 0x28, 0x28, 0x28, 0x28, 0x28, 0x28, 0x28, 0x28, 0x28, 0x28, 0x28, 0x28, 0x28, 0x28, 0x28, 0x28, 0x28, 0x28, 0x28, 0x28, 0x28, 0x28, 0x28, 0x28, 0x28, 0x28, 0x28, 0x28, 0x28, 0x28, 0x28, 0x28, 0x28, 0x28, 0x28, 0x28, 0x28, 0x28, 0x28, 0x28, 0x28, 
  0x28, 0x28, 0x28, 0x28, 0x28, 0x28, 0x28, 0x28, 0x28, 0x28, 0x28, 0x28, 0x28, 0x28, 0x28, 0x28, 0x28, 0x28, 0x28, 0x28, 0x28, 0x28, 0x28, 0x28, 0x28, 0x28, 0x28, 0x28, 0x28, 0x28, 0x28, 0x28, 0x28, 0x28, 0x28, 0x28, 0x28, 0x28, 0x28, 0x28, 0x28, 0x28, 0x28, 0x28, 0x28, 0x28, 0x28, 0x28, 0x28, 0x28, 0x28, 0x28, 0x28, 0x28, 0x28, 0xbf, 0x91, 0x8f, 0x8e, 0x8f, 0x8f, 0x8e, 0x9b, 0xc5, 0x28, 0x28, 0x28, 0x28, 0x28, 0x28, 0x28, 0x28, 0x28, 0x28, 0x28, 0x28, 0x28, 0x28, 0x28, 0x28, 0x28, 0x1f, 0x02, 0x00, 0x00, 0xf0, 0x28, 0x28, 0x28, 0x23, 0x01, 0x00, 0x00, 0x25, 0x28, 0x28, 0x28, 0x28, 0x28, 0xe4, 0x00, 0x00, 0x7d, 0x28, 0x0a, 0x00, 0x00, 0x07, 0x28, 0x28, 0x28, 0x28, 0x28, 0x28, 0x28, 0x28, 0x28, 0x28, 0x1b, 0x00, 0x00, 0x00, 0xf8, 0xe1, 0x12, 0x11, 0xdf, 0xde, 0x00, 0x00, 0x00, 0xed, 0x28, 0x28, 0x28, 0x07, 0x00, 0x02, 0x28, 0x28, 0x28, 0xfa, 0x00, 0x00, 0x02, 0x28, 0x28, 0x28, 0x28, 0x28, 0x28, 0x28, 0x28, 0xe8, 0xf0, 0x28, 0x28, 0x28, 0xf0, 0x02, 0x00, 0x00, 0xef, 0x28, 0x28, 0x28, 0x28, 0x28, 0xd0, 0x28, 0x28, 0x28, 0x28, 0x28, 0x28, 0x28, 0x28, 0x28, 0x28, 0x28, 0x28, 0x28, 0x28, 0x28, 0x28, 0x28, 0xaa, 0x8f, 0x8e, 0x8f, 0x8e, 0x8f, 0x8e, 0xb9, 0xc9, 0x28, 0x28, 0x28, 0x28, 0x28, 0x28, 0x28, 0x28, 0x28, 0x28, 0x28, 0x28, 0x28, 0x28, 0x28, 0x28, 0x28, 0x28, 0x28, 0x28, 0x28, 0x28, 0x28, 0x28, 0x28, 0x28, 0x28, 0x28, 0x28, 0x28, 0x28, 0x28, 0x28, 0x28, 0x28, 0x28, 0x28, 0x28, 0x28, 0x28, 0x28, 0x28, 0x28, 0x28, 0x28, 0x28, 0x28, 0x28, 0x28, 0x28, 0x28, 0x28, 0x28, 0x28, 0x28, 0x28, 0x28, 0x28, 0x28, 0x28, 0x28, 0x28, 0x28, 0x28, 0x28, 0x28, 0x28, 0x28, 0x28, 0x69, 0x40, 0x3d, 0x40, 0x3d, 0x40, 0x63, 0x28, 0x28, 0x28, 0x28, 0x28, 0x28, 0x28, 0x4b, 0x40, 0x40, 0x3d, 0x40, 0x40, 0x40, 0x3d, 0x40, 0x40, 0x3d, 0x40, 0x40, 0x3d, 0x40, 0x3d, 0x40, 0x3d, 0x40, 0x42, 0x68, 0x28, 0x28, 0x28, 0x28, 0x28, 0x28, 0x28, 0x28, 0x28, 0x28, 0x28, 0x28, 0x28, 0x28, 0x51, 0x3d, 0x40, 0x3d, 0x40, 0x42, 0x28, 0x28, 0x28, 0x28, 0x28, 0x28, 0x28, 0xc9, 0x45, 0x40, 0x3d, 0x40, 0x3d, 0x40, 0x3d, 0x40, 0x3d, 0x40, 0x3d, 0x40, 0x3d, 0x40, 0x3d, 0x40, 0x3d, 0x40, 0x3d, 0x40, 0x3d, 0x5f, 0x28, 0x28, 0x28, 0x28, 0x28, 0x28, 0x28, 0x28, 0x28, 0x28, 0x28, 0x28, 0x28, 0x28, 0x68, 0x40, 0x3d, 0x40, 0x3d, 0x40, 0x3d, 0x40, 0x42, 0x70, 0x28, 0x28, 0x28, 0x28, 0x28, 0x28, 0x28, 0x28, 0x28, 0x28, 0x28, 0x28, 0x28, 0x28, 0x28, 0x28, 0x28, 0x28, 0x28, 0x28, 0x28, 0x28, 0x28, 0x28, 0x28, 0x28, 0x28, 0x28, 0x28, 0x28, 0x28, 0x28, 0x28, 0x28, 0x28, 0x28, 0x28, 0x28, 0x28, 0x28, 0x28, 0x28, 0x28, 0x28, 0x28, 0x28, 0x28, 0x28, 0x28, 0x28, 0x28, 0x28, 0x28, 0x28, 0x28, 0x28, 0x28, 0x28, 0x28, 0x28, 0x28, 0x28, 0x28, 0x28, 0x28, 0x28, 0x28, 0x28, 0x28, 0x28, 0x28, 0x28, 0x28, 0x28, 0x28, 0x28, 0x28, 0x28, 0x28, 0x28, 0x28, 0x28, 0x28, 0x28, 0x28, 0x28, 0x28, 0x28, 0x28, 0x28, 0x28, 0x28, 0x28, 0x28, 0x28, 0x28, 0x28, 0x28, 0x28, 0x28, 0x28, 0x28, 0x28, 0x28, 0x28, 0x28, 0x28, 
  0x28, 0x28, 0x28, 0x28, 0x28, 0x28, 0x28, 0x28, 0x28, 0x28, 0x28, 0x28, 0x28, 0x28, 0x28, 0x28, 0x28, 0x28, 0x28, 0x28, 0x28, 0x28, 0x28, 0x28, 0x28, 0x28, 0x28, 0x28, 0x28, 0x28, 0x28, 0x28, 0x28, 0x28, 0x28, 0x28, 0x28, 0x28, 0x28, 0x28, 0x28, 0x28, 0x28, 0x28, 0x28, 0x28, 0x28, 0x28, 0x28, 0x28, 0x28, 0x28, 0x28, 0xc7, 0xae, 0x8e, 0x8f, 0x8e, 0x8e, 0x8e, 0x94, 0xb1, 0x28, 0x28, 0x28, 0x28, 0x28, 0x28, 0x28, 0x28, 0x28, 0x28, 0x28, 0x28, 0x28, 0x28, 0x28, 0x28, 0x28, 0x28, 0x28, 0xd0, 0x08, 0x00, 0x00, 0x0d, 0x28, 0x28, 0x28, 0x28, 0xca, 0x00, 0x00, 0x33, 0x28, 0x28, 0x28, 0x28, 0x28, 0x33, 0x00, 0x00, 0xf8, 0x28, 0x21, 0x00, 0x00, 0x00, 0x1f, 0x28, 0x28, 0x28, 0x28, 0x28, 0x28, 0x28, 0x28, 0x28, 0x1b, 0x00, 0x00, 0x00, 0x28, 0x28, 0x28, 0x28, 0x28, 0x28, 0x00, 0x00, 0x00, 0x18, 0x28, 0x28, 0x28, 0x01, 0x00, 0x03, 0x28, 0x28, 0x28, 0x0b, 0x00, 0x00, 0x31, 0x28, 0x28, 0x20, 0x15, 0xce, 0xd0, 0x28, 0x28, 0x28, 0x28, 0x28, 0x28, 0x28, 0xf5, 0x00, 0x00, 0x00, 0x26, 0x28, 0x28, 0x28, 0x28, 0x28, 0xe9, 0x06, 0x14, 0xce, 0x28, 0x28, 0x28, 0x28, 0x28, 0x28, 0x28, 0x28, 0x28, 0x28, 0x28, 0x28, 0x28, 0x28, 0x28, 0xbc, 0xa3, 0x8e, 0x8f, 0x8e, 0x8f, 0x8e, 0x97, 0xc2, 0x28, 0x28, 0x28, 0x28, 0x28, 0x28, 0x28, 0x28, 0x28, 0x28, 0x28, 0x28, 0x28, 0x28, 0x28, 0x28, 0x28, 0x28, 0x28, 0x28, 0x28, 0x28, 0x28, 0x28, 0x28, 0x28, 0x28, 0x28, 0x28, 0x28, 0x28, 0x28, 0x28, 0x28, 0x28, 0x28, 0x28, 0x28, 0x28, 0x28, 0x28, 0x28, 0x28, 0x28, 0x28, 0x28, 0x28, 0x28, 0x28, 0x28, 0x28, 0x28, 0x28, 0x28, 0x28, 0x28, 0x28, 0x28, 0x28, 0x28, 0x28, 0x28, 0x28, 0x28, 0x28, 0x28, 0x28, 0x28, 0x69, 0x3d, 0x3d, 0x3d, 0x3d, 0x3d, 0x63, 0x28, 0x28, 0x28, 0x28, 0x28, 0x28, 0x28, 0x45, 0x3d, 0x3d, 0x3d, 0x3d, 0x3d, 0x3d, 0x3d, 0x3d, 0x3d, 0x3d, 0x3d, 0x3d, 0x3d, 0x3d, 0x40, 0x3d, 0x3d, 0x3d, 0x3d, 0x3d, 0x63, 0x28, 0x28, 0x28, 0x28, 0x28, 0x28, 0x28, 0x28, 0x28, 0x28, 0x28, 0x28, 0x28, 0x4b, 0x3d, 0x3d, 0x3d, 0x3d, 0x42, 0x28, 0x28, 0x28, 0x28, 0x28, 0x28, 0x28, 0x5f, 0x3d, 0x3d, 0x40, 0x3d, 0x3d, 0x3d, 0x3d, 0x3d, 0x3d, 0x45, 0x4b, 0x4b, 0x45, 0x3d, 0x3d, 0x40, 0x3d, 0x3d, 0x3d, 0x3d, 0x40, 0x3d, 0x68, 0x28, 0x28, 0x28, 0x28, 0x28, 0x28, 0x28, 0x28, 0x28, 0x28, 0x28, 0x28, 0x28, 0x28, 0x4b, 0x3d, 0x3d, 0x3d, 0x3d, 0x3d, 0x3d, 0x5f, 0x28, 0x28, 0x28, 0x28, 0x28, 0x28, 0x28, 0x28, 0x28, 0x28, 0x28, 0x28, 0x28, 0x28, 0x28, 0x28, 0x28, 0x28, 0x28, 0x28, 0x28, 0x28, 0x28, 0x28, 0x28, 0x28, 0x28, 0x28, 0x28, 0x28, 0x28, 0x28, 0x28, 0x28, 0x28, 0x28, 0x28, 0x28, 0x28, 0x28, 0x28, 0x28, 0x28, 0x28, 0x28, 0x28, 0x28, 0x28, 0x28, 0x28, 0x28, 0x28, 0x28, 0x28, 0x28, 0x28, 0x28, 0x28, 0x28, 0x28, 0x28, 0x28, 0x28, 0x28, 0x28, 0x28, 0x28, 0x28, 0x28, 0x28, 0x28, 0x28, 0x28, 0x28, 0x28, 0x28, 0x28, 0x28, 0x28, 0x28, 0x28, 0x28, 0x28, 0x28, 0x28, 0x28, 0x28, 0x28, 0x28, 0x28, 0x28, 0x28, 0x28, 0x28, 0x28, 0x28, 0x28, 0x28, 0x28, 0x28, 0x28, 0x28, 0x28, 0x28, 0x28, 0x28, 0x28, 0x28, 
  0x28, 0x28, 0x28, 0x28, 0x28, 0x28, 0x28, 0x28, 0x28, 0x28, 0x28, 0x28, 0x28, 0x28, 0x28, 0x28, 0x28, 0x28, 0x28, 0x28, 0x28, 0x28, 0x28, 0x28, 0x28, 0x28, 0x28, 0x28, 0x28, 0x28, 0x28, 0x28, 0x28, 0x28, 0x28, 0x28, 0x28, 0x28, 0x28, 0x28, 0x28, 0x28, 0x28, 0x28, 0x28, 0x28, 0x28, 0x28, 0x28, 0x28, 0x28, 0x28, 0xc9, 0x91, 0x8e, 0x8f, 0x8e, 0x8e, 0x8f, 0x9e, 0x28, 0x28, 0x28, 0x28, 0x28, 0x28, 0x28, 0x28, 0x28, 0x28, 0x28, 0x28, 0x28, 0x28, 0x28, 0x28, 0x28, 0x28, 0x28, 0x28, 0x28, 0x28, 0xf7, 0x00, 0x00, 0x00, 0x22, 0x28, 0x28, 0x28, 0xfc, 0x00, 0x00, 0x03, 0x28, 0x28, 0x28, 0x28, 0x28, 0xff, 0x00, 0x00, 0xf6, 0x28, 0x28, 0x02, 0x00, 0x00, 0x03, 0x28, 0x28, 0x28, 0x28, 0x28, 0x28, 0x28, 0x28, 0x28, 0x54, 0x00, 0x00, 0x01, 0x28, 0x28, 0x28, 0x28, 0x28, 0x28, 0x00, 0x00, 0x00, 0x18, 0x28, 0x28, 0x21, 0x00, 0x00, 0x04, 0x28, 0x28, 0x28, 0x08, 0x00, 0x00, 0xe5, 0x28, 0x28, 0xf8, 0x00, 0x00, 0x00, 0x33, 0xce, 0x28, 0x28, 0x28, 0x28, 0x28, 0x29, 0x00, 0x00, 0x0d, 0x28, 0x28, 0x28, 0x28, 0x28, 0x28, 0x29, 0x00, 0x00, 0x7a, 0x28, 0x28, 0x28, 0x28, 0x28, 0x28, 0x28, 0x28, 0x28, 0x28, 0x28, 0x28, 0x28, 0x28, 0x28, 0x28, 0x28, 0xb1, 0x8f, 0x8e, 0x8f, 0x8e, 0x8e, 0x8e, 0xb9, 0x28, 0x28, 0x28, 0x28, 0x28, 0x28, 0x28, 0x28, 0x28, 0x28, 0x28, 0x28, 0x28, 0x28, 0x28, 0x28, 0x28, 0x28, 0x28, 0x28, 0x28, 0x28, 0x28, 0x28, 0x28, 0x28, 0x28, 0x28, 0x28, 0x28, 0x28, 0x28, 0x28, 0x28, 0x28, 0x28, 0x28, 0x28, 0x28, 0x28, 0x28, 0x28, 0x28, 0x28, 0x28, 0x28, 0x28, 0x28, 0x28, 0x28, 0x28, 0x28, 0x28, 0x28, 0x28, 0x28, 0x28, 0x28, 0x28, 0x28, 0x28, 0x28, 0x28, 0x28, 0x28, 0x28, 0x28, 0x69, 0x3d, 0x3d, 0x3d, 0x3d, 0x3d, 0x63, 0xc9, 0x28, 0x28, 0x28, 0x28, 0x28, 0x28, 0x45, 0x3d, 0x3d, 0x3d, 0x3d, 0x3d, 0x3d, 0x3d, 0x3d, 0x3d, 0x3d, 0x3d, 0x3d, 0x3d, 0x3d, 0x3d, 0x3d, 0x3d, 0x3d, 0x3d, 0x3d, 0x3d, 0x62, 0x28, 0x28, 0x28, 0x28, 0x28, 0x28, 0x28, 0x28, 0x28, 0x28, 0x28, 0x28, 0x4b, 0x3d, 0x3d, 0x3d, 0x3d, 0x3e, 0x28, 0x28, 0x28, 0x28, 0x28, 0x28, 0xc8, 0x42, 0x3d, 0x3d, 0x3d, 0x3d, 0x3d, 0x3d, 0x42, 0x68, 0xc9, 0x28, 0x28, 0x28, 0x28, 0xc9, 0x5f, 0x3d, 0x3d, 0x3d, 0x3d, 0x3d, 0x3d, 0x3d, 0x45, 0xc9, 0x28, 0x28, 0x28, 0x28, 0x28, 0x28, 0x28, 0x28, 0x28, 0x28, 0x28, 0x28, 0xc8, 0x42, 0x3d, 0x3d, 0x3d, 0x3d, 0x3d, 0x3d, 0x4b, 0x28, 0x28, 0x28, 0x28, 0x28, 0x28, 0x28, 0x28, 0x28, 0x28, 0x28, 0x28, 0x28, 0x28, 0x28, 0x28, 0x28, 0x28, 0x28, 0x28, 0x28, 0x28, 0x28, 0x28, 0x28, 0x28, 0x28, 0x28, 0x28, 0x28, 0x28, 0x28, 0x28, 0x28, 0x28, 0x28, 0x28, 0x28, 0x28, 0x28, 0x28, 0x28, 0x28, 0x28, 0x28, 0x28, 0x28, 0x28, 0x28, 0x28, 0x28, 0x28, 0x28, 0x28, 0x28, 0x28, 0x28, 0x28, 0x28, 0x28, 0x28, 0x28, 0x28, 0x28, 0x28, 0x28, 0x28, 0x28, 0x28, 0x28, 0x28, 0x28, 0x28, 0x28, 0x28, 0x28, 0x28, 0x28, 0x28, 0x28, 0x28, 0x28, 0x28, 0x28, 0x28, 0x28, 0x28, 0x28, 0x28, 0x28, 0x28, 0x28, 0x28, 0x28, 0x28, 0x28, 0x28, 0x28, 0x28, 0x28, 0x28, 0x28, 0x28, 0x28, 0x28, 0x28, 0x28, 0x28, 
  0x28, 0x28, 0x28, 0x28, 0x28, 0x28, 0x28, 0x28, 0x28, 0x28, 0x28, 0x28, 0x28, 0x28, 0x28, 0x28, 0x28, 0x28, 0x28, 0x28, 0x28, 0x28, 0x28, 0x28, 0x28, 0x28, 0x28, 0x28, 0x28, 0x28, 0x28, 0x28, 0x28, 0x28, 0x28, 0x28, 0x28, 0x28, 0x28, 0x28, 0x28, 0x28, 0x28, 0x28, 0x28, 0x28, 0x28, 0x28, 0x28, 0x28, 0x28, 0xbb, 0x8e, 0x8e, 0x8f, 0x8e, 0x8f, 0x8e, 0xb4, 0x28, 0x28, 0x28, 0x28, 0x28, 0x28, 0x28, 0x28, 0x28, 0x28, 0x28, 0x28, 0x28, 0x28, 0x28, 0x28, 0x07, 0xf8, 0x28, 0x28, 0x28, 0x28, 0x28, 0xd0, 0x02, 0x00, 0x00, 0xd9, 0x28, 0x28, 0x28, 0x21, 0x00, 0x00, 0x00, 0x15, 0x28, 0x28, 0x28, 0x28, 0x0b, 0x00, 0x00, 0xfc, 0xe2, 0x03, 0x01, 0x00, 0x00, 0x00, 0xfc, 0x28, 0x28, 0x28, 0x28, 0x28, 0x28, 0x28, 0x28, 0x19, 0x00, 0x00, 0x01, 0x28, 0x28, 0x28, 0x28, 0x28, 0x28, 0x00, 0x00, 0x00, 0x18, 0x28, 0x28, 0xd1, 0x00, 0x00, 0x04, 0x28, 0x28, 0x28, 0x06, 0x00, 0x00, 0xec, 0x28, 0x28, 0x10, 0x00, 0x00, 0x00, 0x00, 0x00, 0xe8, 0x28, 0x28, 0x28, 0x18, 0x00, 0x00, 0x01, 0x27, 0x28, 0x28, 0x28, 0x28, 0x28, 0x28, 0x00, 0x00, 0x00, 0xeb, 0x28, 0x28, 0x28, 0x28, 0x28, 0x28, 0x28, 0x28, 0x28, 0x28, 0x28, 0x28, 0x28, 0x28, 0x28, 0x28, 0x28, 0x28, 0xc1, 0x8f, 0x8e, 0x8f, 0x8e, 0x8f, 0x8e, 0x9e, 0x28, 0x28, 0x28, 0x28, 0x28, 0x28, 0x28, 0x28, 0x28, 0x28, 0x28, 0x28, 0x28, 0x28, 0x28, 0x28, 0x28, 0x28, 0x28, 0x28, 0x28, 0x28, 0x28, 0x28, 0x28, 0x28, 0x28, 0x28, 0x28, 0x28, 0x28, 0x28, 0x28, 0x28, 0x28, 0x28, 0x28, 0x28, 0x28, 0x28, 0x28, 0x28, 0x28, 0x28, 0x28, 0x28, 0x28, 0x28, 0x28, 0x28, 0x28, 0x28, 0x28, 0x28, 0x28, 0x28, 0x28, 0x28, 0x28, 0x28, 0x28, 0x28, 0x28, 0x28, 0x28, 0x28, 0x69, 0x3d, 0x3d, 0x39, 0x3d, 0x39, 0x63, 0x28, 0x28, 0x28, 0x28, 0x28, 0x28, 0x28, 0xc4, 0x68, 0x68, 0x68, 0x68, 0x68, 0x68, 0x68, 0x68, 0x68, 0x68, 0x63, 0x57, 0x53, 0x3e, 0x3d, 0x39, 0x3d, 0x39, 0x3d, 0x39, 0x3d, 0x3d, 0x70, 0x28, 0x28, 0x28, 0x28, 0x28, 0x28, 0x28, 0x28, 0x28, 0x28, 0x28, 0x4b, 0x39, 0x3d, 0x39, 0x3d, 0x3e, 0x28, 0x28, 0x28, 0x28, 0x28, 0x28, 0x5f, 0x3d, 0x39, 0x3d, 0x39, 0x3d, 0x39, 0x58, 0xc7, 0x28, 0x28, 0x28, 0x28, 0x28, 0x28, 0x28, 0x28, 0x6b, 0x4b, 0x3d, 0x3d, 0x3d, 0x39, 0x3d, 0x39, 0x63, 0x28, 0x28, 0x28, 0x28, 0x28, 0x28, 0x28, 0x28, 0x28, 0x28, 0x28, 0x28, 0x58, 0x3d, 0x39, 0x3d, 0x39, 0x3d, 0x39, 0x3d, 0x3d, 0x63, 0x28, 0x28, 0x28, 0x28, 0x28, 0x28, 0x28, 0x28, 0x28, 0x28, 0x28, 0x28, 0x28, 0x28, 0x28, 0x28, 0x28, 0x28, 0x28, 0x28, 0x28, 0x28, 0x28, 0x28, 0x28, 0x28, 0x28, 0x28, 0x28, 0x28, 0x28, 0x28, 0x28, 0x28, 0x28, 0x28, 0x28, 0x28, 0x28, 0x28, 0x28, 0x28, 0x28, 0x28, 0x28, 0x28, 0x28, 0x28, 0x28, 0x28, 0x28, 0x28, 0x28, 0x28, 0x28, 0x28, 0x28, 0x28, 0x28, 0x28, 0x28, 0x28, 0x28, 0x28, 0x28, 0x28, 0x28, 0x28, 0x28, 0x28, 0x28, 0x28, 0x28, 0x28, 0x28, 0x28, 0x28, 0x28, 0x28, 0x28, 0x28, 0x28, 0x28, 0x28, 0x28, 0x28, 0x28, 0x28, 0x28, 0x28, 0x28, 0x28, 0x28, 0x28, 0x28, 0x28, 0x28, 0x28, 0x28, 0x28, 0x28, 0x28, 0x28, 0x28, 0x28, 0x28, 0x28, 
  0x28, 0x28, 0x28, 0x28, 0x28, 0x28, 0x28, 0x28, 0x28, 0x28, 0x28, 0x28, 0x28, 0x28, 0x28, 0x28, 0x28, 0x28, 0x28, 0x28, 0x28, 0x28, 0x28, 0x28, 0x28, 0x28, 0x28, 0x28, 0x28, 0x28, 0x28, 0x28, 0x28, 0x28, 0x28, 0x28, 0x28, 0x28, 0x28, 0x28, 0x28, 0x28, 0x28, 0x28, 0x28, 0x28, 0x28, 0x28, 0x28, 0xc9, 0x9f, 0x8e, 0x8e, 0x8f, 0x8e, 0x8f, 0x9f, 0xc8, 0x28, 0x28, 0x28, 0x28, 0x28, 0x28, 0x28, 0x28, 0x28, 0x28, 0x28, 0x28, 0x28, 0x28, 0x28, 0x0b, 0x01, 0x00, 0x00, 0x03, 0xeb, 0x28, 0x28, 0x28, 0x28, 0xee, 0x00, 0x00, 0x00, 0xee, 0x28, 0x28, 0x28, 0xdc, 0x00, 0x00, 0x0b, 0x28, 0x28, 0x28, 0x28, 0x0b, 0x00, 0x00, 0x00, 0x00, 0x00, 0x00, 0x00, 0x00, 0x00, 0x01, 0x1f, 0x28, 0x28, 0x28, 0x28, 0x28, 0x28, 0x28, 0x18, 0x00, 0x00, 0x01, 0x28, 0x28, 0x28, 0x28, 0x28, 0x28, 0x00, 0x00, 0x00, 0x19, 0x28, 0x28, 0xe5, 0x00, 0x00, 0x05, 0x28, 0x28, 0x28, 0x07, 0x00, 0x00, 0xfc, 0x28, 0x28, 0x28, 0x25, 0x21, 0x00, 0x00, 0x00, 0xec, 0x28, 0x28, 0x28, 0x05, 0x00, 0x00, 0x02, 0x28, 0x28, 0x28, 0x28, 0x28, 0x28, 0xf8, 0x00, 0x00, 0x04, 0x28, 0x28, 0x28, 0x28, 0x28, 0x28, 0x28, 0x28, 0x28, 0x28, 0x28, 0x28, 0x28, 0x28, 0x28, 0x28, 0x28, 0x28, 0x28, 0x28, 0xc9, 0xb4, 0x8e, 0x8f, 0x8e, 0x8e, 0x8e, 0x97, 0xc2, 0x28, 0x28, 0x28, 0x28, 0x28, 0x28, 0x28, 0x28, 0x28, 0x28, 0x28, 0x28, 0x28, 0x28, 0x28, 0x28, 0x28, 0x28, 0x28, 0x28, 0x28, 0x28, 0x28, 0x28, 0x28, 0x28, 0x28, 0x28, 0x28, 0x28, 0x28, 0x28, 0x28, 0x28, 0x28, 0x28, 0x28, 0x28, 0x28, 0x28, 0x28, 0x28, 0x28, 0x28, 0x28, 0x28, 0x28, 0x28, 0x28, 0x28, 0x28, 0x28, 0x28, 0x28, 0x28, 0x28, 0x28, 0x28, 0x28, 0x28, 0x28, 0x28, 0x28, 0x28, 0x69, 0x39, 0x39, 0x39, 0x39, 0x39, 0x63, 0xd0, 0x28, 0x28, 0x28, 0x28, 0x28, 0x28, 0x28, 0x28, 0x28, 0x28, 0x28, 0x28, 0x28, 0x28, 0x28, 0x28, 0x28, 0x28, 0x28, 0x28, 0xc9, 0x5f, 0x39, 0x39, 0x39, 0x39, 0x39, 0x39, 0x39, 0x53, 0x28, 0x28, 0x28, 0x28, 0x28, 0x28, 0x28, 0x28, 0x28, 0x28, 0x28, 0x4b, 0x39, 0x39, 0x39, 0x39, 0x3e, 0x28, 0x28, 0x28, 0x28, 0x28, 0xc9, 0x3e, 0x39, 0x3d, 0x39, 0x39, 0x39, 0x4b, 0x28, 0x28, 0x28, 0x28, 0x28, 0x28, 0x28, 0x28, 0x28, 0x28, 0x28, 0xc8, 0x3f, 0x39, 0x39, 0x39, 0x39, 0x39, 0x44, 0xc9, 0x28, 0x28, 0x28, 0x28, 0x28, 0x28, 0x28, 0x28, 0x28, 0x28, 0x69, 0x39, 0x39, 0x39, 0x39, 0x39, 0x39, 0x39, 0x39, 0x39, 0x3e, 0xc8, 0x28, 0x28, 0x28, 0x28, 0x28, 0x28, 0x28, 0x28, 0x28, 0x28, 0x28, 0x28, 0x28, 0x28, 0x28, 0x28, 0x28, 0x28, 0x28, 0x28, 0x28, 0x28, 0x28, 0x28, 0x28, 0x28, 0x28, 0x28, 0x28, 0x28, 0x28, 0x28, 0x28, 0x28, 0x28, 0x28, 0x28, 0x28, 0x28, 0x28, 0x28, 0x28, 0x28, 0x28, 0x28, 0x28, 0x28, 0x28, 0x28, 0x28, 0x28, 0x28, 0x28, 0x28, 0x28, 0x28, 0x28, 0x28, 0x28, 0x28, 0x28, 0x28, 0x28, 0x28, 0x28, 0x28, 0x28, 0x28, 0x28, 0x28, 0x28, 0x28, 0x28, 0x28, 0x28, 0x28, 0x28, 0x28, 0x28, 0x28, 0x28, 0x28, 0x28, 0x28, 0x28, 0x28, 0x28, 0x28, 0x28, 0x28, 0x28, 0x28, 0x28, 0x28, 0x28, 0x28, 0x28, 0x28, 0x28, 0x28, 0x28, 0x28, 0x28, 0x28, 0x28, 0x28, 
  0x28, 0x28, 0x28, 0x28, 0x28, 0x28, 0x28, 0x28, 0x28, 0x28, 0x28, 0x28, 0x28, 0x28, 0x28, 0x28, 0x28, 0x28, 0x28, 0x28, 0x28, 0x28, 0x28, 0x28, 0x28, 0x28, 0x28, 0x28, 0x28, 0x28, 0x28, 0x28, 0x28, 0x28, 0x28, 0x28, 0x28, 0x28, 0x28, 0x28, 0x28, 0x28, 0x28, 0x28, 0x28, 0x28, 0x28, 0x28, 0xc0, 0x9c, 0x8e, 0x8e, 0x8f, 0x8e, 0x8e, 0xb4, 0xc7, 0x28, 0x28, 0x28, 0x28, 0x28, 0x28, 0x28, 0x28, 0x28, 0x28, 0x28, 0x28, 0x28, 0x28, 0x28, 0x28, 0x23, 0x00, 0x00, 0x00, 0x00, 0x02, 0x29, 0x28, 0x28, 0x28, 0xf0, 0x00, 0x00, 0x00, 0xe8, 0x28, 0x28, 0x28, 0x1d, 0x00, 0x00, 0x01, 0x28, 0x28, 0x28, 0x28, 0x0a, 0x00, 0x00, 0x00, 0x00, 0x0c, 0xeb, 0x1f, 0x04, 0x00, 0x00, 0x0c, 0x28, 0x28, 0x28, 0x28, 0x28, 0x28, 0x28, 0xd1, 0x00, 0x00, 0x02, 0x28, 0x28, 0x28, 0x28, 0x28, 0x28, 0x00, 0x00, 0x00, 0x19, 0x28, 0x28, 0x0f, 0x00, 0x00, 0x07, 0x28, 0x28, 0x28, 0x09, 0x00, 0x00, 0xf8, 0x28, 0x28, 0x28, 0x28, 0x25, 0x00, 0x00, 0x00, 0xee, 0x28, 0x28, 0x1f, 0x00, 0x00, 0x00, 0x00, 0x02, 0x0b, 0xcd, 0x28, 0x28, 0x24, 0x02, 0x00, 0x00, 0xf1, 0x28, 0x28, 0x28, 0x28, 0x28, 0x28, 0x28, 0x28, 0x28, 0x28, 0x28, 0x28, 0x28, 0x28, 0x28, 0x28, 0x28, 0x28, 0x28, 0x28, 0x28, 0x28, 0xc0, 0x90, 0x8e, 0x8f, 0x8e, 0x8e, 0x91, 0xb5, 0x28, 0x28, 0x28, 0x28, 0x28, 0x28, 0x28, 0x28, 0x28, 0x28, 0x28, 0x28, 0x28, 0x28, 0x28, 0x28, 0x28, 0x28, 0x28, 0x28, 0x28, 0x28, 0x28, 0x28, 0x28, 0x28, 0x28, 0x28, 0x28, 0x28, 0x28, 0x28, 0x28, 0x28, 0x28, 0x28, 0x28, 0x28, 0x28, 0x28, 0x28, 0x28, 0x28, 0x28, 0x28, 0x28, 0x28, 0x28, 0x28, 0x28, 0x28, 0x28, 0x28, 0x28, 0x28, 0x28, 0x28, 0x28, 0x28, 0x28, 0x28, 0x28, 0x28, 0x69, 0x39, 0x39, 0x39, 0x39, 0x39, 0x5d, 0x28, 0x28, 0x28, 0x28, 0x28, 0x28, 0x28, 0x28, 0x28, 0x28, 0x28, 0x28, 0x28, 0x28, 0x28, 0x28, 0x28, 0x28, 0x28, 0x28, 0x28, 0x28, 0x28, 0xc8, 0x3f, 0x39, 0x39, 0x39, 0x39, 0x39, 0x39, 0xc8, 0x28, 0x28, 0x28, 0x28, 0x28, 0x28, 0x28, 0x28, 0x28, 0x28, 0x4b, 0x39, 0x39, 0x39, 0x39, 0x3e, 0x28, 0x28, 0x28, 0x28, 0x28, 0x69, 0x39, 0x39, 0x39, 0x39, 0x39, 0x3e, 0xc5, 0x28, 0x28, 0x28, 0x28, 0x28, 0x28, 0x28, 0x28, 0x28, 0x28, 0x28, 0x28, 0x68, 0x39, 0x39, 0x39, 0x39, 0x39, 0x39, 0xc8, 0x28, 0x28, 0x28, 0x28, 0x28, 0x28, 0x28, 0x28, 0x28, 0xc9, 0x41, 0x39, 0x39, 0x39, 0x39, 0x39, 0x39, 0x39, 0x39, 0x39, 0x39, 0x4e, 0x28, 0x28, 0x28, 0x28, 0x28, 0x28, 0x28, 0x28, 0x28, 0x28, 0x28, 0x28, 0x28, 0x28, 0x28, 0x28, 0x28, 0x28, 0x28, 0x28, 0x28, 0x28, 0x28, 0x28, 0x28, 0x28, 0x28, 0x28, 0x28, 0x28, 0x28, 0x28, 0x28, 0x28, 0x28, 0x28, 0x28, 0x28, 0x28, 0x28, 0x28, 0x28, 0x28, 0x28, 0x28, 0x28, 0x28, 0x28, 0x28, 0x28, 0x28, 0x28, 0x28, 0x28, 0x28, 0x28, 0x28, 0x28, 0x28, 0x28, 0x28, 0x28, 0x28, 0x28, 0x28, 0x28, 0x28, 0x28, 0x28, 0x28, 0x28, 0x28, 0x28, 0x28, 0x28, 0x28, 0x28, 0x28, 0x28, 0x28, 0x28, 0x28, 0x28, 0x28, 0x28, 0x28, 0x28, 0x28, 0x28, 0x28, 0x28, 0x28, 0x28, 0x28, 0x28, 0x28, 0x28, 0x28, 0x28, 0x28, 0x28, 0x28, 0x28, 0x28, 0x28, 0x28, 
  0x28, 0x28, 0x28, 0x28, 0x28, 0x28, 0x28, 0x28, 0x28, 0x28, 0x28, 0x28, 0x28, 0x28, 0x28, 0x28, 0x28, 0x28, 0x28, 0x28, 0x28, 0x28, 0x28, 0x28, 0x28, 0x28, 0x28, 0x28, 0x28, 0x28, 0x28, 0x28, 0x28, 0x28, 0x28, 0x28, 0x28, 0x28, 0x28, 0x28, 0x28, 0x28, 0x28, 0x28, 0x28, 0x28, 0x28, 0xbe, 0x94, 0x8e, 0x8f, 0x8e, 0x8f, 0x90, 0xbc, 0x28, 0x28, 0x28, 0x28, 0x28, 0x28, 0x28, 0x28, 0x28, 0x28, 0x28, 0x28, 0x28, 0x28, 0x28, 0x28, 0x28, 0x28, 0x28, 0x03, 0x00, 0x00, 0x00, 0x00, 0x00, 0x07, 0x20, 0x28, 0x28, 0xf1, 0x00, 0x00, 0x04, 0xcf, 0x28, 0x28, 0x28, 0x00, 0x00, 0x00, 0xf3, 0x28, 0x28, 0x28, 0x07, 0x00, 0x03, 0x18, 0x25, 0x28, 0x28, 0x28, 0xcc, 0x00, 0x00, 0x00, 0x18, 0x28, 0x28, 0x28, 0x28, 0x28, 0x28, 0xd1, 0x00, 0x00, 0x01, 0x28, 0x28, 0x28, 0x28, 0x28, 0x28, 0x00, 0x00, 0x00, 0x54, 0x28, 0x28, 0x0d, 0x00, 0x00, 0x2e, 0x28, 0x28, 0x28, 0x19, 0x01, 0x00, 0x02, 0xcb, 0x28, 0x28, 0x28, 0xcf, 0x00, 0x00, 0x00, 0xf0, 0x28, 0x28, 0xdc, 0x00, 0x00, 0x00, 0x00, 0x00, 0x00, 0x00, 0x29, 0xe6, 0xf6, 0x00, 0x00, 0x02, 0xcf, 0x28, 0x28, 0x28, 0x28, 0x28, 0x28, 0x28, 0x28, 0x28, 0x28, 0x28, 0x28, 0x28, 0x28, 0x28, 0x28, 0x28, 0x28, 0x28, 0x28, 0x28, 0x28, 0x28, 0xc4, 0xa3, 0x8e, 0x8f, 0x8e, 0x8e, 0x8f, 0xb2, 0x28, 0x28, 0x28, 0x28, 0x28, 0x28, 0x28, 0x28, 0x28, 0x28, 0x28, 0x28, 0x28, 0x28, 0x28, 0x28, 0x28, 0x28, 0x28, 0x28, 0x28, 0x28, 0x28, 0x28, 0x28, 0x28, 0x28, 0x28, 0x28, 0x28, 0x28, 0x28, 0x28, 0x28, 0x28, 0x28, 0x28, 0x28, 0x28, 0x28, 0x28, 0x28, 0x28, 0x28, 0x28, 0x28, 0x28, 0x28, 0x28, 0x28, 0x28, 0x28, 0x28, 0x28, 0x28, 0x28, 0x28, 0x28, 0x28, 0x28, 0x28, 0x28, 0x69, 0x39, 0x39, 0x39, 0x39, 0x39, 0x5d, 0x28, 0x28, 0x28, 0x28, 0x28, 0x28, 0x28, 0x28, 0x28, 0x28, 0x28, 0x28, 0x28, 0x28, 0x28, 0x28, 0x28, 0x28, 0x28, 0x28, 0x28, 0x28, 0x28, 0x28, 0x69, 0x39, 0x39, 0x39, 0x39, 0x39, 0x39, 0x62, 0x28, 0x28, 0x28, 0x28, 0x28, 0x28, 0x28, 0x28, 0x28, 0x28, 0x44, 0x39, 0x39, 0x39, 0x39, 0x3b, 0x28, 0x28, 0x28, 0x28, 0x28, 0x62, 0x39, 0x39, 0x39, 0x39, 0x39, 0x57, 0x28, 0x28, 0x28, 0x28, 0x28, 0x28, 0x28, 0x28, 0x28, 0x28, 0x28, 0x28, 0x28, 0x28, 0x4b, 0x39, 0x39, 0x39, 0x39, 0x39, 0x68, 0xd0, 0x28, 0x28, 0x28, 0x28, 0x28, 0x28, 0x28, 0x28, 0x5f, 0x39, 0x39, 0x39, 0x39, 0x39, 0x39, 0x39, 0x39, 0x39, 0x39, 0x39, 0x39, 0x69, 0x28, 0x28, 0x28, 0x28, 0x28, 0x28, 0x28, 0x28, 0x28, 0x28, 0x28, 0x28, 0x28, 0x28, 0x28, 0x28, 0x28, 0x28, 0x28, 0x28, 0x28, 0x28, 0x28, 0x28, 0x28, 0x28, 0x28, 0x28, 0x28, 0x28, 0x28, 0x28, 0x28, 0x28, 0x28, 0x28, 0x28, 0x28, 0x28, 0x28, 0x28, 0x28, 0x28, 0x28, 0x28, 0x28, 0x28, 0x28, 0x28, 0x28, 0x28, 0x28, 0x28, 0x28, 0x28, 0x28, 0x28, 0x28, 0x28, 0x28, 0x28, 0x28, 0x28, 0x28, 0x28, 0x28, 0x28, 0x28, 0x28, 0x28, 0x28, 0x28, 0x28, 0x28, 0x28, 0x28, 0x28, 0x28, 0x28, 0x28, 0x28, 0x28, 0x28, 0x28, 0x28, 0x28, 0x28, 0x28, 0x28, 0x28, 0x28, 0x28, 0x28, 0x28, 0x28, 0x28, 0x28, 0x28, 0x28, 0x28, 0x28, 0x28, 0x28, 0x28, 0x28, 
  0x28, 0x28, 0x28, 0x28, 0x28, 0x28, 0x28, 0x28, 0x28, 0x28, 0x28, 0x28, 0x28, 0x28, 0x28, 0x28, 0x28, 0x28, 0x28, 0x28, 0x28, 0x28, 0x28, 0x28, 0x28, 0x28, 0x28, 0x28, 0x28, 0x28, 0x28, 0x28, 0x28, 0x28, 0x28, 0x28, 0x28, 0x28, 0x28, 0x28, 0x28, 0x28, 0x28, 0x28, 0x28, 0x28, 0xb7, 0x91, 0x8f, 0x8e, 0x8f, 0x8e, 0xac, 0xc2, 0x28, 0x28, 0x28, 0x28, 0x28, 0x28, 0x28, 0x28, 0x28, 0x28, 0x28, 0x28, 0x28, 0x28, 0x28, 0x28, 0x28, 0x28, 0x28, 0x28, 0xcb, 0x01, 0x00, 0x00, 0x0b, 0x00, 0x00, 0x02, 0x32, 0xef, 0xc9, 0x01, 0x00, 0x00, 0xe5, 0x28, 0x28, 0x28, 0x12, 0x00, 0x00, 0x01, 0x28, 0x28, 0x28, 0x03, 0x00, 0x0a, 0x28, 0x28, 0x28, 0x28, 0x28, 0x28, 0x0a, 0x02, 0x2e, 0x19, 0x28, 0x28, 0x28, 0x28, 0x28, 0x28, 0x28, 0x28, 0xd0, 0x28, 0x28, 0x28, 0x28, 0x28, 0x28, 0x28, 0x26, 0x26, 0xf0, 0x28, 0x28, 0x28, 0xeb, 0x14, 0xf2, 0xd1, 0x28, 0x28, 0x28, 0x28, 0xf3, 0x00, 0x00, 0x01, 0x29, 0xd9, 0x0e, 0x0b, 0x00, 0x00, 0x7a, 0x28, 0x28, 0x28, 0x03, 0x00, 0x00, 0x14, 0x1e, 0xe3, 0x04, 0x00, 0x00, 0x00, 0x01, 0x00, 0x00, 0xf8, 0x28, 0x28, 0x28, 0x28, 0x28, 0x28, 0x28, 0x28, 0x28, 0x28, 0x28, 0x28, 0x28, 0x28, 0x28, 0x28, 0x28, 0x28, 0x28, 0x28, 0x28, 0x28, 0x28, 0x28, 0x28, 0xc9, 0xb6, 0x8f, 0x8e, 0x8f, 0x8e, 0x8f, 0xaa, 0x28, 0x28, 0x28, 0x28, 0x28, 0x28, 0x28, 0x28, 0x28, 0x28, 0x28, 0x28, 0x28, 0x28, 0x28, 0x28, 0x28, 0x28, 0x28, 0x28, 0x28, 0x28, 0x28, 0x28, 0x28, 0x28, 0x28, 0x28, 0x28, 0x28, 0x28, 0x28, 0x28, 0x28, 0x28, 0x28, 0x28, 0x28, 0x28, 0x28, 0x28, 0x28, 0x28, 0x28, 0x28, 0x28, 0x28, 0x28, 0x28, 0x28, 0x28, 0x28, 0x28, 0x28, 0x28, 0x28, 0x28, 0x28, 0x28, 0x28, 0x28, 0xc0, 0x39, 0x36, 0x39, 0x36, 0x39, 0x5d, 0x28, 0x28, 0x28, 0x28, 0x28, 0x28, 0x28, 0x28, 0x28, 0x28, 0x28, 0x28, 0x28, 0x28, 0x28, 0x28, 0x28, 0x28, 0x28, 0x28, 0x28, 0x28, 0x28, 0x28, 0x28, 0x57, 0x39, 0x36, 0x39, 0x36, 0x39, 0x55, 0x28, 0x28, 0x28, 0x28, 0x28, 0x28, 0x28, 0x28, 0x28, 0x28, 0x4b, 0x36, 0x39, 0x36, 0x39, 0x3b, 0x28, 0x28, 0x28, 0x28, 0x28, 0x57, 0x36, 0x39, 0x36, 0x39, 0x36, 0x68, 0x28, 0x28, 0x28, 0x28, 0x28, 0x28, 0x28, 0x28, 0x28, 0x28, 0x28, 0x28, 0x28, 0x28, 0x57, 0x36, 0x39, 0x36, 0x39, 0x36, 0x62, 0x28, 0x28, 0x28, 0x28, 0x28, 0x28, 0x28, 0x28, 0x6f, 0x36, 0x39, 0x36, 0x39, 0x36, 0x39, 0x44, 0x3f, 0x36, 0x39, 0x36, 0x39, 0x36, 0x41, 0xc9, 0x28, 0x28, 0x28, 0x28, 0x28, 0x28, 0x28, 0x28, 0x28, 0x28, 0x28, 0x28, 0x28, 0x28, 0x28, 0x28, 0x28, 0x28, 0x28, 0x28, 0x28, 0x28, 0x28, 0x28, 0x28, 0x28, 0x28, 0x28, 0x28, 0x28, 0x28, 0x28, 0x28, 0x28, 0x28, 0x28, 0x28, 0x28, 0x28, 0x28, 0x28, 0x28, 0x28, 0x28, 0x28, 0x28, 0x28, 0x28, 0x28, 0x28, 0x28, 0x28, 0x28, 0x28, 0x28, 0x28, 0x28, 0x28, 0x28, 0x28, 0x28, 0x28, 0x28, 0x28, 0x28, 0x28, 0x28, 0x28, 0x28, 0x28, 0x28, 0x28, 0x28, 0x28, 0x28, 0x28, 0x28, 0x28, 0x28, 0x28, 0x28, 0x28, 0x28, 0x28, 0x28, 0x28, 0x28, 0x28, 0x28, 0x28, 0x28, 0x28, 0x28, 0x28, 0x28, 0x28, 0x28, 0x28, 0x28, 0x28, 0x28, 0x28, 0x28, 0x28, 
  0x28, 0x28, 0x28, 0x28, 0x28, 0x28, 0x28, 0x28, 0x28, 0x28, 0x28, 0x28, 0x28, 0x28, 0x28, 0x28, 0x28, 0x28, 0x28, 0x28, 0x28, 0x28, 0x28, 0x28, 0x28, 0x28, 0x28, 0x28, 0x28, 0x28, 0x28, 0x28, 0x28, 0x28, 0x28, 0x28, 0x28, 0x28, 0x28, 0x28, 0x28, 0x28, 0x28, 0x28, 0x28, 0xad, 0x8e, 0x8e, 0x8e, 0x8f, 0x8f, 0xac, 0xc9, 0x28, 0x28, 0x28, 0x28, 0x28, 0x28, 0x28, 0x28, 0x28, 0x28, 0x28, 0x28, 0x28, 0xce, 0xed, 0x1f, 0x28, 0x28, 0x28, 0x28, 0x28, 0x28, 0x04, 0x00, 0x00, 0xde, 0x13, 0x03, 0x00, 0x00, 0x02, 0x18, 0xdf, 0x00, 0x00, 0x04, 0xcf, 0x28, 0x28, 0x1b, 0x00, 0x00, 0x00, 0x26, 0x28, 0xd0, 0x01, 0x00, 0x0b, 0x28, 0x28, 0x28, 0x28, 0x28, 0x28, 0xcf, 0x28, 0x28, 0x28, 0x28, 0x28, 0x28, 0x28, 0x28, 0x28, 0x28, 0x28, 0x28, 0x28, 0x28, 0x28, 0x28, 0x28, 0x28, 0x28, 0x28, 0x28, 0x28, 0x28, 0x28, 0x28, 0x28, 0x28, 0x28, 0x28, 0x28, 0x28, 0x28, 0x28, 0x28, 0xfa, 0x03, 0x00, 0x00, 0x00, 0x00, 0x00, 0x00, 0x00, 0xed, 0x28, 0x28, 0x19, 0x00, 0x00, 0x02, 0x25, 0x28, 0x28, 0x28, 0xf3, 0x0b, 0x01, 0x00, 0x00, 0x01, 0x28, 0x28, 0x28, 0x28, 0x28, 0x28, 0x28, 0x28, 0x28, 0x28, 0x28, 0x28, 0x28, 0x28, 0x28, 0x28, 0x28, 0x28, 0x28, 0x28, 0x28, 0x28, 0x28, 0x28, 0x28, 0x28, 0x28, 0x28, 0xba, 0x91, 0x8e, 0x8f, 0x8f, 0x8e, 0x97, 0xc9, 0x28, 0x28, 0x28, 0x28, 0x28, 0x28, 0x28, 0x28, 0x28, 0x28, 0x28, 0x28, 0x28, 0x28, 0x28, 0x28, 0x28, 0x28, 0x28, 0x28, 0x28, 0x28, 0x28, 0x28, 0x28, 0x28, 0x28, 0x28, 0x28, 0x28, 0x28, 0x28, 0x28, 0x28, 0x28, 0x28, 0x28, 0x28, 0x28, 0x28, 0x28, 0x28, 0x28, 0x28, 0x28, 0x28, 0x28, 0x28, 0x28, 0x28, 0x28, 0x28, 0x28, 0x28, 0x28, 0x28, 0x28, 0x28, 0x28, 0x69, 0x36, 0x36, 0x36, 0x36, 0x36, 0x5d, 0x28, 0x28, 0x28, 0x28, 0x28, 0x28, 0x28, 0x28, 0x28, 0x28, 0x28, 0x28, 0x28, 0x28, 0x28, 0x28, 0x28, 0x28, 0x28, 0x28, 0x28, 0x28, 0x28, 0x28, 0x28, 0x69, 0x36, 0x36, 0x36, 0x36, 0x36, 0x48, 0xc9, 0x28, 0x28, 0x28, 0x28, 0x28, 0x28, 0x28, 0x28, 0x28, 0x44, 0x36, 0x36, 0x39, 0x36, 0x3b, 0x28, 0x28, 0x28, 0x28, 0x28, 0x48, 0x39, 0x36, 0x36, 0x39, 0x36, 0x6f, 0xd0, 0x28, 0x28, 0x28, 0x28, 0x28, 0x28, 0x28, 0x28, 0x28, 0x28, 0x28, 0x28, 0x28, 0x66, 0x36, 0x36, 0x39, 0x36, 0x36, 0x57, 0x28, 0x28, 0x28, 0x28, 0x28, 0x28, 0x28, 0x28, 0x44, 0x36, 0x36, 0x36, 0x36, 0x36, 0x3b, 0xc8, 0x62, 0x36, 0x36, 0x36, 0x36, 0x36, 0x39, 0x5a, 0x28, 0x28, 0x28, 0x28, 0x28, 0x28, 0x28, 0x28, 0x28, 0x28, 0x28, 0x28, 0x28, 0x28, 0x28, 0x28, 0x28, 0x28, 0x28, 0x28, 0x28, 0x28, 0x28, 0x28, 0x28, 0x28, 0x28, 0x28, 0x28, 0x28, 0x28, 0x28, 0x28, 0x28, 0x28, 0x28, 0x28, 0x28, 0x28, 0x28, 0x28, 0x28, 0x28, 0x28, 0x28, 0x28, 0x28, 0x28, 0x28, 0x28, 0x28, 0x28, 0x28, 0x28, 0x28, 0x28, 0x28, 0x28, 0x28, 0x28, 0x28, 0x28, 0x28, 0x28, 0x28, 0x28, 0x28, 0x28, 0x28, 0x28, 0x28, 0x28, 0x28, 0x28, 0x28, 0x28, 0x28, 0x28, 0x28, 0x28, 0x28, 0x28, 0x28, 0x28, 0x28, 0x28, 0x28, 0x28, 0x28, 0x28, 0x28, 0x28, 0x28, 0x28, 0x28, 0x28, 0x28, 0x28, 0x28, 0x28, 0x28, 0x28, 0x28, 0x28, 
  0x28, 0x28, 0x28, 0x28, 0x28, 0x28, 0x28, 0x28, 0x28, 0x28, 0x28, 0x28, 0x28, 0x28, 0x28, 0x28, 0x28, 0x28, 0x28, 0x28, 0x28, 0x28, 0x28, 0x28, 0x28, 0x28, 0x28, 0x28, 0x28, 0x28, 0x28, 0x28, 0x28, 0x28, 0x28, 0x28, 0x28, 0x28, 0x28, 0x28, 0x28, 0x28, 0x28, 0x28, 0xae, 0x8f, 0x8e, 0x8f, 0x8f, 0x8f, 0xad, 0x28, 0x28, 0x28, 0x28, 0x28, 0x28, 0x28, 0x28, 0x28, 0x28, 0x28, 0x28, 0x28, 0x24, 0xd9, 0x00, 0x00, 0x00, 0xd9, 0xcf, 0x28, 0x28, 0x28, 0x28, 0x7d, 0x00, 0x00, 0x07, 0xd0, 0xee, 0x02, 0x00, 0x00, 0x00, 0xf2, 0x02, 0x00, 0x00, 0x14, 0x28, 0x28, 0x25, 0x00, 0x00, 0x00, 0x21, 0x28, 0xee, 0x00, 0x00, 0x7a, 0x28, 0x28, 0x28, 0x28, 0x28, 0x28, 0x28, 0x28, 0x28, 0x28, 0x28, 0x28, 0x28, 0x28, 0x28, 0x28, 0x28, 0x28, 0x28, 0x28, 0x28, 0x28, 0x28, 0x28, 0x28, 0x28, 0x28, 0x28, 0x28, 0x28, 0x28, 0x28, 0x28, 0x28, 0x28, 0x28, 0x28, 0x28, 0x28, 0x28, 0x28, 0x28, 0x23, 0xfe, 0x08, 0x01, 0x00, 0x01, 0x0b, 0x18, 0x28, 0x28, 0x28, 0xff, 0x00, 0x00, 0x0d, 0x28, 0x28, 0x28, 0x28, 0x28, 0x28, 0x2e, 0x00, 0x00, 0x29, 0x28, 0x28, 0x28, 0x28, 0x28, 0x28, 0x28, 0x28, 0x28, 0x28, 0x28, 0x26, 0x15, 0x0f, 0x13, 0x19, 0x28, 0x28, 0x28, 0x28, 0x28, 0x28, 0x28, 0x28, 0x28, 0x28, 0x28, 0x28, 0x28, 0xbc, 0x91, 0x8e, 0x8e, 0x8f, 0x8e, 0x94, 0xc9, 0x28, 0x28, 0x28, 0x28, 0x28, 0x28, 0x28, 0x28, 0x28, 0x28, 0x28, 0x28, 0x28, 0x28, 0x28, 0x28, 0x28, 0x28, 0x28, 0x28, 0x28, 0x28, 0x28, 0x28, 0x28, 0x28, 0x28, 0x28, 0x28, 0x28, 0x28, 0x28, 0x28, 0x28, 0x28, 0x28, 0x28, 0x28, 0x28, 0x28, 0x28, 0x28, 0x28, 0x28, 0x28, 0x28, 0x28, 0x28, 0x28, 0x28, 0x28, 0x28, 0x28, 0x28, 0x28, 0x28, 0x28, 0x28, 0x69, 0x36, 0x36, 0x36, 0x36, 0x36, 0x5d, 0x28, 0x28, 0x28, 0x28, 0x28, 0x28, 0x28, 0x28, 0x28, 0x28, 0x28, 0x28, 0x28, 0x28, 0x28, 0x28, 0x28, 0x28, 0x28, 0x28, 0x28, 0x28, 0x28, 0x28, 0x28, 0xc7, 0x36, 0x36, 0x36, 0x36, 0x36, 0x41, 0x28, 0x28, 0x28, 0x28, 0x28, 0x28, 0x28, 0x28, 0x28, 0x28, 0x44, 0x36, 0x36, 0x36, 0x36, 0x37, 0x28, 0x28, 0x28, 0x28, 0x28, 0x44, 0x36, 0x36, 0x36, 0x36, 0x36, 0xc9, 0x28, 0x28, 0x28, 0x28, 0x28, 0x28, 0x28, 0x28, 0x28, 0x28, 0x28, 0x28, 0x28, 0x28, 0x66, 0x36, 0x36, 0x36, 0x36, 0x36, 0x57, 0x28, 0x28, 0x28, 0x28, 0x28, 0x28, 0x28, 0x62, 0x36, 0x36, 0x36, 0x36, 0x36, 0x36, 0x62, 0x28, 0x28, 0x48, 0x36, 0x36, 0x36, 0x36, 0x36, 0x36, 0xc5, 0x28, 0x28, 0x28, 0x28, 0x28, 0x28, 0x28, 0x28, 0x28, 0x28, 0x28, 0x28, 0x28, 0x28, 0x28, 0x28, 0x28, 0x28, 0x28, 0x28, 0x28, 0x28, 0x28, 0x28, 0x28, 0x28, 0x28, 0x28, 0x28, 0x28, 0x28, 0x28, 0x28, 0x28, 0x28, 0x28, 0x28, 0x28, 0x28, 0x28, 0x28, 0x28, 0x28, 0x28, 0x28, 0x28, 0x28, 0x28, 0x28, 0x28, 0x28, 0x28, 0x28, 0x28, 0x28, 0x28, 0x28, 0x28, 0x28, 0x28, 0x28, 0x28, 0x28, 0x28, 0x28, 0x28, 0x28, 0x28, 0x28, 0x28, 0x28, 0x28, 0x28, 0x28, 0x28, 0x28, 0x28, 0x28, 0x28, 0x28, 0x28, 0x28, 0x28, 0x28, 0x28, 0x28, 0x28, 0x28, 0x28, 0x28, 0x28, 0x28, 0x28, 0x28, 0x28, 0x28, 0x28, 0x28, 0x28, 0x28, 0x28, 0x28, 0x28, 
  0x28, 0x28, 0x28, 0x28, 0x28, 0x28, 0x28, 0x28, 0x28, 0x28, 0x28, 0x28, 0x28, 0x28, 0x28, 0x28, 0x28, 0x28, 0x28, 0x28, 0x28, 0x28, 0x28, 0x28, 0x28, 0x28, 0x28, 0x28, 0x28, 0x28, 0x28, 0x28, 0x28, 0x28, 0x28, 0x28, 0x28, 0x28, 0x28, 0x28, 0x28, 0x28, 0xc9, 0xa3, 0x8e, 0x8e, 0x8e, 0x8e, 0x91, 0xbb, 0x28, 0x28, 0x28, 0x28, 0x28, 0x28, 0x28, 0x28, 0x28, 0x28, 0x28, 0x28, 0x28, 0x0e, 0x01, 0x00, 0x00, 0x00, 0x00, 0x00, 0x05, 0x23, 0x28, 0x28, 0x28, 0x28, 0x05, 0x00, 0x00, 0x0f, 0x28, 0x28, 0xf2, 0x02, 0x00, 0x00, 0x00, 0x00, 0x00, 0x0b, 0x28, 0x28, 0x28, 0x08, 0x00, 0x00, 0x0a, 0x28, 0x21, 0x20, 0x28, 0x28, 0x28, 0x28, 0x28, 0x28, 0x28, 0x28, 0x28, 0x28, 0x28, 0x28, 0x28, 0x28, 0x28, 0x28, 0x28, 0x28, 0x28, 0x28, 0x28, 0x28, 0x28, 0x28, 0x28, 0x28, 0x28, 0x28, 0x28, 0x28, 0x28, 0x28, 0x28, 0x28, 0x28, 0x28, 0x28, 0x28, 0x28, 0x28, 0x28, 0x28, 0x28, 0x28, 0x28, 0x28, 0x28, 0x28, 0x28, 0x28, 0x28, 0x28, 0x28, 0x28, 0xed, 0x00, 0x00, 0x00, 0x18, 0x28, 0x28, 0x28, 0x28, 0x28, 0xd0, 0x03, 0x00, 0x00, 0xeb, 0x28, 0x28, 0x28, 0x28, 0x28, 0x28, 0x28, 0x28, 0x28, 0x28, 0xcd, 0x01, 0x00, 0x00, 0x00, 0x00, 0x02, 0x17, 0x28, 0x28, 0x28, 0x28, 0x28, 0x28, 0x28, 0x28, 0x28, 0x28, 0x28, 0x28, 0xc5, 0xa3, 0x8e, 0x8e, 0x8f, 0x8e, 0x8f, 0xc0, 0x28, 0x28, 0x28, 0x28, 0x28, 0x28, 0x28, 0x28, 0x28, 0x28, 0x28, 0x28, 0x28, 0x28, 0x28, 0x28, 0x28, 0x28, 0x28, 0x28, 0x28, 0x28, 0x28, 0x28, 0x28, 0x28, 0x28, 0x28, 0x28, 0x28, 0x28, 0x28, 0x28, 0x28, 0x28, 0x28, 0x28, 0x28, 0x28, 0x28, 0x28, 0x28, 0x28, 0x28, 0x28, 0x28, 0x28, 0x28, 0x28, 0x28, 0x28, 0x28, 0x28, 0x28, 0x28, 0x28, 0x28, 0xc0, 0x36, 0x35, 0x36, 0x35, 0x36, 0x5d, 0x28, 0x28, 0x28, 0x28, 0x28, 0x28, 0x28, 0x28, 0x28, 0x28, 0x28, 0x28, 0x28, 0x28, 0x28, 0x28, 0x28, 0x28, 0x28, 0x28, 0x28, 0x28, 0x28, 0x28, 0x28, 0x28, 0x36, 0x35, 0x36, 0x36, 0x35, 0x41, 0x28, 0x28, 0x28, 0x28, 0x28, 0x28, 0x28, 0x28, 0x28, 0x28, 0x44, 0x36, 0x35, 0x36, 0x35, 0x37, 0x28, 0x28, 0x28, 0x28, 0x28, 0x48, 0x36, 0x35, 0x36, 0x36, 0x35, 0x69, 0x28, 0x28, 0x28, 0x28, 0x28, 0x28, 0x28, 0x28, 0x28, 0x28, 0x28, 0x28, 0x28, 0x28, 0x62, 0x36, 0x35, 0x36, 0x35, 0x36, 0x5a, 0x28, 0x28, 0x28, 0x28, 0x28, 0x28, 0xc8, 0x38, 0x36, 0x35, 0x36, 0x35, 0x36, 0x44, 0xc9, 0x28, 0x28, 0xc4, 0x36, 0x36, 0x36, 0x35, 0x36, 0x35, 0x44, 0x28, 0x28, 0x28, 0x28, 0x28, 0x28, 0x28, 0x28, 0x28, 0x28, 0x28, 0x28, 0x28, 0x28, 0x28, 0x28, 0x28, 0x28, 0x28, 0x28, 0x28, 0x28, 0x28, 0x28, 0x28, 0x28, 0x28, 0x28, 0x28, 0x28, 0x28, 0x28, 0x28, 0x28, 0x28, 0x28, 0x28, 0x28, 0x28, 0x28, 0x28, 0x28, 0x28, 0x28, 0x28, 0x28, 0x28, 0x28, 0x28, 0x28, 0x28, 0x28, 0x28, 0x28, 0x28, 0x28, 0x28, 0x28, 0x28, 0x28, 0x28, 0x28, 0x28, 0x28, 0x28, 0x28, 0x28, 0x28, 0x28, 0x28, 0x28, 0x28, 0x28, 0x28, 0x28, 0x28, 0x28, 0x28, 0x28, 0x28, 0x28, 0x28, 0x28, 0x28, 0x28, 0x28, 0x28, 0x28, 0x28, 0x28, 0x28, 0x28, 0x28, 0x28, 0x28, 0x28, 0x28, 0x28, 0x28, 0x28, 0x28, 0x28, 0x28, 
  0x28, 0x28, 0x28, 0x28, 0x28, 0x28, 0x28, 0x28, 0x28, 0x28, 0x28, 0x28, 0x28, 0x28, 0x28, 0x28, 0x28, 0x28, 0x28, 0x28, 0x28, 0x28, 0x28, 0x28, 0x28, 0x28, 0x28, 0x28, 0x28, 0x28, 0x28, 0x28, 0x28, 0x28, 0x28, 0x28, 0x28, 0x28, 0x28, 0x28, 0x28, 0xc9, 0x91, 0x8e, 0x8f, 0x8e, 0x8f, 0x94, 0xc8, 0x28, 0x28, 0x28, 0x28, 0x28, 0x28, 0x28, 0x28, 0x28, 0x28, 0x28, 0x28, 0xcd, 0x01, 0x00, 0x00, 0x02, 0x29, 0x0a, 0x00, 0x00, 0x00, 0x0a, 0x28, 0x28, 0x28, 0x28, 0x0e, 0x00, 0x00, 0x00, 0xd0, 0x28, 0x28, 0xf0, 0x05, 0x00, 0x00, 0x00, 0x00, 0x00, 0x16, 0x28, 0x28, 0x19, 0x03, 0x29, 0x26, 0x28, 0x28, 0x28, 0x28, 0x28, 0x28, 0x28, 0x28, 0x28, 0x28, 0x28, 0x28, 0x28, 0x28, 0x28, 0x28, 0x28, 0x28, 0x28, 0x28, 0x28, 0x28, 0x28, 0x28, 0x28, 0x28, 0x28, 0x28, 0x28, 0x28, 0x28, 0x28, 0x28, 0x28, 0x28, 0x28, 0x28, 0x28, 0x28, 0x28, 0x28, 0x28, 0x28, 0x28, 0x28, 0x28, 0x28, 0x28, 0x28, 0x28, 0x28, 0x28, 0x28, 0x28, 0x28, 0x28, 0x28, 0xe5, 0x02, 0x00, 0x29, 0x28, 0x28, 0x28, 0x28, 0x28, 0x28, 0xdc, 0x00, 0x00, 0x01, 0x28, 0x28, 0x28, 0x28, 0x28, 0x28, 0x28, 0x28, 0x28, 0x28, 0xf0, 0x03, 0x00, 0x00, 0x00, 0x01, 0x00, 0x00, 0x00, 0x14, 0x28, 0x28, 0x28, 0x28, 0x28, 0x28, 0x28, 0x28, 0x28, 0x28, 0x28, 0x28, 0x28, 0xaa, 0x8e, 0x8e, 0x8f, 0x8e, 0x8e, 0xbd, 0x28, 0x28, 0x28, 0x28, 0x28, 0x28, 0x28, 0x28, 0x28, 0x28, 0x28, 0x28, 0x28, 0x28, 0x28, 0x28, 0x28, 0x28, 0x28, 0x28, 0x28, 0x28, 0x28, 0x28, 0x28, 0x28, 0x28, 0x28, 0x28, 0x28, 0x28, 0x28, 0x28, 0x28, 0x28, 0x28, 0x28, 0x28, 0x28, 0x28, 0x28, 0x28, 0x28, 0x28, 0x28, 0x28, 0x28, 0x28, 0x28, 0x28, 0x28, 0x28, 0x28, 0x28, 0x28, 0x28, 0x69, 0x35, 0x35, 0x35, 0x36, 0x35, 0x5d, 0x28, 0x28, 0x28, 0x28, 0x28, 0x28, 0x28, 0x28, 0xc5, 0x4e, 0x6b, 0x28, 0x28, 0x28, 0x28, 0x28, 0x28, 0x28, 0x28, 0x28, 0x28, 0x28, 0x28, 0x28, 0x28, 0x6b, 0x35, 0x35, 0x35, 0x35, 0x35, 0x44, 0x28, 0x28, 0x28, 0x28, 0x28, 0x28, 0x28, 0x28, 0x28, 0x28, 0x44, 0x35, 0x36, 0x35, 0x35, 0x37, 0x28, 0x28, 0x28, 0x28, 0x28, 0xb3, 0x35, 0x35, 0x35, 0x35, 0x35, 0x62, 0x28, 0x28, 0x28, 0x28, 0x28, 0x28, 0x28, 0x28, 0x28, 0x28, 0x28, 0x28, 0x28, 0x28, 0x55, 0x35, 0x35, 0x36, 0x35, 0x35, 0x62, 0x28, 0x28, 0x28, 0x28, 0x28, 0x28, 0x4e, 0x35, 0x35, 0x35, 0x35, 0x36, 0x35, 0x6b, 0x28, 0x28, 0x28, 0x28, 0x5a, 0x35, 0x36, 0x35, 0x35, 0x36, 0x35, 0x62, 0x28, 0x28, 0x28, 0x28, 0x28, 0x28, 0x28, 0x28, 0x28, 0x28, 0x28, 0x28, 0x28, 0x28, 0x28, 0x28, 0x28, 0x28, 0x28, 0x28, 0x28, 0x28, 0x28, 0x28, 0x28, 0x28, 0x28, 0x28, 0x28, 0x28, 0x28, 0x28, 0x28, 0x28, 0x28, 0x28, 0x28, 0x28, 0x28, 0x28, 0x28, 0x28, 0x28, 0x28, 0x28, 0x28, 0x28, 0x28, 0x28, 0x28, 0x28, 0x28, 0x28, 0x28, 0x28, 0x28, 0x28, 0x28, 0x28, 0x28, 0x28, 0x28, 0x28, 0x28, 0x28, 0x28, 0x28, 0x28, 0x28, 0x28, 0x28, 0x28, 0x28, 0x28, 0x28, 0x28, 0x28, 0x28, 0x28, 0x28, 0x28, 0x28, 0x28, 0x28, 0x28, 0x28, 0x28, 0x28, 0x28, 0x28, 0x28, 0x28, 0x28, 0x28, 0x28, 0x28, 0x28, 0x28, 0x28, 0x28, 0x28, 0x28, 
  0x28, 0x28, 0x28, 0x28, 0x28, 0x28, 0x28, 0x28, 0x28, 0x28, 0x28, 0x28, 0x28, 0x28, 0x28, 0x28, 0x28, 0x28, 0x28, 0x28, 0x28, 0x28, 0x28, 0x28, 0x28, 0x28, 0x28, 0x28, 0x28, 0x28, 0x28, 0x28, 0x28, 0x28, 0x28, 0x28, 0x28, 0x28, 0x28, 0x28, 0xc9, 0xa6, 0x8f, 0x8e, 0x8e, 0x8e, 0x97, 0xbe, 0x28, 0x28, 0x28, 0x28, 0x28, 0x28, 0x28, 0x28, 0x28, 0x28, 0x28, 0xd0, 0xf9, 0x00, 0x00, 0x00, 0x0a, 0xcc, 0x28, 0x28, 0xf8, 0x00, 0x00, 0x07, 0x28, 0x28, 0x28, 0x28, 0xd0, 0x04, 0x00, 0x00, 0xf1, 0x28, 0x28, 0x28, 0x28, 0x11, 0x00, 0x00, 0x00, 0x00, 0x0c, 0x28, 0x28, 0x28, 0x28, 0x28, 0x28, 0x28, 0x28, 0x28, 0x28, 0x28, 0x28, 0x28, 0x28, 0x28, 0x28, 0x28, 0x28, 0x28, 0x28, 0x28, 0x28, 0x28, 0x28, 0x28, 0x28, 0x28, 0x28, 0x28, 0x28, 0x28, 0x28, 0x28, 0x28, 0x28, 0x28, 0x28, 0x28, 0x28, 0x28, 0x28, 0x28, 0x28, 0x28, 0x28, 0x28, 0x28, 0x28, 0x28, 0x28, 0x28, 0x28, 0x28, 0x28, 0x28, 0x28, 0x28, 0x28, 0x28, 0x28, 0x28, 0x28, 0x28, 0x28, 0x28, 0xf8, 0xec, 0x28, 0x28, 0x28, 0x28, 0x28, 0x28, 0x0b, 0x00, 0x00, 0x7f, 0x28, 0x28, 0x28, 0x28, 0x28, 0x28, 0x28, 0x28, 0x28, 0x28, 0x54, 0x00, 0x00, 0x00, 0xf9, 0x28, 0xe9, 0x03, 0x00, 0x00, 0xf5, 0x28, 0x28, 0x28, 0x28, 0x28, 0x28, 0x28, 0x28, 0x28, 0x28, 0x28, 0x28, 0xc8, 0xaa, 0x8f, 0x8e, 0x8f, 0x8e, 0x93, 0xc4, 0x28, 0x28, 0x28, 0x28, 0x28, 0x28, 0x28, 0x28, 0x28, 0x28, 0x28, 0x28, 0x28, 0x28, 0x28, 0x28, 0x28, 0x28, 0x28, 0x28, 0x28, 0x28, 0x28, 0x28, 0x28, 0x28, 0x28, 0x28, 0x28, 0x28, 0x28, 0x28, 0x28, 0x28, 0x28, 0x28, 0x28, 0x28, 0x28, 0x28, 0x28, 0x28, 0x28, 0x28, 0x28, 0x28, 0x28, 0x28, 0x28, 0x28, 0x28, 0x28, 0x28, 0x28, 0x28, 0xbf, 0x35, 0x35, 0x35, 0x35, 0x35, 0x5d, 0x28, 0x28, 0x28, 0x28, 0x28, 0x28, 0xc9, 0x55, 0x35, 0x35, 0x48, 0x28, 0x28, 0x28, 0x28, 0x28, 0x28, 0x28, 0x28, 0x28, 0x28, 0x28, 0x28, 0x28, 0x28, 0x62, 0x35, 0x35, 0x35, 0x35, 0x35, 0xb0, 0x28, 0x28, 0x28, 0x28, 0x28, 0x28, 0x28, 0x28, 0x28, 0x28, 0xab, 0x35, 0x35, 0x35, 0x35, 0x9d, 0x28, 0x28, 0x28, 0x28, 0x28, 0x5a, 0x35, 0x35, 0x35, 0x35, 0x35, 0xb0, 0x28, 0x28, 0x28, 0x28, 0x28, 0x28, 0x28, 0x28, 0x28, 0x28, 0x28, 0x28, 0x28, 0xc9, 0x3c, 0x35, 0x35, 0x35, 0x35, 0x35, 0x66, 0x28, 0x28, 0x28, 0x28, 0x28, 0xbf, 0x35, 0x35, 0x35, 0x35, 0x35, 0x35, 0x55, 0x28, 0x28, 0x28, 0x28, 0x28, 0x28, 0x3c, 0x35, 0x35, 0x35, 0x35, 0x35, 0x38, 0xc8, 0x28, 0x28, 0x28, 0x28, 0x28, 0x28, 0x28, 0x28, 0x28, 0x28, 0x28, 0x28, 0x28, 0x28, 0x28, 0x28, 0x28, 0x28, 0x28, 0x28, 0x28, 0x28, 0x28, 0x28, 0x28, 0x28, 0x28, 0x28, 0x28, 0x28, 0x28, 0x28, 0x28, 0x28, 0x28, 0x28, 0x28, 0x28, 0x28, 0x28, 0x28, 0x28, 0x28, 0x28, 0x28, 0x28, 0x28, 0x28, 0x28, 0x28, 0x28, 0x28, 0x28, 0x28, 0x28, 0x28, 0x28, 0x28, 0x28, 0x28, 0x28, 0x28, 0x28, 0x28, 0x28, 0x28, 0x28, 0x28, 0x28, 0x28, 0x28, 0x28, 0x28, 0x28, 0x28, 0x28, 0x28, 0x28, 0x28, 0x28, 0x28, 0x28, 0x28, 0x28, 0x28, 0x28, 0x28, 0x28, 0x28, 0x28, 0x28, 0x28, 0x28, 0x28, 0x28, 0x28, 0x28, 0x28, 0x28, 0x28, 0x28, 
  0x28, 0x28, 0x28, 0x28, 0x28, 0x28, 0x28, 0x28, 0x28, 0x28, 0x28, 0x28, 0x28, 0x28, 0x28, 0x28, 0x28, 0x28, 0x28, 0x28, 0x28, 0x28, 0x28, 0x28, 0x28, 0x28, 0x28, 0x28, 0x28, 0x28, 0x28, 0x28, 0x28, 0x28, 0x28, 0x28, 0x28, 0x28, 0x28, 0xc9, 0x90, 0x8f, 0x8e, 0x8e, 0x8f, 0x9f, 0xc5, 0x28, 0x28, 0x28, 0x28, 0x28, 0x28, 0x28, 0x28, 0x28, 0x28, 0x28, 0x28, 0x18, 0x00, 0x00, 0x00, 0x7d, 0x28, 0x28, 0x28, 0x28, 0x27, 0x00, 0x00, 0x09, 0x28, 0x28, 0x28, 0x28, 0x28, 0xdf, 0x00, 0x00, 0x06, 0x28, 0x28, 0x28, 0x28, 0x28, 0x21, 0x04, 0x00, 0x0a, 0xed, 0x28, 0x28, 0x28, 0x28, 0x28, 0x28, 0x28, 0x28, 0x28, 0x28, 0x28, 0x28, 0x28, 0x28, 0x28, 0x28, 0x28, 0x28, 0x28, 0x28, 0x28, 0x28, 0x28, 0x28, 0x28, 0x28, 0x28, 0x28, 0x28, 0x28, 0x28, 0x28, 0x28, 0x28, 0x28, 0x28, 0x28, 0x28, 0x28, 0x28, 0x28, 0x28, 0x28, 0x28, 0x28, 0x28, 0x28, 0x28, 0x28, 0x28, 0x28, 0x28, 0x28, 0x28, 0x28, 0x28, 0x28, 0x28, 0x28, 0x28, 0x28, 0x28, 0x28, 0x28, 0x28, 0x28, 0x28, 0x28, 0x28, 0x28, 0x28, 0x28, 0x18, 0x00, 0x00, 0x02, 0x22, 0x28, 0x28, 0x28, 0x28, 0x28, 0x28, 0x28, 0x28, 0x28, 0x28, 0x19, 0x00, 0x00, 0x07, 0x28, 0x28, 0x28, 0x28, 0x03, 0x00, 0x06, 0xd0, 0x28, 0x28, 0x28, 0x28, 0x28, 0x28, 0x28, 0x28, 0x28, 0x28, 0x28, 0x28, 0x28, 0xaf, 0x8e, 0x8e, 0x8f, 0x8e, 0x8e, 0xbf, 0x28, 0x28, 0x28, 0x28, 0x28, 0x28, 0x28, 0x28, 0x28, 0x28, 0x28, 0x28, 0x28, 0x28, 0x28, 0x28, 0x28, 0x28, 0x28, 0x28, 0x28, 0x28, 0x28, 0x28, 0x28, 0x28, 0x28, 0x28, 0x28, 0x28, 0x28, 0x28, 0x28, 0x28, 0x28, 0x28, 0x28, 0x28, 0x28, 0x28, 0x28, 0x28, 0x28, 0x28, 0x28, 0x28, 0x28, 0x28, 0x28, 0x28, 0x28, 0x28, 0x28, 0x28, 0xbf, 0x35, 0x96, 0x35, 0x35, 0x96, 0x5d, 0x28, 0x28, 0x28, 0x28, 0x28, 0x62, 0x38, 0x96, 0x35, 0x96, 0x35, 0xc4, 0x28, 0x28, 0x28, 0x28, 0x28, 0x28, 0x28, 0x28, 0x28, 0x28, 0x28, 0x28, 0xc9, 0x3c, 0x96, 0x35, 0x96, 0x35, 0x96, 0x5a, 0x28, 0x28, 0x28, 0x28, 0x28, 0x28, 0x28, 0x28, 0x28, 0x28, 0x44, 0x96, 0x35, 0x96, 0x35, 0x9d, 0x28, 0x28, 0x28, 0x28, 0x28, 0x6b, 0x96, 0x35, 0x96, 0x35, 0x96, 0x35, 0x66, 0x28, 0x28, 0x28, 0x28, 0x28, 0x28, 0x28, 0x28, 0x28, 0x28, 0x28, 0x28, 0x5a, 0x96, 0x35, 0x96, 0x35, 0x96, 0x35, 0xc9, 0x28, 0x28, 0x28, 0x28, 0xc9, 0x3c, 0x35, 0x96, 0x35, 0x96, 0x35, 0xa2, 0xc9, 0x28, 0x28, 0x28, 0x28, 0x28, 0x28, 0xc0, 0x35, 0x96, 0x35, 0x96, 0x35, 0x96, 0x4e, 0x28, 0x28, 0x28, 0x28, 0x28, 0x28, 0x28, 0x28, 0x28, 0x28, 0x28, 0x28, 0x28, 0x28, 0x28, 0x28, 0x28, 0x28, 0x28, 0x28, 0x28, 0x28, 0x28, 0x28, 0x28, 0x28, 0x28, 0x28, 0x28, 0x28, 0x28, 0x28, 0x28, 0x28, 0x28, 0x28, 0x28, 0x28, 0x28, 0x28, 0x28, 0x28, 0x28, 0x28, 0x28, 0x28, 0x28, 0x28, 0x28, 0x28, 0x28, 0x28, 0x28, 0x28, 0x28, 0x28, 0x28, 0x28, 0x28, 0x28, 0x28, 0x28, 0x28, 0x28, 0x28, 0x28, 0x28, 0x28, 0x28, 0x28, 0x28, 0x28, 0x28, 0x28, 0x28, 0x28, 0x28, 0x28, 0x28, 0x28, 0x28, 0x28, 0x28, 0x28, 0x28, 0x28, 0x28, 0x28, 0x28, 0x28, 0x28, 0x28, 0x28, 0x28, 0x28, 0x28, 0x28, 0x28, 0x28, 0x28, 0x28, 
  0x28, 0x28, 0x28, 0x28, 0x28, 0x28, 0x28, 0x28, 0x28, 0x28, 0x28, 0x28, 0x28, 0x28, 0x28, 0x28, 0x28, 0x28, 0x28, 0x28, 0x28, 0x28, 0x28, 0x28, 0x28, 0x28, 0x28, 0x28, 0x28, 0x28, 0x28, 0x28, 0x28, 0x28, 0x28, 0x28, 0x28, 0x28, 0xc9, 0x8f, 0x8f, 0x8e, 0x8f, 0x8e, 0x9a, 0x28, 0x28, 0x28, 0x28, 0x28, 0x28, 0x28, 0x28, 0x28, 0x28, 0x28, 0x28, 0x28, 0x28, 0x28, 0xfe, 0x00, 0x00, 0x00, 0xef, 0x28, 0x28, 0x28, 0x27, 0x00, 0x00, 0x33, 0x28, 0x28, 0x28, 0x28, 0x28, 0x1f, 0x00, 0x00, 0x00, 0x20, 0x28, 0x28, 0x28, 0x28, 0x28, 0xd0, 0xf0, 0x28, 0x28, 0x28, 0x28, 0x28, 0x28, 0x28, 0x28, 0x28, 0x28, 0x28, 0x28, 0x28, 0x28, 0x28, 0x28, 0x28, 0x28, 0x28, 0x28, 0x28, 0x28, 0x28, 0x28, 0x28, 0x28, 0x28, 0x28, 0x28, 0x28, 0x28, 0x28, 0x28, 0x28, 0x28, 0x28, 0x28, 0x28, 0x28, 0x28, 0x28, 0x28, 0x28, 0x28, 0x28, 0x28, 0x28, 0x28, 0x28, 0x28, 0x28, 0x28, 0x28, 0x28, 0x28, 0x28, 0x28, 0x28, 0x28, 0x28, 0x28, 0x28, 0x28, 0x28, 0x28, 0x28, 0x28, 0x28, 0x28, 0x28, 0x28, 0x28, 0x28, 0x28, 0x06, 0x00, 0x00, 0x0c, 0x28, 0x28, 0x28, 0x28, 0x28, 0x28, 0x28, 0x28, 0x28, 0x28, 0x28, 0x1f, 0x00, 0x00, 0x03, 0x28, 0x28, 0x28, 0x28, 0x0a, 0x00, 0x00, 0x54, 0x28, 0x28, 0x28, 0x28, 0x28, 0x28, 0x28, 0x28, 0x28, 0x28, 0x28, 0x28, 0x28, 0x28, 0xb1, 0x8e, 0x8f, 0x8f, 0x8f, 0x8e, 0xc0, 0x28, 0x28, 0x28, 0x28, 0x28, 0x28, 0x28, 0x28, 0x28, 0x28, 0x28, 0x28, 0x28, 0x28, 0x28, 0x28, 0x28, 0x28, 0x28, 0x28, 0x28, 0x28, 0x28, 0x28, 0x28, 0x28, 0x28, 0x28, 0x28, 0x28, 0x28, 0x28, 0x28, 0x28, 0x28, 0x28, 0x28, 0x28, 0x28, 0x28, 0x28, 0x28, 0x28, 0x28, 0x28, 0x28, 0x28, 0x28, 0x28, 0x28, 0x28, 0x28, 0x28, 0xc0, 0x96, 0x96, 0x96, 0x96, 0x96, 0x5a, 0x28, 0x28, 0x28, 0x28, 0x28, 0xab, 0x96, 0x96, 0x96, 0x96, 0x96, 0xa2, 0xc5, 0x28, 0x28, 0x28, 0x28, 0x28, 0x28, 0x28, 0x28, 0x28, 0x28, 0x28, 0xb0, 0x96, 0x96, 0x96, 0x96, 0x96, 0x96, 0x69, 0x28, 0x28, 0x28, 0x28, 0x28, 0x28, 0x28, 0x28, 0x28, 0x28, 0xab, 0x96, 0x96, 0x96, 0x96, 0x9d, 0x28, 0x28, 0x28, 0x28, 0x28, 0xc9, 0x38, 0x96, 0x96, 0x96, 0x96, 0x96, 0xa2, 0xc8, 0x28, 0x28, 0x28, 0x28, 0x28, 0x28, 0x28, 0x28, 0x28, 0x28, 0x6b, 0x96, 0x96, 0x96, 0x96, 0x96, 0x96, 0xab, 0x28, 0x28, 0x28, 0x28, 0x28, 0x5a, 0x96, 0x96, 0x96, 0x96, 0x96, 0x96, 0x66, 0x28, 0x28, 0x28, 0x28, 0x28, 0x28, 0x28, 0x28, 0xb0, 0x96, 0x96, 0x96, 0x96, 0x96, 0x96, 0xc0, 0x28, 0x28, 0x28, 0x28, 0x28, 0x28, 0x28, 0x28, 0x28, 0x28, 0x28, 0x28, 0x28, 0x28, 0x28, 0x28, 0x28, 0x28, 0x28, 0x28, 0x28, 0x28, 0x28, 0x28, 0x28, 0x28, 0x28, 0x28, 0x28, 0x28, 0x28, 0x28, 0x28, 0x28, 0x28, 0x28, 0x28, 0x28, 0x28, 0x28, 0x28, 0x28, 0x28, 0x28, 0x28, 0x28, 0x28, 0x28, 0x28, 0x28, 0x28, 0x28, 0x28, 0x28, 0x28, 0x28, 0x28, 0x28, 0x28, 0x28, 0x28, 0x28, 0x28, 0x28, 0x28, 0x28, 0x28, 0x28, 0x28, 0x28, 0x28, 0x28, 0x28, 0x28, 0x28, 0x28, 0x28, 0x28, 0x28, 0x28, 0x28, 0x28, 0x28, 0x28, 0x28, 0x28, 0x28, 0x28, 0x28, 0x28, 0x28, 0x28, 0x28, 0x28, 0x28, 0x28, 0x28, 0x28, 0x28, 0x28, 
  0x28, 0x28, 0x28, 0x28, 0x28, 0x28, 0x28, 0x28, 0x28, 0x28, 0x28, 0x28, 0x28, 0x28, 0x28, 0x28, 0x28, 0x28, 0x28, 0x28, 0x28, 0x28, 0x28, 0x28, 0x28, 0x28, 0x28, 0x28, 0x28, 0x28, 0x28, 0x28, 0x28, 0x28, 0x28, 0x28, 0x28, 0xc9, 0x9c, 0x8f, 0x8e, 0x8f, 0x8e, 0x91, 0xc9, 0x28, 0x28, 0x28, 0x28, 0x28, 0x28, 0x28, 0x28, 0x28, 0x28, 0x28, 0x28, 0x28, 0x28, 0x28, 0x24, 0x00, 0x00, 0x00, 0x05, 0x27, 0x28, 0x28, 0x7f, 0x00, 0x00, 0x01, 0x00, 0x03, 0x21, 0x28, 0x28, 0x28, 0x2f, 0x00, 0x00, 0x0a, 0x28, 0x28, 0x28, 0x28, 0x28, 0x28, 0x28, 0x28, 0x28, 0x28, 0x28, 0x28, 0x28, 0x28, 0x28, 0x28, 0x28, 0x28, 0x28, 0x28, 0x28, 0x28, 0x28, 0x28, 0x28, 0x28, 0x28, 0x28, 0x28, 0x28, 0x28, 0xc4, 0xb6, 0xa5, 0x9c, 0x97, 0x94, 0x91, 0x90, 0x8f, 0x8e, 0x8e, 0x8e, 0x8e, 0x8f, 0x8f, 0x90, 0x90, 0x94, 0x97, 0x9a, 0xa0, 0xb1, 0xbd, 0x28, 0x28, 0x28, 0x28, 0x28, 0x28, 0x28, 0x28, 0x28, 0x28, 0x28, 0x28, 0x28, 0x28, 0x28, 0x28, 0x28, 0x28, 0x28, 0x28, 0x28, 0x28, 0x28, 0x28, 0x28, 0x28, 0x28, 0x17, 0x04, 0x00, 0xfc, 0x28, 0x28, 0x28, 0x28, 0x28, 0x28, 0x28, 0x28, 0x28, 0x28, 0x28, 0x28, 0xd9, 0x00, 0x00, 0x14, 0x28, 0x28, 0x28, 0x05, 0x00, 0x00, 0x17, 0x28, 0x28, 0x28, 0x28, 0x28, 0x28, 0x28, 0x28, 0x28, 0x28, 0x28, 0x28, 0x28, 0x28, 0x28, 0xad, 0x8e, 0x8e, 0x8f, 0x8e, 0x90, 0xc1, 0x28, 0x28, 0x28, 0x28, 0x28, 0x28, 0x28, 0x28, 0x28, 0x28, 0x28, 0x28, 0x28, 0x28, 0x28, 0x28, 0x28, 0x28, 0x28, 0x28, 0x28, 0x28, 0x28, 0x28, 0x28, 0x28, 0x28, 0x28, 0x28, 0x28, 0x28, 0x28, 0x28, 0x28, 0x28, 0x28, 0x28, 0x28, 0x28, 0x28, 0x28, 0x28, 0x28, 0x28, 0x28, 0x28, 0x28, 0x28, 0x28, 0x28, 0x28, 0x28, 0xbf, 0x96, 0x96, 0x96, 0x96, 0x96, 0xb9, 0x28, 0x28, 0x28, 0x28, 0x28, 0x66, 0x96, 0x96, 0x96, 0x96, 0x96, 0x96, 0xa2, 0xc0, 0x28, 0x28, 0x28, 0x28, 0x28, 0x28, 0x28, 0x28, 0xc5, 0xb0, 0x96, 0x96, 0x96, 0x96, 0x96, 0x96, 0xa2, 0x28, 0x28, 0x28, 0x28, 0x28, 0x28, 0x28, 0x28, 0x28, 0x28, 0x28, 0xab, 0x96, 0x96, 0x96, 0x96, 0x98, 0x28, 0x28, 0x28, 0x28, 0x28, 0x28, 0x5a, 0x96, 0x96, 0x96, 0x96, 0x96, 0x96, 0xa2, 0xbf, 0x28, 0x28, 0x28, 0x28, 0x28, 0x28, 0x28, 0x28, 0x62, 0x98, 0x96, 0x96, 0x96, 0x96, 0x96, 0x96, 0x66, 0x28, 0x28, 0x28, 0x28, 0xc4, 0x96, 0x96, 0x96, 0x96, 0x96, 0x96, 0xb0, 0x28, 0x28, 0x28, 0x28, 0x28, 0x28, 0x28, 0x28, 0x28, 0xc7, 0x9d, 0x96, 0x96, 0x96, 0x96, 0x96, 0xa2, 0xc9, 0x28, 0x28, 0x28, 0x28, 0x28, 0x28, 0x28, 0x28, 0x28, 0x28, 0x28, 0x28, 0x28, 0x28, 0x28, 0x28, 0x28, 0x28, 0x28, 0x28, 0x28, 0x28, 0x28, 0x28, 0x28, 0x28, 0x28, 0x28, 0x28, 0x28, 0x28, 0x28, 0x28, 0x28, 0x28, 0x28, 0x28, 0x28, 0x28, 0x28, 0x28, 0x28, 0x28, 0x28, 0x28, 0x28, 0x28, 0x28, 0x28, 0x28, 0x28, 0x28, 0x28, 0x28, 0x28, 0x28, 0x28, 0x28, 0x28, 0x28, 0x28, 0x28, 0x28, 0x28, 0x28, 0x28, 0x28, 0x28, 0x28, 0x28, 0x28, 0x28, 0x28, 0x28, 0x28, 0x28, 0x28, 0x28, 0x28, 0x28, 0x28, 0x28, 0x28, 0x28, 0x28, 0x28, 0x28, 0x28, 0x28, 0x28, 0x28, 0x28, 0x28, 0x28, 0x28, 0x28, 0x28, 0x28, 0x28, 
  0x28, 0x28, 0x28, 0x28, 0x28, 0x28, 0x28, 0x28, 0x28, 0x28, 0x28, 0x28, 0x28, 0x28, 0x28, 0x28, 0x28, 0x28, 0x28, 0x28, 0x28, 0x28, 0x28, 0x28, 0x28, 0x28, 0x28, 0x28, 0x28, 0x28, 0x28, 0x28, 0x28, 0x28, 0x28, 0x28, 0xc5, 0x9e, 0x8e, 0x8f, 0x8e, 0x8f, 0xaf, 0xc9, 0x28, 0x28, 0x28, 0x28, 0x28, 0x28, 0x28, 0x28, 0x28, 0x28, 0x28, 0x28, 0x28, 0x28, 0x28, 0x28, 0x28, 0xcc, 0x00, 0x00, 0x00, 0x11, 0xf6, 0x05, 0x00, 0x00, 0x00, 0x00, 0x00, 0x00, 0x01, 0xce, 0x28, 0x28, 0x1c, 0x00, 0x00, 0x00, 0xf7, 0x28, 0x28, 0x28, 0x28, 0x28, 0x28, 0x28, 0x28, 0x28, 0x28, 0x28, 0x28, 0x28, 0x28, 0x28, 0x28, 0x28, 0x28, 0x28, 0x28, 0x28, 0x28, 0x28, 0xc5, 0xb4, 0xa3, 0x9c, 0x94, 0x91, 0x90, 0x8e, 0x8f, 0x8e, 0x8f, 0x8e, 0x8e, 0x8e, 0x8e, 0x8f, 0x8e, 0x8f, 0x8e, 0x8f, 0x8e, 0x8f, 0x8e, 0x8e, 0x8f, 0x8e, 0x8e, 0x8e, 0x8e, 0x8f, 0x8f, 0x90, 0x94, 0x97, 0x9f, 0xad, 0xbd, 0x28, 0x28, 0x28, 0x28, 0x28, 0x28, 0x28, 0x28, 0x28, 0x28, 0x28, 0x28, 0x28, 0x28, 0x28, 0x28, 0x28, 0x28, 0x28, 0x28, 0x28, 0x26, 0xcd, 0x28, 0x28, 0x28, 0x28, 0x28, 0x28, 0x28, 0x28, 0x28, 0xfd, 0x1f, 0x28, 0x28, 0x26, 0x01, 0x00, 0x01, 0xed, 0x28, 0x28, 0xe5, 0x01, 0x01, 0xcf, 0x28, 0x28, 0x28, 0x28, 0x28, 0x28, 0x28, 0x28, 0x28, 0x28, 0x28, 0x28, 0x28, 0x28, 0x28, 0x28, 0xbf, 0x90, 0x8e, 0x8f, 0x8e, 0x91, 0xb6, 0x28, 0x28, 0x28, 0x28, 0x28, 0x28, 0x28, 0x28, 0x28, 0x28, 0x28, 0x28, 0x28, 0x28, 0x28, 0x28, 0x28, 0x28, 0x28, 0x28, 0x28, 0x28, 0x28, 0x28, 0x28, 0x28, 0x28, 0x28, 0x28, 0x28, 0x28, 0x28, 0x28, 0x28, 0x28, 0x28, 0x28, 0x28, 0x28, 0x28, 0x28, 0x28, 0x28, 0x28, 0x28, 0x28, 0x28, 0x28, 0x28, 0x28, 0x28, 0xbf, 0x92, 0x92, 0x92, 0x92, 0x92, 0x5a, 0x28, 0x28, 0x28, 0x28, 0x28, 0x28, 0xab, 0x92, 0x92, 0x92, 0x92, 0x92, 0x92, 0x92, 0xa7, 0x62, 0xc2, 0xc8, 0x28, 0xc4, 0x66, 0xb5, 0x92, 0x92, 0x96, 0x92, 0x92, 0x92, 0x92, 0x92, 0xbc, 0x28, 0x28, 0x28, 0x28, 0x28, 0x28, 0x28, 0x28, 0x28, 0x28, 0x28, 0xab, 0x92, 0x92, 0x92, 0x92, 0x98, 0x28, 0x28, 0x28, 0x28, 0x28, 0x28, 0xc7, 0x98, 0x92, 0x96, 0x92, 0x92, 0x96, 0x92, 0x96, 0xb0, 0x66, 0xc8, 0x28, 0x28, 0xc5, 0xbd, 0xab, 0x92, 0x96, 0x92, 0x92, 0x92, 0x92, 0x92, 0xab, 0x28, 0x28, 0x28, 0x28, 0x28, 0xab, 0x92, 0x96, 0x92, 0x92, 0x96, 0x98, 0xc6, 0xd0, 0x28, 0x28, 0x28, 0x28, 0x28, 0x28, 0x28, 0x28, 0x28, 0xbb, 0x92, 0x92, 0x92, 0x92, 0x92, 0x92, 0x5a, 0x28, 0x28, 0x28, 0x28, 0x28, 0x28, 0x28, 0x28, 0x28, 0x28, 0x28, 0x28, 0x28, 0x28, 0x28, 0x28, 0x28, 0x28, 0x28, 0x28, 0x28, 0x28, 0x28, 0x28, 0x28, 0x28, 0x28, 0x28, 0x28, 0x28, 0x28, 0x28, 0x28, 0x28, 0x28, 0x28, 0x28, 0x28, 0x28, 0x28, 0x28, 0x28, 0x28, 0x28, 0x28, 0x28, 0x28, 0x28, 0x28, 0x28, 0x28, 0x28, 0x28, 0x28, 0x28, 0x28, 0x28, 0x28, 0x28, 0x28, 0x28, 0x28, 0x28, 0x28, 0x28, 0x28, 0x28, 0x28, 0x28, 0x28, 0x28, 0x28, 0x28, 0x28, 0x28, 0x28, 0x28, 0x28, 0x28, 0x28, 0x28, 0x28, 0x28, 0x28, 0x28, 0x28, 0x28, 0x28, 0x28, 0x28, 0x28, 0x28, 0x28, 0x28, 0x28, 0x28, 0x28, 0x28, 0x28, 
  0x28, 0x28, 0x28, 0x28, 0x28, 0x28, 0x28, 0x28, 0x28, 0x28, 0x28, 0x28, 0x28, 0x28, 0x28, 0x28, 0x28, 0x28, 0x28, 0x28, 0x28, 0x28, 0x28, 0x28, 0x28, 0x28, 0x28, 0x28, 0x28, 0x28, 0x28, 0x28, 0x28, 0x28, 0x28, 0xc9, 0x9e, 0x8e, 0x8e, 0x8f, 0x8e, 0xae, 0xc9, 0x28, 0x28, 0x28, 0x28, 0x28, 0x28, 0x28, 0x28, 0x28, 0x28, 0x28, 0x28, 0x28, 0x28, 0x28, 0x28, 0x28, 0x28, 0x28, 0xf6, 0x00, 0x00, 0x01, 0x01, 0x00, 0x00, 0x11, 0x1d, 0xfc, 0x00, 0x00, 0x00, 0x08, 0x25, 0x28, 0x28, 0x33, 0x02, 0xea, 0x24, 0x28, 0x28, 0x28, 0x28, 0x28, 0x28, 0x28, 0x28, 0x28, 0x28, 0x28, 0x28, 0x28, 0x28, 0x28, 0x28, 0x28, 0x28, 0x28, 0xc1, 0xae, 0x9e, 0x9a, 0x8e, 0x8f, 0x8e, 0x8e, 0x8e, 0x8f, 0x8e, 0x8e, 0x8e, 0x8f, 0x8e, 0x8e, 0x8f, 0x8e, 0x8f, 0x8e, 0x8e, 0x8e, 0x8e, 0x8e, 0x8e, 0x8e, 0x8e, 0x8f, 0x8e, 0x8e, 0x8f, 0x8e, 0x8f, 0x8e, 0x8f, 0x8f, 0x8f, 0x8f, 0x8e, 0x8e, 0x8e, 0x91, 0x9e, 0xa9, 0xbb, 0x28, 0x28, 0x28, 0x28, 0x28, 0x28, 0x28, 0x28, 0x28, 0x28, 0x28, 0x28, 0x28, 0x28, 0x28, 0x28, 0x28, 0x28, 0x28, 0x28, 0x28, 0x28, 0x28, 0x28, 0x28, 0x28, 0x28, 0xfa, 0x00, 0x03, 0xf6, 0x28, 0x28, 0xf7, 0x00, 0x00, 0x03, 0xd0, 0x28, 0x28, 0x1e, 0xf7, 0x28, 0x28, 0x28, 0x28, 0x28, 0x28, 0x28, 0x28, 0x28, 0x28, 0x28, 0x28, 0x28, 0x28, 0x28, 0x28, 0x28, 0x28, 0xbb, 0x8e, 0x8e, 0x8e, 0x8e, 0x91, 0xbe, 0x28, 0x28, 0x28, 0x28, 0x28, 0x28, 0x28, 0x28, 0x28, 0x28, 0x28, 0x28, 0x28, 0x28, 0x28, 0x28, 0x28, 0x28, 0x28, 0x28, 0x28, 0x28, 0x28, 0x28, 0x28, 0x28, 0x28, 0x28, 0x28, 0x28, 0x28, 0x28, 0x28, 0x28, 0x28, 0x28, 0x28, 0x28, 0x28, 0x28, 0x28, 0x28, 0x28, 0x28, 0x28, 0x28, 0x28, 0x28, 0x28, 0x28, 0xbf, 0x92, 0x96, 0x92, 0x96, 0x92, 0xb8, 0x28, 0x28, 0x28, 0x28, 0x28, 0x28, 0xc0, 0x96, 0x92, 0x96, 0x92, 0x96, 0x92, 0x96, 0x92, 0x92, 0x92, 0x92, 0x92, 0x92, 0x92, 0x96, 0x92, 0x92, 0x92, 0x92, 0x92, 0x92, 0x92, 0xab, 0x28, 0x28, 0x28, 0x28, 0x28, 0x28, 0x28, 0x28, 0x28, 0x28, 0x28, 0x28, 0xab, 0x92, 0x92, 0x96, 0x92, 0x98, 0x28, 0x28, 0x28, 0x28, 0x28, 0x28, 0x28, 0xbc, 0x92, 0x92, 0x96, 0x92, 0x92, 0x92, 0x92, 0x92, 0x92, 0x92, 0x98, 0x92, 0x92, 0x92, 0x92, 0x92, 0x92, 0x92, 0x96, 0x92, 0x92, 0x98, 0x6b, 0x28, 0x28, 0x28, 0x28, 0x62, 0x92, 0x92, 0x92, 0x92, 0x92, 0x92, 0xb9, 0x28, 0x28, 0x28, 0x28, 0x28, 0x28, 0x28, 0x28, 0x28, 0x28, 0x28, 0x28, 0xab, 0x92, 0x92, 0x92, 0x96, 0x92, 0x92, 0xc4, 0x28, 0x28, 0x28, 0x28, 0x28, 0x28, 0x28, 0x28, 0x28, 0x28, 0x28, 0x28, 0x28, 0x28, 0x28, 0x28, 0x28, 0x28, 0x28, 0x28, 0x28, 0x28, 0x28, 0x28, 0x28, 0x28, 0x28, 0x28, 0x28, 0x28, 0x28, 0x28, 0x28, 0x28, 0x28, 0x28, 0x28, 0x28, 0x28, 0x28, 0x28, 0x28, 0x28, 0x28, 0x28, 0x28, 0x28, 0x28, 0x28, 0x28, 0x28, 0x28, 0x28, 0x28, 0x28, 0x28, 0x28, 0x28, 0x28, 0x28, 0x28, 0x28, 0x28, 0x28, 0x28, 0x28, 0x28, 0x28, 0x28, 0x28, 0x28, 0x28, 0x28, 0x28, 0x28, 0x28, 0x28, 0x28, 0x28, 0x28, 0x28, 0x28, 0x28, 0x28, 0x28, 0x28, 0x28, 0x28, 0x28, 0x28, 0x28, 0x28, 0x28, 0x28, 0x28, 0x28, 0x28, 0x28, 
  0x28, 0x28, 0x28, 0x28, 0x28, 0x28, 0x28, 0x28, 0x28, 0x28, 0x28, 0x28, 0x28, 0x28, 0x28, 0x28, 0x28, 0x28, 0x28, 0x28, 0x28, 0x28, 0x28, 0x28, 0x28, 0x28, 0x28, 0x28, 0x28, 0x28, 0x28, 0x28, 0x28, 0x28, 0x28, 0xac, 0x8e, 0x8e, 0x8f, 0x8e, 0xa3, 0xc7, 0x28, 0x28, 0x28, 0x28, 0x28, 0x28, 0x28, 0x28, 0x28, 0x28, 0x28, 0x1f, 0x14, 0xf8, 0xe8, 0x28, 0x28, 0x28, 0x28, 0x28, 0xd0, 0x02, 0x00, 0x00, 0x00, 0x01, 0xfa, 0x28, 0x28, 0x28, 0x17, 0x00, 0x00, 0x00, 0x7d, 0xcf, 0x28, 0xcd, 0xce, 0x28, 0x28, 0x28, 0x28, 0x28, 0x28, 0x28, 0x28, 0x28, 0x28, 0x28, 0x28, 0x28, 0x28, 0x28, 0x28, 0x28, 0x28, 0xba, 0xaf, 0x9f, 0x8f, 0x8e, 0x8e, 0x8f, 0x8e, 0x8f, 0x8e, 0x8f, 0x8e, 0x8f, 0x8e, 0x8f, 0x8e, 0x8f, 0x8e, 0x8e, 0x8e, 0x8e, 0x8e, 0x8f, 0x8e, 0x8f, 0x8e, 0x8f, 0x8e, 0x8f, 0x8f, 0x8e, 0x8f, 0x8e, 0x8e, 0x8e, 0x8f, 0x8f, 0x8f, 0x8e, 0x8e, 0x8e, 0x8f, 0x8f, 0x8e, 0x8f, 0x8e, 0x8e, 0x8e, 0x97, 0xad, 0xb2, 0x28, 0x28, 0x28, 0x28, 0x28, 0x28, 0x28, 0x28, 0x28, 0x28, 0x28, 0x28, 0x28, 0x28, 0x28, 0x28, 0x28, 0x28, 0x28, 0x28, 0x28, 0x28, 0x28, 0x28, 0x0b, 0x00, 0x00, 0x0f, 0x28, 0x28, 0xd0, 0x29, 0x00, 0x00, 0xf8, 0x28, 0x28, 0x28, 0x28, 0x28, 0x28, 0x28, 0x28, 0x28, 0x28, 0x28, 0x28, 0x28, 0x28, 0x28, 0x28, 0x28, 0x28, 0x28, 0x28, 0x28, 0x28, 0x28, 0xb6, 0x8e, 0x8f, 0x8e, 0x8e, 0x97, 0xc8, 0x28, 0x28, 0x28, 0x28, 0x28, 0x28, 0x28, 0x28, 0x28, 0x28, 0x28, 0x28, 0x28, 0x28, 0x28, 0x28, 0x28, 0x28, 0x28, 0x28, 0x28, 0x28, 0x28, 0x28, 0x28, 0x28, 0x28, 0x28, 0x28, 0x28, 0x28, 0x28, 0x28, 0x28, 0x28, 0x28, 0x28, 0x28, 0x28, 0x28, 0x28, 0x28, 0x28, 0x28, 0x28, 0x28, 0x28, 0x28, 0x28, 0xbf, 0x92, 0x92, 0x92, 0x92, 0x92, 0xb7, 0x28, 0x28, 0x28, 0x28, 0x28, 0x28, 0x28, 0xbb, 0x92, 0x92, 0x92, 0x92, 0x92, 0x92, 0x92, 0x92, 0x92, 0x92, 0x92, 0x92, 0x92, 0x92, 0x92, 0x92, 0x92, 0x92, 0x92, 0x92, 0xa7, 0xc7, 0x28, 0x28, 0x28, 0x28, 0x28, 0x28, 0x28, 0x28, 0x28, 0x28, 0x28, 0x28, 0xa7, 0x92, 0x92, 0x92, 0x92, 0x98, 0x28, 0x28, 0x28, 0x28, 0x28, 0x28, 0x28, 0x28, 0xb5, 0x92, 0x92, 0x92, 0x92, 0x92, 0x92, 0x92, 0x92, 0x92, 0x92, 0x92, 0x92, 0x92, 0x92, 0x92, 0x92, 0x92, 0x92, 0x92, 0x92, 0xbd, 0x28, 0xd0, 0x28, 0xc9, 0xc7, 0x99, 0x92, 0x92, 0x92, 0x92, 0x92, 0xa7, 0xc9, 0x28, 0xd0, 0x28, 0xd0, 0x28, 0xc9, 0x28, 0xc9, 0x28, 0xc9, 0x28, 0xd0, 0xc4, 0x92, 0x92, 0x92, 0x92, 0x92, 0x92, 0xab, 0x28, 0x28, 0xc9, 0x28, 0xc9, 0x28, 0xc9, 0x28, 0xc9, 0x28, 0xd0, 0x28, 0xd0, 0x28, 0xd0, 0x28, 0xd0, 0x28, 0xc9, 0x28, 0xc9, 0x28, 0xc9, 0x28, 0xc9, 0x28, 0xc9, 0x28, 0x28, 0x28, 0x28, 0x32, 0x7d, 0x7d, 0x7d, 0x31, 0x31, 0x31, 0x7d, 0x7d, 0x7d, 0x31, 0x32, 0x7d, 0x7d, 0x7d, 0x31, 0x31, 0x31, 0x31, 0x31, 0x31, 0x7d, 0x2f, 0x2f, 0x30, 0x30, 0x7a, 0x7a, 0x30, 0x30, 0x2f, 0x2f, 0x2f, 0x2f, 0x30, 0x30, 0x30, 0x30, 0x30, 0x28, 0x28, 0x28, 0x28, 0x28, 0x28, 0x28, 0x28, 0x28, 0x28, 0x28, 0x28, 0x28, 0x28, 0x28, 0x28, 0x28, 0x28, 0x28, 0x28, 0x28, 0x28, 0x28, 0x28, 0x28, 0x28, 0x28, 0x28, 
  0x28, 0x28, 0x28, 0x28, 0x28, 0x28, 0x28, 0x28, 0x28, 0x28, 0x28, 0x28, 0x28, 0x28, 0x28, 0x28, 0x28, 0x28, 0x28, 0x28, 0x28, 0x28, 0x28, 0x28, 0x28, 0x28, 0x28, 0x28, 0x28, 0x28, 0x28, 0x28, 0x28, 0x28, 0xae, 0x8f, 0x8f, 0x8e, 0x8e, 0xac, 0x28, 0x28, 0x28, 0x28, 0x28, 0x28, 0x28, 0x28, 0x28, 0x28, 0x28, 0xfa, 0x0b, 0x00, 0x00, 0x00, 0x00, 0x04, 0x0f, 0xcd, 0x28, 0x28, 0x28, 0x18, 0x02, 0x00, 0x00, 0x0d, 0x28, 0x28, 0x28, 0x28, 0x28, 0x13, 0x00, 0x00, 0x00, 0xf2, 0x28, 0x28, 0x28, 0x28, 0x28, 0x28, 0x28, 0x28, 0x28, 0x28, 0x28, 0x28, 0x28, 0x28, 0x28, 0x28, 0x28, 0xc9, 0xb6, 0xad, 0x97, 0x8e, 0x8f, 0x8e, 0x8f, 0x8e, 0x8f, 0x8e, 0x8e, 0x8e, 0x8e, 0x8e, 0x8e, 0x89, 0x79, 0x77, 0x77, 0x77, 0x75, 0x75, 0x74, 0x73, 0x72, 0x72, 0x71, 0x01, 0x7d, 0xc9, 0xc6, 0xc5, 0xc4, 0xc1, 0xbd, 0x9c, 0xba, 0xb2, 0xb1, 0xaf, 0xaa, 0x9e, 0x8f, 0x8f, 0x8e, 0x8e, 0x8f, 0x8e, 0x8f, 0x8e, 0x8f, 0x8e, 0x8e, 0x8e, 0x8f, 0xa9, 0xb2, 0xc0, 0x28, 0x28, 0x28, 0x28, 0x28, 0x28, 0x28, 0x28, 0x28, 0x28, 0x28, 0x28, 0x28, 0x28, 0x28, 0x28, 0x28, 0x28, 0x28, 0x28, 0x0c, 0x00, 0x00, 0xf9, 0x28, 0x28, 0x28, 0x25, 0x04, 0x00, 0x00, 0x25, 0x28, 0x28, 0x28, 0x28, 0x28, 0x25, 0x12, 0x29, 0x07, 0x08, 0x7d, 0xf9, 0xd0, 0x28, 0x28, 0x28, 0x28, 0x28, 0x28, 0x28, 0x28, 0x28, 0x28, 0xb7, 0x90, 0x8f, 0x8e, 0x8e, 0x97, 0xc6, 0x28, 0x28, 0x28, 0x28, 0x28, 0x28, 0x28, 0x28, 0x28, 0x28, 0x28, 0x28, 0x28, 0x28, 0x28, 0x28, 0x28, 0x28, 0x28, 0x28, 0x28, 0x28, 0x28, 0x28, 0x28, 0x28, 0x28, 0x28, 0x28, 0x28, 0x28, 0x28, 0x28, 0x28, 0x28, 0x28, 0x28, 0x28, 0x28, 0x28, 0x28, 0x28, 0x28, 0x28, 0x28, 0x28, 0x28, 0x28, 0xbf, 0x92, 0x92, 0x92, 0x92, 0x92, 0xb8, 0x28, 0x28, 0x28, 0x28, 0x28, 0x28, 0x28, 0x28, 0xbd, 0x98, 0x8f, 0x92, 0x8f, 0x92, 0x92, 0x92, 0x92, 0x92, 0x8f, 0x92, 0x92, 0x92, 0x92, 0x92, 0x92, 0x92, 0x90, 0xa7, 0xc6, 0x28, 0x28, 0x28, 0x28, 0x28, 0x28, 0x28, 0x28, 0x28, 0x28, 0x28, 0x28, 0x28, 0xa9, 0x92, 0x92, 0x92, 0x92, 0x93, 0x28, 0x28, 0x28, 0x28, 0x28, 0x28, 0x28, 0x28, 0x28, 0xb5, 0x92, 0x92, 0x92, 0x92, 0x92, 0x8f, 0x92, 0x92, 0x92, 0x92, 0x8f, 0x92, 0x8f, 0x92, 0x92, 0x8f, 0x92, 0x93, 0xbd, 0xc9, 0x28, 0xc9, 0x28, 0xd0, 0xb0, 0x8f, 0x92, 0x92, 0x8f, 0x92, 0x92, 0xc1, 0xd0, 0x28, 0xc9, 0x28, 0x28, 0x28, 0xd0, 0x28, 0xd0, 0x28, 0xd0, 0x28, 0xc9, 0x28, 0xb5, 0x92, 0x92, 0x92, 0x92, 0x8f, 0x92, 0xbb, 0xd0, 0x28, 0xd0, 0x28, 0xd0, 0x28, 0xd0, 0x28, 0xc9, 0x28, 0xd0, 0x28, 0xd0, 0x28, 0xd0, 0x28, 0xd0, 0x28, 0xd0, 0x28, 0xd0, 0x28, 0xd0, 0x28, 0xd0, 0x28, 0xd0, 0x28, 0xc9, 0x28, 0x11, 0x7d, 0x7d, 0x31, 0x7d, 0x31, 0x7d, 0x31, 0x7d, 0x31, 0x32, 0x7d, 0x7d, 0x7d, 0x7d, 0x7d, 0x7d, 0x7d, 0x31, 0x31, 0x31, 0x7d, 0x2f, 0x30, 0x7a, 0x7a, 0x7a, 0x30, 0x30, 0x30, 0x30, 0x30, 0x30, 0x2f, 0x30, 0x30, 0x30, 0x30, 0x30, 0x28, 0x28, 0x28, 0x28, 0x28, 0x28, 0x28, 0x28, 0x28, 0x28, 0x28, 0x28, 0x28, 0x28, 0x28, 0x28, 0x28, 0x28, 0x28, 0x28, 0x28, 0x28, 0x28, 0x28, 0x28, 0x28, 0x28, 0x28, 
  0x28, 0x28, 0x28, 0x28, 0x28, 0x28, 0x28, 0x28, 0x28, 0x28, 0x28, 0x28, 0x28, 0x28, 0x28, 0x28, 0x28, 0x28, 0x28, 0x28, 0x28, 0x28, 0x28, 0x28, 0x28, 0x28, 0x28, 0x28, 0x28, 0x28, 0x28, 0x28, 0x28, 0xaf, 0x8e, 0x8e, 0x8e, 0x8f, 0x9e, 0x28, 0x28, 0x28, 0x28, 0x28, 0x28, 0x28, 0x28, 0x28, 0x28, 0x28, 0x54, 0x00, 0x00, 0x00, 0x00, 0x00, 0x00, 0x00, 0x00, 0x0a, 0x26, 0x28, 0x28, 0x28, 0xfe, 0x00, 0x00, 0x00, 0x17, 0x28, 0x28, 0x28, 0x28, 0x28, 0xfd, 0x08, 0xeb, 0x28, 0x28, 0x28, 0x28, 0x28, 0x28, 0x28, 0x28, 0x28, 0x28, 0x28, 0x28, 0x28, 0x28, 0x28, 0x28, 0xc0, 0xb1, 0x8f, 0x8f, 0x8e, 0x8e, 0x8f, 0x8e, 0x8f, 0x8e, 0x8e, 0x8e, 0x8f, 0x89, 0x86, 0x79, 0x75, 0x73, 0x00, 0x00, 0x00, 0x00, 0x00, 0x00, 0x00, 0x00, 0x00, 0x00, 0x00, 0x00, 0x00, 0x7a, 0x28, 0x28, 0x28, 0x28, 0x28, 0x28, 0x97, 0xc9, 0x28, 0x28, 0x28, 0x28, 0x28, 0xc8, 0xbb, 0xad, 0x9f, 0x9c, 0x8f, 0x8f, 0x8e, 0x8e, 0x8f, 0x8e, 0x8f, 0x8e, 0x8f, 0x8e, 0x8e, 0xa6, 0xbd, 0xc7, 0x28, 0x28, 0x28, 0x28, 0x28, 0x28, 0x28, 0x28, 0x28, 0x28, 0x28, 0x28, 0x28, 0x28, 0x28, 0x28, 0x28, 0xd1, 0x01, 0x00, 0x0f, 0x28, 0x28, 0x28, 0x28, 0x0f, 0x00, 0x00, 0xcb, 0x28, 0x28, 0x28, 0x28, 0x1d, 0x04, 0x00, 0x00, 0x00, 0x00, 0x00, 0x00, 0xf2, 0x26, 0x28, 0x28, 0x28, 0x28, 0x28, 0x28, 0x28, 0x28, 0x28, 0x28, 0xae, 0x8e, 0x8f, 0x8e, 0x8e, 0x91, 0xc9, 0x28, 0x28, 0x28, 0x28, 0x28, 0x28, 0x28, 0x28, 0x28, 0x28, 0x28, 0x28, 0x28, 0x28, 0x28, 0x28, 0x28, 0x28, 0x28, 0x28, 0x28, 0x28, 0x28, 0x28, 0x28, 0x28, 0x28, 0x28, 0x28, 0x28, 0x28, 0x28, 0x28, 0x28, 0x28, 0x28, 0x28, 0x28, 0x28, 0x28, 0x28, 0x28, 0x28, 0x28, 0x28, 0x28, 0x28, 0xbf, 0x8f, 0x8f, 0x8f, 0x8f, 0x8f, 0xb7, 0x28, 0x28, 0x28, 0x28, 0x28, 0x28, 0x28, 0x28, 0x28, 0xc1, 0xa7, 0x8f, 0x92, 0x8f, 0x8f, 0x8f, 0x8f, 0x8f, 0x92, 0x8f, 0x8f, 0x8f, 0x8f, 0x8f, 0x8f, 0x8f, 0x5a, 0x28, 0x28, 0x28, 0x28, 0x28, 0x28, 0x28, 0x28, 0x28, 0x28, 0x28, 0x28, 0x28, 0x28, 0x28, 0xa7, 0x8f, 0x8f, 0x8f, 0x8f, 0x98, 0x28, 0x28, 0x28, 0x28, 0x28, 0x28, 0x28, 0x28, 0x28, 0x28, 0xbd, 0x94, 0x8f, 0x8f, 0x8f, 0x92, 0x8f, 0x8f, 0x8f, 0x8f, 0x92, 0x8f, 0x92, 0x8f, 0x8f, 0x92, 0xa3, 0xc4, 0x28, 0xd0, 0xd0, 0x28, 0x28, 0xbe, 0x8f, 0x92, 0x8f, 0x8f, 0x92, 0x8f, 0xb1, 0xc9, 0x28, 0xc9, 0x28, 0xc9, 0x28, 0xd0, 0x28, 0xd0, 0x28, 0xc9, 0x28, 0xc9, 0x28, 0xd0, 0xc9, 0x9e, 0x8f, 0x8f, 0x8f, 0x92, 0x8f, 0x99, 0xc6, 0x28, 0xc9, 0x28, 0xc9, 0x28, 0xc9, 0x28, 0xd0, 0x28, 0xc9, 0x28, 0xc9, 0x28, 0xc9, 0x28, 0xc9, 0x28, 0xc9, 0x28, 0xc9, 0x28, 0xc9, 0x28, 0xc9, 0x28, 0xc9, 0x28, 0xd0, 0x28, 0xd0, 0x7d, 0x31, 0x31, 0x31, 0x31, 0x31, 0x7d, 0x31, 0x7d, 0xd5, 0x7d, 0x7d, 0xd5, 0x7d, 0xd5, 0x7d, 0x31, 0x7d, 0x31, 0x31, 0x31, 0x30, 0x2f, 0x30, 0x30, 0x30, 0x7a, 0x30, 0x30, 0x30, 0x30, 0x2f, 0x30, 0x2f, 0x30, 0x30, 0x30, 0x30, 0x28, 0x28, 0x28, 0x28, 0x28, 0x28, 0x28, 0x28, 0x28, 0x28, 0x28, 0x28, 0x28, 0x28, 0x28, 0x28, 0x28, 0x28, 0x28, 0x28, 0x28, 0x28, 0x28, 0x28, 0x28, 0x28, 0x28, 0x28, 
  0x28, 0x28, 0x28, 0x28, 0x28, 0x28, 0x28, 0x28, 0x28, 0x28, 0x28, 0x28, 0x28, 0x28, 0x28, 0x28, 0x28, 0x28, 0x28, 0x28, 0x28, 0x28, 0x28, 0x28, 0x28, 0x28, 0x28, 0x28, 0x28, 0x28, 0x28, 0x28, 0xbf, 0x8e, 0x8f, 0x8f, 0x8f, 0x91, 0xc7, 0x28, 0x28, 0x28, 0x28, 0x28, 0x28, 0x28, 0x28, 0x28, 0x28, 0xce, 0x00, 0x00, 0x00, 0x7d, 0xea, 0xf8, 0x04, 0x00, 0x00, 0x00, 0x0c, 0x28, 0x28, 0x28, 0x28, 0x0a, 0x00, 0x00, 0x06, 0x28, 0x28, 0x28, 0x28, 0x28, 0x28, 0x28, 0x28, 0x28, 0x28, 0x28, 0x28, 0x28, 0x28, 0x28, 0x28, 0x28, 0x28, 0x28, 0x28, 0x28, 0x28, 0xc0, 0xa1, 0x8e, 0x8e, 0x8e, 0x8e, 0x8e, 0x8f, 0x8e, 0x8e, 0x8e, 0x8e, 0x89, 0x79, 0x73, 0x00, 0x00, 0x00, 0x00, 0x00, 0x00, 0x00, 0x00, 0x00, 0x00, 0x00, 0x00, 0x00, 0x00, 0x00, 0x00, 0x00, 0x00, 0x7d, 0x28, 0x28, 0x28, 0x28, 0x28, 0x28, 0x9f, 0xbd, 0x28, 0x28, 0x28, 0x28, 0x28, 0x28, 0x28, 0x28, 0x28, 0x28, 0xc6, 0xaf, 0x9c, 0x8f, 0x8e, 0x8e, 0x8e, 0x8e, 0x8e, 0x8f, 0x8e, 0x8f, 0x8e, 0x91, 0xba, 0xc7, 0x28, 0x28, 0x28, 0x28, 0x28, 0x28, 0x28, 0x28, 0x28, 0x28, 0x28, 0x28, 0x28, 0x28, 0x28, 0x28, 0x09, 0x00, 0x00, 0xf7, 0x28, 0x28, 0x28, 0x07, 0x00, 0x00, 0x1b, 0x28, 0x28, 0x28, 0x1d, 0x00, 0x00, 0x00, 0x00, 0x00, 0x03, 0x00, 0x00, 0x00, 0xf3, 0x28, 0x28, 0x28, 0x28, 0x28, 0x28, 0x28, 0x28, 0x28, 0x28, 0x28, 0xa9, 0x8e, 0x8f, 0x8f, 0x8e, 0xae, 0x28, 0x28, 0x28, 0x28, 0x28, 0x28, 0x28, 0x28, 0x28, 0x28, 0x28, 0x28, 0x28, 0x28, 0x28, 0x28, 0x28, 0x28, 0x28, 0x28, 0x28, 0x28, 0x28, 0x28, 0x28, 0x28, 0x28, 0x28, 0x28, 0x28, 0x28, 0x28, 0x28, 0x28, 0x28, 0x28, 0x28, 0x28, 0x28, 0x28, 0x28, 0x28, 0x28, 0x28, 0x28, 0x28, 0x28, 0xc4, 0x8f, 0x92, 0x8f, 0x92, 0x8f, 0xb8, 0x28, 0x28, 0x28, 0x28, 0x28, 0x28, 0x28, 0x28, 0x28, 0x28, 0x28, 0xc0, 0xac, 0x8f, 0x8f, 0x92, 0x8f, 0x8f, 0x8f, 0x8f, 0x8f, 0x92, 0x8f, 0x94, 0xb5, 0xc8, 0x28, 0x28, 0x28, 0x28, 0x28, 0x28, 0x28, 0x28, 0x28, 0x28, 0x28, 0x28, 0x28, 0x28, 0x28, 0x28, 0xac, 0x92, 0x8f, 0x92, 0x8f, 0x9a, 0x28, 0x28, 0x28, 0x28, 0x28, 0x28, 0x28, 0x28, 0x28, 0x28, 0x28, 0xc9, 0xb8, 0x9b, 0x8f, 0x8f, 0x8f, 0x8f, 0x92, 0x8f, 0x8f, 0x8f, 0x8f, 0x8f, 0xa3, 0xbc, 0x28, 0x28, 0x28, 0xd0, 0x28, 0xd0, 0xc9, 0xad, 0x8f, 0x8f, 0x8f, 0x8f, 0x8f, 0x9b, 0xc7, 0x28, 0xd0, 0x28, 0xd0, 0x28, 0xd0, 0x28, 0xd0, 0x28, 0xd0, 0x28, 0xd0, 0x28, 0xd0, 0x28, 0xd0, 0xbf, 0x8f, 0x92, 0x8f, 0x8f, 0x8f, 0x8f, 0xb9, 0x28, 0xd0, 0x28, 0xd0, 0x28, 0xd0, 0x28, 0xc9, 0x28, 0xd0, 0x28, 0xd0, 0x28, 0xd0, 0x28, 0xd0, 0x28, 0xd0, 0x28, 0xd0, 0x28, 0xd0, 0x28, 0xd0, 0x28, 0xd0, 0x28, 0x28, 0x28, 0x28, 0x7a, 0x31, 0x31, 0x31, 0x7d, 0x31, 0x31, 0x7d, 0x7d, 0x32, 0x7d, 0x31, 0xd5, 0x7d, 0x7d, 0x7d, 0x7d, 0x31, 0x31, 0x31, 0x31, 0x31, 0x2f, 0x2f, 0x2f, 0x30, 0x30, 0x30, 0x2f, 0x30, 0x30, 0x7a, 0x2f, 0x30, 0x2f, 0x30, 0x30, 0x30, 0x28, 0x28, 0x28, 0x28, 0x28, 0x28, 0x28, 0x28, 0x28, 0x28, 0x28, 0x28, 0x28, 0x28, 0x28, 0x28, 0x28, 0x28, 0x28, 0x28, 0x28, 0x28, 0x28, 0x28, 0x28, 0x28, 0x28, 0x28, 
  0x28, 0x28, 0x28, 0x28, 0x28, 0x28, 0x28, 0x28, 0x28, 0x28, 0x28, 0x28, 0x28, 0x28, 0x28, 0x28, 0x28, 0x28, 0x28, 0x28, 0x28, 0x28, 0x28, 0x28, 0x28, 0x28, 0x28, 0x28, 0x28, 0x28, 0x28, 0xc5, 0x8f, 0x8f, 0x8e, 0x8e, 0x97, 0xc4, 0x28, 0x28, 0x28, 0x28, 0x28, 0x28, 0x28, 0x28, 0x28, 0x28, 0x28, 0x0b, 0x00, 0x00, 0x23, 0x28, 0x28, 0x28, 0x28, 0xfd, 0x00, 0x00, 0x00, 0x0a, 0x28, 0x28, 0x28, 0x1a, 0x01, 0x00, 0x00, 0xdb, 0x28, 0x28, 0x28, 0x28, 0x28, 0x28, 0x28, 0x28, 0x28, 0x28, 0x28, 0x28, 0x28, 0x28, 0x28, 0x28, 0x28, 0x28, 0xc8, 0xb6, 0x90, 0x8e, 0x8e, 0x8f, 0x8e, 0x8f, 0x8e, 0x8f, 0x8e, 0x89, 0x79, 0x75, 0x00, 0x00, 0x00, 0x00, 0x00, 0x00, 0x00, 0x00, 0x00, 0x00, 0x00, 0x00, 0x00, 0x00, 0x00, 0x00, 0x00, 0x00, 0x00, 0x00, 0x00, 0x00, 0x31, 0x28, 0x28, 0x28, 0x28, 0x28, 0x28, 0xad, 0x9e, 0x28, 0x28, 0x28, 0x28, 0x28, 0x28, 0x28, 0x28, 0x28, 0x28, 0x28, 0x28, 0x28, 0x28, 0xc1, 0xaf, 0x9a, 0x8e, 0x8f, 0x8e, 0x8f, 0x8e, 0x8f, 0x8e, 0x8f, 0x8f, 0xac, 0xc2, 0x28, 0x28, 0x28, 0x28, 0x28, 0x28, 0x28, 0x28, 0x28, 0x28, 0x28, 0x28, 0x28, 0x28, 0x26, 0x09, 0x00, 0x00, 0x04, 0xdc, 0x03, 0x00, 0x00, 0x00, 0x24, 0x28, 0x28, 0xef, 0x03, 0x00, 0x00, 0x01, 0xf7, 0x28, 0x28, 0x28, 0x0b, 0x00, 0x00, 0xe4, 0x28, 0x28, 0x28, 0x28, 0x28, 0x28, 0x28, 0x28, 0x28, 0x28, 0x28, 0xac, 0x8f, 0x8e, 0x8e, 0x8e, 0xb8, 0x28, 0x28, 0x28, 0x28, 0x28, 0x28, 0x28, 0x28, 0x28, 0x28, 0x28, 0x28, 0x28, 0x28, 0x28, 0x28, 0x28, 0x28, 0x28, 0x28, 0x28, 0x28, 0x28, 0x28, 0x28, 0x28, 0x28, 0x28, 0x28, 0x28, 0x28, 0x28, 0x28, 0x28, 0x28, 0x28, 0x28, 0x28, 0x28, 0x28, 0x28, 0x28, 0x28, 0x28, 0x28, 0x28, 0x28, 0x28, 0x28, 0x28, 0x28, 0x28, 0x28, 0x28, 0x28, 0x28, 0x28, 0x28, 0x28, 0x28, 0x28, 0x28, 0x28, 0x28, 0x28, 0x28, 0xc6, 0xbd, 0xb8, 0xb2, 0xad, 0xb1, 0xad, 0xaf, 0xb8, 0xc1, 0x28, 0x28, 0x28, 0x28, 0x28, 0x28, 0x28, 0x28, 0x28, 0x28, 0x28, 0x28, 0x28, 0x28, 0x28, 0x28, 0x28, 0x28, 0x28, 0x28, 0x28, 0x28, 0x28, 0x28, 0x28, 0x28, 0x28, 0x28, 0x28, 0x28, 0x28, 0x28, 0x28, 0x28, 0x28, 0x28, 0x28, 0x28, 0x28, 0xc4, 0xb9, 0xb1, 0xae, 0xa9, 0xaa, 0xae, 0xb2, 0xbb, 0xc8, 0x28, 0x28, 0x28, 0x28, 0xc9, 0x28, 0xc9, 0x28, 0x28, 0xc9, 0x28, 0x28, 0xc9, 0x28, 0xc9, 0x28, 0xd0, 0x28, 0xc9, 0x28, 0xc9, 0x28, 0x28, 0xc9, 0x28, 0xd0, 0x28, 0xd0, 0x28, 0xd0, 0x28, 0xd0, 0x28, 0xc9, 0x28, 0xd0, 0x28, 0x28, 0xc9, 0x28, 0x28, 0xc9, 0x28, 0xd0, 0x28, 0xd0, 0x28, 0xc9, 0x28, 0xd0, 0x28, 0xc9, 0x28, 0xc9, 0x28, 0xc9, 0x28, 0xc9, 0x28, 0xc9, 0x28, 0xc9, 0x28, 0xd0, 0x28, 0xc9, 0x28, 0xc9, 0x28, 0x28, 0xd0, 0x54, 0x31, 0x7a, 0x7d, 0x31, 0x31, 0x31, 0x31, 0x31, 0x31, 0x7d, 0x31, 0x7d, 0x7d, 0x7d, 0x31, 0x31, 0x31, 0x31, 0x7a, 0x31, 0x7a, 0x2f, 0x2f, 0x2f, 0x2f, 0x2f, 0x2f, 0x30, 0x30, 0x30, 0x30, 0x30, 0x2f, 0xca, 0x30, 0x7a, 0x30, 0x28, 0x28, 0x28, 0x28, 0x28, 0x28, 0x28, 0x28, 0x28, 0x28, 0x28, 0x28, 0x28, 0x28, 0x28, 0x28, 0x28, 0x28, 0x28, 0x28, 0x28, 0x28, 0x28, 0x28, 0x28, 0x28, 0x28, 0x28, 
  0x28, 0x28, 0x28, 0x28, 0x28, 0x28, 0x28, 0x28, 0x28, 0x28, 0x28, 0x28, 0x28, 0x28, 0x28, 0x28, 0x28, 0x28, 0x28, 0x28, 0x28, 0x28, 0x28, 0x28, 0x28, 0x28, 0x28, 0x28, 0x28, 0x28, 0xc9, 0x8f, 0x8e, 0x8e, 0x8e, 0x90, 0xc4, 0x28, 0x28, 0x28, 0x28, 0x28, 0x28, 0x28, 0x28, 0x28, 0x28, 0x28, 0x1a, 0x00, 0x00, 0x0e, 0x28, 0x28, 0x28, 0x28, 0x28, 0x28, 0x0e, 0x00, 0x00, 0x00, 0x09, 0x28, 0x28, 0x28, 0xe4, 0x00, 0x00, 0x00, 0xfb, 0x28, 0x28, 0x28, 0x28, 0x28, 0x28, 0x28, 0x28, 0x28, 0x28, 0x28, 0x28, 0x28, 0x28, 0x28, 0xc9, 0xa5, 0x8f, 0x8e, 0x8e, 0x8e, 0x8f, 0x8e, 0x8e, 0x8f, 0x8d, 0x80, 0x71, 0x00, 0x00, 0x00, 0x00, 0x00, 0x00, 0x00, 0x00, 0x00, 0x00, 0x00, 0x00, 0x00, 0x00, 0x00, 0x00, 0x00, 0x00, 0x00, 0x00, 0x00, 0x00, 0x00, 0x00, 0x00, 0x31, 0x28, 0x28, 0x28, 0x28, 0x28, 0x28, 0xbb, 0x8e, 0xc0, 0x28, 0x28, 0x28, 0x28, 0x28, 0x28, 0x28, 0x28, 0x28, 0x28, 0x28, 0x28, 0x28, 0x28, 0x28, 0x28, 0x28, 0xb1, 0x90, 0x8e, 0x8e, 0x8e, 0x8e, 0x8e, 0x8e, 0x8e, 0x8e, 0x8f, 0xc5, 0x28, 0x28, 0x28, 0x28, 0x28, 0x28, 0x28, 0x28, 0x28, 0x28, 0x28, 0x28, 0x28, 0x28, 0x0c, 0x00, 0x00, 0x00, 0x00, 0x00, 0x00, 0x13, 0x28, 0x28, 0x23, 0x03, 0x00, 0x00, 0x00, 0xce, 0x28, 0x28, 0x28, 0x28, 0x28, 0x05, 0x00, 0x08, 0x28, 0x28, 0x28, 0x28, 0x28, 0x28, 0x28, 0x28, 0x28, 0x28, 0x28, 0x28, 0x9f, 0x8f, 0x8e, 0x8f, 0x8e, 0xb8, 0x28, 0x28, 0x28, 0x28, 0x28, 0x28, 0x28, 0x28, 0x28, 0x28, 0x28, 0x28, 0x28, 0x28, 0x28, 0x28, 0x28, 0x28, 0x28, 0x28, 0x28, 0x28, 0x28, 0x28, 0x28, 0x28, 0x28, 0x28, 0x28, 0x28, 0x28, 0x28, 0x28, 0x28, 0x28, 0x28, 0x28, 0x28, 0x28, 0x28, 0x28, 0x28, 0x28, 0x28, 0x28, 0x28, 0x28, 0x28, 0x28, 0x28, 0x28, 0x28, 0x28, 0x28, 0x28, 0x28, 0x28, 0x28, 0x28, 0x28, 0x28, 0x28, 0x28, 0x28, 0x28, 0x28, 0x28, 0x28, 0x28, 0x28, 0x28, 0x28, 0x28, 0x28, 0x28, 0x28, 0x28, 0x28, 0x28, 0x28, 0x28, 0x28, 0x28, 0x28, 0x28, 0x28, 0x28, 0x28, 0x28, 0x28, 0x28, 0x28, 0x28, 0x28, 0x28, 0x28, 0x28, 0x28, 0x28, 0x28, 0x28, 0x28, 0x28, 0x28, 0x28, 0x28, 0x28, 0x28, 0x28, 0x28, 0x28, 0x28, 0x28, 0x28, 0x28, 0x28, 0x28, 0x28, 0x28, 0x28, 0x28, 0x28, 0x28, 0x28, 0x28, 0x28, 0x28, 0x28, 0x28, 0xd0, 0x28, 0xd0, 0x28, 0x28, 0xd0, 0x28, 0xd0, 0x28, 0xd0, 0x28, 0xc9, 0x28, 0xd0, 0x28, 0xd0, 0xd0, 0x28, 0xd0, 0x28, 0xc9, 0x28, 0xd0, 0x28, 0xd0, 0x28, 0xc9, 0x28, 0xd0, 0x28, 0xc9, 0x28, 0xd0, 0x28, 0xd0, 0x28, 0xd0, 0x28, 0xc9, 0x28, 0xc9, 0x28, 0xd0, 0x28, 0xc9, 0x28, 0xd0, 0x28, 0xd0, 0x28, 0xd0, 0x28, 0xd0, 0x28, 0xd0, 0x28, 0xd0, 0x28, 0xc9, 0x28, 0xd0, 0x28, 0xd0, 0x28, 0xc9, 0x28, 0xd0, 0x31, 0x31, 0x7d, 0x31, 0x31, 0x7d, 0x31, 0x31, 0x31, 0x31, 0x7d, 0x7d, 0x7d, 0x7d, 0x7d, 0x31, 0x31, 0x31, 0x31, 0x31, 0x31, 0x31, 0x2f, 0x2f, 0x30, 0x30, 0x30, 0x2f, 0x30, 0x30, 0x30, 0x30, 0x2f, 0x2f, 0x2f, 0x30, 0x7a, 0x28, 0x28, 0x28, 0x28, 0x28, 0x28, 0x28, 0x28, 0x28, 0x28, 0x28, 0x28, 0x28, 0x28, 0x28, 0x28, 0x28, 0x28, 0x28, 0x28, 0x28, 0x28, 0x28, 0x28, 0x28, 0x28, 0x28, 0x28, 
  0x28, 0x28, 0x28, 0x28, 0x28, 0x28, 0x28, 0x28, 0x28, 0x28, 0x28, 0x28, 0x28, 0x28, 0x28, 0x28, 0x28, 0x28, 0x28, 0x28, 0x28, 0x28, 0x28, 0x28, 0x28, 0x28, 0x28, 0x28, 0x28, 0x28, 0x9e, 0x8e, 0x8f, 0x8e, 0x8f, 0xb2, 0x28, 0x28, 0x28, 0x28, 0x28, 0x28, 0x28, 0x28, 0x28, 0x28, 0x28, 0x28, 0xea, 0x00, 0x00, 0xe6, 0x28, 0x28, 0x28, 0x28, 0x28, 0x28, 0x28, 0xd9, 0x00, 0x00, 0x00, 0x26, 0x28, 0x28, 0x28, 0x08, 0x00, 0x00, 0xf2, 0x28, 0x28, 0x28, 0x28, 0x28, 0x28, 0x28, 0x28, 0x28, 0x28, 0x28, 0x28, 0x28, 0x28, 0xb4, 0x90, 0x8e, 0x8e, 0x8e, 0x8f, 0x8e, 0x8e, 0x8f, 0x8e, 0x76, 0x00, 0x00, 0x00, 0x00, 0x00, 0x00, 0x00, 0x00, 0x00, 0x00, 0x00, 0x00, 0x00, 0x00, 0x00, 0x00, 0x00, 0x00, 0x00, 0x00, 0x00, 0x00, 0x00, 0x00, 0x00, 0x00, 0x00, 0x00, 0x31, 0x28, 0x28, 0x28, 0x28, 0x28, 0x28, 0xc7, 0x8e, 0xaa, 0x28, 0x28, 0x28, 0x28, 0x28, 0x28, 0x28, 0x28, 0x28, 0x28, 0x28, 0x28, 0x28, 0x28, 0x28, 0x28, 0x28, 0x28, 0xa1, 0xb1, 0x9e, 0x8f, 0x8e, 0x8f, 0x8e, 0x8f, 0x8e, 0x8e, 0x8e, 0xae, 0xc5, 0x28, 0x28, 0x28, 0x28, 0x28, 0x28, 0x28, 0x28, 0x28, 0x28, 0x28, 0x28, 0x28, 0xe4, 0x02, 0x00, 0x00, 0x00, 0x31, 0x28, 0x28, 0x28, 0x0a, 0x00, 0x00, 0x00, 0xf9, 0x28, 0x28, 0x28, 0x28, 0x28, 0x28, 0x0a, 0x00, 0x00, 0x23, 0x28, 0x28, 0x28, 0x28, 0x28, 0x28, 0x28, 0x28, 0x28, 0x28, 0x28, 0xc2, 0x8e, 0x8e, 0x8e, 0x8f, 0x8e, 0xc2, 0x28, 0x28, 0x28, 0x28, 0x28, 0x28, 0x28, 0x28, 0x28, 0x28, 0x28, 0x28, 0x28, 0x28, 0x28, 0x28, 0x28, 0x28, 0x28, 0x28, 0x28, 0x28, 0x28, 0x28, 0x28, 0x28, 0x28, 0x28, 0x28, 0x28, 0x28, 0x28, 0x28, 0x28, 0x28, 0x28, 0x28, 0x28, 0x28, 0x28, 0x28, 0x28, 0x28, 0x28, 0x28, 0x28, 0x28, 0x28, 0x28, 0x28, 0x28, 0x28, 0x28, 0x28, 0x28, 0x28, 0x28, 0x28, 0x28, 0x28, 0x28, 0x28, 0x28, 0x28, 0x28, 0x28, 0x28, 0x28, 0x28, 0x28, 0x28, 0x28, 0x28, 0x28, 0x28, 0x28, 0x28, 0x28, 0x28, 0x28, 0x28, 0x28, 0x28, 0x28, 0x28, 0x28, 0x28, 0x28, 0x28, 0x28, 0x28, 0x28, 0x28, 0x28, 0x28, 0x28, 0x28, 0x28, 0x28, 0x28, 0x28, 0x28, 0x28, 0x28, 0x28, 0x28, 0x28, 0x28, 0x28, 0x28, 0x28, 0x28, 0x28, 0x28, 0x28, 0x28, 0x28, 0x28, 0x28, 0x28, 0x28, 0x28, 0x28, 0x28, 0x28, 0x28, 0x28, 0xc9, 0x28, 0xc9, 0x28, 0xc9, 0x28, 0xc9, 0x28, 0xc9, 0x28, 0x28, 0x28, 0xd0, 0x28, 0x28, 0xd0, 0x28, 0xd0, 0xd0, 0x28, 0xd0, 0x28, 0xc9, 0x28, 0xd0, 0x28, 0xd0, 0x28, 0xd0, 0x28, 0xc9, 0x28, 0xd0, 0x28, 0xc9, 0x28, 0x28, 0x28, 0xd0, 0x28, 0xd0, 0x28, 0xd0, 0x28, 0xc9, 0x28, 0xd0, 0x28, 0xc9, 0x28, 0xd0, 0x28, 0xc9, 0x28, 0xc9, 0x28, 0xc9, 0x28, 0xd0, 0x28, 0xd0, 0x28, 0xc9, 0x28, 0xd0, 0x28, 0x28, 0x28, 0x2e, 0x7d, 0x31, 0x31, 0x31, 0x7d, 0x31, 0x7d, 0x31, 0x31, 0x31, 0x7d, 0x32, 0x7d, 0x7d, 0x31, 0x7d, 0x31, 0x31, 0x7a, 0x31, 0x7a, 0x2f, 0x2f, 0x2f, 0x30, 0x2f, 0x2f, 0x30, 0x30, 0xca, 0x30, 0x30, 0x2f, 0x2f, 0x30, 0x31, 0x28, 0x28, 0x28, 0x28, 0x28, 0x28, 0x28, 0x28, 0x28, 0x28, 0x28, 0x28, 0x28, 0x28, 0x28, 0x28, 0x28, 0x28, 0x28, 0x28, 0x28, 0x28, 0x28, 0x28, 0x28, 0x28, 0x28, 0x28, 
  0x28, 0x28, 0x28, 0x28, 0x28, 0x28, 0x28, 0x28, 0x28, 0x28, 0x28, 0x28, 0x28, 0x28, 0x28, 0x28, 0x28, 0x28, 0x28, 0x28, 0x28, 0x28, 0x28, 0x28, 0x28, 0x28, 0x28, 0x28, 0x28, 0xb1, 0x8e, 0x8e, 0x8e, 0x8f, 0xb1, 0x28, 0x28, 0x28, 0x28, 0x28, 0x28, 0x28, 0x28, 0x28, 0x28, 0x28, 0x28, 0x28, 0xe9, 0x00, 0x00, 0x29, 0x28, 0x28, 0x28, 0x28, 0x28, 0x28, 0x28, 0xcf, 0x05, 0x00, 0x00, 0xfb, 0x28, 0x28, 0x28, 0x24, 0x0b, 0x24, 0x28, 0x28, 0x28, 0x28, 0x28, 0x28, 0x28, 0x28, 0x28, 0x28, 0x28, 0x28, 0x28, 0xbb, 0x91, 0x8e, 0x8f, 0x8e, 0x8f, 0x8e, 0x8e, 0x8f, 0x79, 0x73, 0x00, 0x00, 0x00, 0x00, 0x00, 0x00, 0x00, 0x00, 0x00, 0x00, 0x00, 0x00, 0x00, 0x00, 0x00, 0x00, 0x00, 0x00, 0x00, 0x00, 0x00, 0x00, 0x00, 0x00, 0x00, 0x00, 0x00, 0x00, 0x00, 0x00, 0x31, 0x28, 0x28, 0x28, 0x28, 0x28, 0x28, 0x28, 0x8f, 0x8e, 0xbf, 0x28, 0x28, 0x28, 0x28, 0x28, 0x28, 0x28, 0x28, 0x28, 0x28, 0x28, 0x28, 0x28, 0x28, 0x28, 0x28, 0x28, 0x9c, 0xc0, 0x28, 0xc8, 0xad, 0x8f, 0x8f, 0x8e, 0x8f, 0x8e, 0x8f, 0x8e, 0x90, 0xb1, 0xc6, 0x28, 0x28, 0x28, 0x28, 0x28, 0x28, 0x28, 0x28, 0x28, 0x28, 0x28, 0x28, 0xc9, 0x24, 0xce, 0x25, 0x28, 0x28, 0x28, 0xf8, 0x00, 0x00, 0x01, 0xf3, 0x28, 0x28, 0x28, 0x28, 0x28, 0x28, 0x28, 0x06, 0x00, 0x00, 0x1f, 0x28, 0x28, 0x28, 0x28, 0x28, 0x28, 0x28, 0x28, 0x28, 0x28, 0x28, 0x28, 0xc2, 0x8f, 0x8e, 0x8f, 0x8e, 0xa1, 0xc9, 0x28, 0x28, 0x28, 0x28, 0x28, 0x28, 0x28, 0x28, 0x28, 0x28, 0x28, 0x28, 0x28, 0x28, 0x28, 0x28, 0x28, 0x28, 0x28, 0x28, 0x28, 0x28, 0x28, 0x28, 0x28, 0x28, 0x28, 0x28, 0x28, 0x28, 0x28, 0x28, 0x28, 0x28, 0x28, 0x28, 0x28, 0x28, 0x28, 0x28, 0x28, 0x28, 0x28, 0x28, 0x28, 0x28, 0x28, 0x28, 0x28, 0x28, 0x28, 0x28, 0x28, 0x28, 0x28, 0x28, 0x28, 0x28, 0x28, 0x28, 0x28, 0x28, 0x28, 0x28, 0x28, 0x28, 0x28, 0x28, 0x28, 0x28, 0x28, 0x28, 0x28, 0x28, 0x28, 0x28, 0x28, 0x28, 0x28, 0x28, 0x28, 0x28, 0x28, 0x28, 0x28, 0x28, 0x28, 0x28, 0x28, 0x28, 0x28, 0x28, 0x28, 0x28, 0x28, 0x28, 0x28, 0x28, 0x28, 0x28, 0x28, 0x28, 0x28, 0x28, 0x28, 0x28, 0x28, 0x28, 0x28, 0x28, 0x28, 0x28, 0x28, 0x28, 0x28, 0x28, 0x28, 0x28, 0x28, 0x28, 0x28, 0x28, 0x28, 0x28, 0x28, 0x28, 0x28, 0xd0, 0x28, 0xd0, 0x28, 0xd0, 0x28, 0xd0, 0x28, 0xd0, 0x28, 0xc9, 0x28, 0xc9, 0xd0, 0x28, 0xd0, 0x28, 0x28, 0xd0, 0x28, 0xc9, 0x28, 0xd0, 0x28, 0xc9, 0x28, 0xc9, 0x28, 0x28, 0xd0, 0x28, 0x28, 0xc9, 0x28, 0xd0, 0x28, 0xd0, 0x28, 0xc9, 0x28, 0xc9, 0x28, 0xd0, 0x28, 0xc9, 0x28, 0xd0, 0x28, 0xd0, 0x28, 0xd0, 0x28, 0xd0, 0x28, 0xd0, 0x28, 0xd0, 0x28, 0xd0, 0x28, 0xc9, 0x28, 0xc9, 0x28, 0xc9, 0x28, 0x28, 0x28, 0x31, 0x7d, 0x31, 0x31, 0x7d, 0x31, 0x31, 0x31, 0x31, 0x31, 0x7d, 0x31, 0x7d, 0x7d, 0x7d, 0x7d, 0x7d, 0x31, 0x31, 0x31, 0x31, 0x30, 0x2f, 0x2f, 0x30, 0x2f, 0x30, 0x30, 0x30, 0x30, 0x30, 0x30, 0x2f, 0x30, 0x30, 0x30, 0x28, 0x28, 0x28, 0x28, 0x28, 0x28, 0x28, 0x28, 0x28, 0x28, 0x28, 0x28, 0x28, 0x28, 0x28, 0x28, 0x28, 0x28, 0x28, 0x28, 0x28, 0x28, 0x28, 0x28, 0x28, 0x28, 0x28, 0x28, 
  0x28, 0x28, 0x28, 0x28, 0x28, 0x28, 0x28, 0x28, 0x28, 0x28, 0x28, 0x28, 0x28, 0x28, 0x28, 0x28, 0x28, 0x28, 0x28, 0x28, 0x28, 0x28, 0x28, 0x28, 0x28, 0x28, 0x28, 0x28, 0xbd, 0x8f, 0x8e, 0x8f, 0x8f, 0xa6, 0xc9, 0x28, 0x28, 0x28, 0x28, 0x28, 0x28, 0x28, 0x28, 0x28, 0x28, 0x28, 0x28, 0x28, 0x1d, 0x00, 0x00, 0x00, 0x25, 0x28, 0x28, 0x28, 0x28, 0x28, 0x28, 0x28, 0x18, 0x00, 0x00, 0x04, 0x28, 0x28, 0x28, 0x28, 0x28, 0x28, 0x28, 0x28, 0x28, 0x28, 0x28, 0x28, 0x28, 0x28, 0x28, 0x28, 0x28, 0xc1, 0x97, 0x8e, 0x8e, 0x8f, 0x8e, 0x8f, 0x8e, 0x8e, 0x78, 0x71, 0x00, 0x00, 0x00, 0x00, 0x00, 0x00, 0x00, 0x00, 0x00, 0x00, 0x00, 0x00, 0x00, 0x00, 0x00, 0x00, 0x00, 0x00, 0x00, 0x00, 0x00, 0x00, 0x00, 0x00, 0x00, 0x00, 0x00, 0x00, 0x00, 0x00, 0x00, 0x00, 0x31, 0x28, 0x28, 0x28, 0x28, 0xb7, 0x28, 0x28, 0x91, 0x8e, 0xad, 0x28, 0x28, 0x28, 0x28, 0x28, 0x28, 0x28, 0x28, 0x28, 0x28, 0x28, 0x28, 0x28, 0x28, 0x28, 0x28, 0x28, 0x94, 0xbf, 0x28, 0x28, 0x28, 0xc9, 0xbb, 0x8f, 0x8e, 0x8e, 0x8e, 0x8e, 0x8e, 0x8f, 0x90, 0xb2, 0x28, 0x28, 0x28, 0x28, 0x28, 0x28, 0x28, 0x28, 0x28, 0x28, 0x28, 0x28, 0x28, 0x28, 0x28, 0x28, 0x28, 0x28, 0x08, 0x00, 0x00, 0x0e, 0x28, 0x28, 0x28, 0x28, 0x28, 0x28, 0x28, 0xf8, 0x00, 0x00, 0x02, 0x28, 0x28, 0x28, 0x28, 0x28, 0x28, 0x28, 0x28, 0x28, 0x28, 0x28, 0x28, 0x28, 0x28, 0xbe, 0x8e, 0x8e, 0x8e, 0x8f, 0xa3, 0x28, 0x28, 0x28, 0x28, 0x28, 0x28, 0x28, 0x28, 0x28, 0x28, 0x28, 0x28, 0x28, 0x28, 0x28, 0x28, 0x28, 0x28, 0x28, 0x28, 0x28, 0x28, 0x28, 0x28, 0x28, 0x28, 0x28, 0x28, 0x28, 0x28, 0x28, 0x28, 0x28, 0x28, 0x28, 0x28, 0x28, 0x28, 0x28, 0x28, 0x28, 0x28, 0x28, 0x28, 0x28, 0x28, 0x28, 0x28, 0x28, 0x28, 0x28, 0x28, 0x28, 0x28, 0x28, 0x28, 0x28, 0x28, 0x28, 0x28, 0x28, 0x28, 0x28, 0x28, 0x28, 0x28, 0x28, 0x28, 0x28, 0x28, 0x28, 0x28, 0x28, 0x28, 0x28, 0x28, 0x28, 0x28, 0x28, 0x28, 0x28, 0x28, 0x28, 0x28, 0x28, 0x28, 0x28, 0x28, 0x28, 0x28, 0x28, 0x28, 0x28, 0x28, 0x28, 0x28, 0x28, 0x28, 0x28, 0x28, 0x28, 0x28, 0x28, 0x28, 0x28, 0x28, 0x28, 0x28, 0x28, 0x28, 0x28, 0x28, 0x28, 0x28, 0x28, 0x28, 0x28, 0x28, 0x28, 0x28, 0x28, 0x28, 0x28, 0x28, 0x28, 0x28, 0xc9, 0x28, 0xc9, 0x28, 0xd0, 0x28, 0xd0, 0x28, 0x28, 0x28, 0xd0, 0x28, 0xd0, 0x28, 0x28, 0xd0, 0x28, 0xd0, 0x28, 0xc9, 0x28, 0xd0, 0x28, 0xc9, 0x28, 0xd0, 0x28, 0xd0, 0x28, 0xc9, 0x28, 0xd0, 0x28, 0xd0, 0x28, 0xc9, 0x28, 0xc9, 0x28, 0xd0, 0x28, 0xd0, 0x28, 0xc9, 0x28, 0xd0, 0x28, 0xc9, 0x28, 0xc9, 0x28, 0xc9, 0x28, 0xc9, 0x28, 0xc9, 0x28, 0xc9, 0x28, 0xc9, 0x28, 0xd0, 0x28, 0xd0, 0x28, 0x28, 0xd0, 0x28, 0x28, 0x31, 0x31, 0x7d, 0x7d, 0x31, 0x31, 0x7d, 0x31, 0x31, 0x31, 0x7d, 0x7d, 0x7d, 0x31, 0x31, 0xd5, 0x31, 0x31, 0x31, 0x7a, 0x7a, 0x31, 0x2f, 0x2f, 0x2f, 0x30, 0x2f, 0x2f, 0x30, 0x30, 0x30, 0xca, 0x2f, 0x30, 0x30, 0xca, 0x28, 0x28, 0x28, 0x28, 0x28, 0x28, 0x28, 0x28, 0x28, 0x28, 0x28, 0x28, 0x28, 0x28, 0x28, 0x28, 0x28, 0x28, 0x28, 0x28, 0x28, 0x28, 0x28, 0x28, 0x28, 0x28, 0x28, 0x28, 
  0x28, 0x28, 0x28, 0x28, 0x28, 0x28, 0x28, 0x28, 0x28, 0x28, 0x28, 0x28, 0x28, 0x28, 0x28, 0x28, 0x28, 0x28, 0x28, 0x28, 0x28, 0x28, 0x28, 0x28, 0x28, 0x28, 0x28, 0xc5, 0x8e, 0x8e, 0x8e, 0x8e, 0x90, 0xc9, 0x28, 0x28, 0x28, 0x28, 0x28, 0x28, 0x28, 0x28, 0x28, 0x28, 0x28, 0x28, 0x28, 0x28, 0x28, 0x09, 0x00, 0x00, 0x03, 0xcf, 0x28, 0x28, 0x28, 0x28, 0x28, 0x28, 0xce, 0x00, 0x00, 0x00, 0x28, 0x28, 0x28, 0x28, 0x28, 0x28, 0x28, 0x28, 0x28, 0x28, 0x28, 0x28, 0x28, 0x28, 0x28, 0x28, 0xac, 0x8e, 0x8e, 0x8f, 0x8e, 0x8f, 0x8e, 0x8f, 0x78, 0x71, 0x00, 0x00, 0x00, 0x00, 0x00, 0x00, 0x00, 0x00, 0x00, 0x00, 0x00, 0x00, 0x00, 0x00, 0x00, 0x00, 0x00, 0x00, 0x00, 0x00, 0x00, 0x00, 0x00, 0x00, 0x00, 0x00, 0x00, 0x00, 0x00, 0x00, 0x00, 0x00, 0x00, 0x00, 0x31, 0x28, 0x28, 0x28, 0x28, 0x9e, 0x9a, 0xc5, 0x9c, 0x8f, 0x8f, 0xc5, 0x28, 0x28, 0x28, 0x28, 0x28, 0x28, 0x28, 0x28, 0x28, 0x28, 0x28, 0x28, 0x28, 0x28, 0x28, 0xc8, 0x8f, 0xbd, 0x28, 0x28, 0x28, 0x28, 0x28, 0xc9, 0xbb, 0x8e, 0x8f, 0x8e, 0x8f, 0x8e, 0x8e, 0x8f, 0x9c, 0xc7, 0x28, 0x28, 0x28, 0x28, 0x28, 0x28, 0x28, 0x28, 0x28, 0x28, 0x28, 0x28, 0x28, 0x28, 0x28, 0x28, 0x04, 0x00, 0x00, 0xcd, 0x28, 0x28, 0x28, 0x28, 0x28, 0x28, 0x28, 0x28, 0x08, 0x00, 0x33, 0x28, 0x28, 0x28, 0x28, 0x28, 0x28, 0x28, 0x28, 0x28, 0x28, 0x28, 0x28, 0x28, 0x28, 0x28, 0xa5, 0x8f, 0x8e, 0x8f, 0x8e, 0xb7, 0x28, 0x28, 0x28, 0x28, 0x28, 0x28, 0x28, 0x28, 0x28, 0x28, 0x28, 0x28, 0x28, 0x28, 0x28, 0x28, 0x28, 0x28, 0x28, 0x28, 0x28, 0x28, 0x28, 0x28, 0x28, 0x28, 0x28, 0x28, 0x28, 0x28, 0x28, 0x28, 0x28, 0x28, 0x28, 0x28, 0x28, 0x28, 0x28, 0x28, 0x28, 0x28, 0x28, 0x28, 0x28, 0x28, 0x28, 0x28, 0x28, 0x28, 0x28, 0x28, 0x28, 0x28, 0x28, 0x28, 0x28, 0x28, 0x28, 0x28, 0x28, 0x28, 0x28, 0x28, 0x28, 0x28, 0x28, 0x28, 0x28, 0x28, 0x28, 0x28, 0x28, 0x28, 0x28, 0x28, 0x28, 0x28, 0x28, 0x28, 0x28, 0x28, 0x28, 0x28, 0x28, 0x28, 0x28, 0x28, 0x28, 0x28, 0x28, 0x28, 0x28, 0x28, 0x28, 0x28, 0x28, 0x28, 0x28, 0x28, 0x28, 0x28, 0x28, 0x28, 0x28, 0x28, 0x28, 0x28, 0x28, 0x28, 0x28, 0x28, 0x28, 0x28, 0x28, 0x28, 0x28, 0x28, 0x28, 0x28, 0x28, 0x28, 0x28, 0x28, 0x28, 0xd0, 0x28, 0x28, 0xd0, 0x28, 0xc9, 0x28, 0xd0, 0x28, 0xc9, 0x28, 0xc9, 0x28, 0x28, 0xd0, 0x28, 0xd0, 0x28, 0xd0, 0x28, 0xd0, 0x28, 0xd0, 0x28, 0xc9, 0x28, 0xc9, 0x28, 0xc9, 0x28, 0xc9, 0x28, 0xd0, 0x28, 0xd0, 0x28, 0xd0, 0x28, 0xd0, 0x28, 0xc9, 0x28, 0xd0, 0x28, 0xc9, 0x28, 0xd0, 0x28, 0xd0, 0x28, 0xd0, 0x28, 0xd0, 0x28, 0xd0, 0x28, 0xd0, 0x28, 0xd0, 0x28, 0xc9, 0x28, 0xc9, 0x28, 0xd0, 0x28, 0xc9, 0x28, 0xc9, 0xf2, 0x31, 0x7d, 0x31, 0x7d, 0x7d, 0x31, 0x31, 0x31, 0x31, 0x7d, 0xd5, 0x7d, 0x7d, 0x31, 0x7d, 0x31, 0x31, 0x31, 0x31, 0x31, 0x7d, 0x2e, 0x2f, 0x30, 0x7a, 0x2f, 0x30, 0x2f, 0x30, 0x30, 0xca, 0x2f, 0x2f, 0x30, 0x30, 0x28, 0x28, 0x28, 0x28, 0x28, 0x28, 0x28, 0x28, 0x28, 0x28, 0x28, 0x28, 0x28, 0x28, 0x28, 0x28, 0x28, 0x28, 0x28, 0x28, 0x28, 0x28, 0x28, 0x28, 0x28, 0x28, 0x28, 0x28, 
  0x28, 0x28, 0x28, 0x28, 0x28, 0x28, 0x28, 0x28, 0x28, 0x28, 0x28, 0x28, 0x28, 0x28, 0x28, 0x28, 0x28, 0x28, 0x28, 0x28, 0x28, 0x28, 0x28, 0x28, 0x28, 0x28, 0xc9, 0x97, 0x8f, 0x8e, 0x8f, 0x8e, 0xc1, 0x28, 0x28, 0x28, 0x28, 0x28, 0x28, 0x28, 0x28, 0x28, 0xd0, 0x0a, 0xff, 0x28, 0x28, 0x28, 0x28, 0xcc, 0x00, 0x00, 0x00, 0x07, 0x25, 0x28, 0x28, 0x28, 0x28, 0x28, 0x21, 0x00, 0x00, 0x29, 0x28, 0x28, 0x28, 0x28, 0x28, 0x28, 0x28, 0x28, 0x28, 0x28, 0x28, 0x28, 0x28, 0x28, 0xb1, 0x94, 0x8f, 0x8f, 0x8e, 0x8e, 0x8f, 0x8e, 0x76, 0x72, 0x00, 0x00, 0x00, 0x00, 0x00, 0x00, 0x00, 0x00, 0x00, 0x00, 0x00, 0x00, 0x00, 0x00, 0x00, 0x00, 0x00, 0x00, 0x00, 0x00, 0x00, 0x00, 0x00, 0x00, 0x00, 0x00, 0x00, 0x00, 0x00, 0x00, 0x00, 0x00, 0x00, 0x00, 0x00, 0x00, 0x31, 0x28, 0x28, 0x28, 0x28, 0xc4, 0x8f, 0x90, 0x90, 0x8e, 0x8f, 0xb6, 0x28, 0x28, 0x28, 0x28, 0x28, 0x28, 0x28, 0x28, 0x28, 0x28, 0x28, 0x28, 0x28, 0x28, 0x28, 0xb2, 0x8e, 0xbc, 0x28, 0x28, 0x28, 0x28, 0x28, 0x28, 0x28, 0xc7, 0xbc, 0x91, 0x8e, 0x8f, 0x8e, 0x8f, 0x8e, 0x90, 0xa3, 0xc7, 0x28, 0x28, 0x28, 0x28, 0x28, 0x28, 0x28, 0x28, 0x28, 0x28, 0x28, 0x28, 0x28, 0x28, 0x04, 0x00, 0x05, 0x28, 0x28, 0x28, 0x28, 0x28, 0x28, 0x28, 0x28, 0x28, 0xcf, 0xf6, 0x25, 0x28, 0x28, 0x28, 0x28, 0x1f, 0xe9, 0x28, 0x28, 0x28, 0x28, 0x28, 0x28, 0x28, 0x28, 0x28, 0xc9, 0x97, 0x8e, 0x8e, 0x8e, 0x8f, 0xc1, 0x28, 0x28, 0x28, 0x28, 0x28, 0x28, 0x28, 0x28, 0x28, 0x28, 0x28, 0x28, 0x28, 0x28, 0x28, 0x28, 0x28, 0x28, 0x28, 0x28, 0x28, 0x28, 0x28, 0x28, 0x28, 0x28, 0x28, 0x28, 0x28, 0x28, 0x28, 0x28, 0x28, 0x28, 0x28, 0x28, 0x28, 0x28, 0x28, 0x28, 0x28, 0x28, 0x28, 0x28, 0x28, 0x28, 0x28, 0x28, 0x28, 0x28, 0x28, 0x28, 0x28, 0x28, 0x28, 0x28, 0x28, 0x28, 0x28, 0x28, 0x28, 0x28, 0x28, 0x28, 0x28, 0x28, 0x28, 0x28, 0x28, 0x28, 0x28, 0x28, 0x28, 0x28, 0x28, 0x28, 0x28, 0x28, 0x28, 0x28, 0x28, 0x28, 0x28, 0x28, 0x28, 0x28, 0x28, 0x28, 0x28, 0x28, 0x28, 0x28, 0x28, 0x28, 0x28, 0x28, 0x28, 0x28, 0x28, 0x28, 0x28, 0x28, 0x28, 0x28, 0x28, 0x28, 0x28, 0x28, 0x28, 0x28, 0x28, 0x28, 0x28, 0x28, 0x28, 0x28, 0x28, 0x28, 0x28, 0x28, 0x28, 0x28, 0x28, 0x28, 0x28, 0xc9, 0xd0, 0x28, 0xc9, 0x28, 0xd0, 0x28, 0xd0, 0x28, 0xd0, 0x28, 0x28, 0xc9, 0x28, 0xd0, 0x28, 0xc9, 0x28, 0xd0, 0x28, 0xd0, 0x28, 0xd0, 0x28, 0xd0, 0x28, 0xd0, 0x28, 0xd0, 0x28, 0xd0, 0x28, 0xd0, 0x28, 0xc9, 0x28, 0xd0, 0x28, 0xd0, 0x28, 0xd0, 0x28, 0xd0, 0x28, 0xd0, 0x28, 0xd0, 0x28, 0xc9, 0x28, 0xc9, 0x28, 0xd0, 0x28, 0xc9, 0x28, 0xc9, 0x28, 0xc9, 0x28, 0xd0, 0x28, 0xd0, 0x28, 0xd0, 0x28, 0xd0, 0x28, 0xc9, 0x31, 0x7d, 0x7d, 0x7d, 0x7d, 0x7d, 0x7d, 0x32, 0x31, 0x7d, 0x7d, 0x7d, 0xd5, 0x7d, 0x31, 0x31, 0xd5, 0x31, 0x7a, 0x31, 0x31, 0x31, 0x2f, 0x30, 0x30, 0x2f, 0x2f, 0x2f, 0xca, 0x30, 0xca, 0xca, 0x30, 0x30, 0x7a, 0x28, 0x28, 0x28, 0x28, 0x28, 0x28, 0x28, 0x28, 0x28, 0x28, 0x28, 0x28, 0x28, 0x28, 0x28, 0x28, 0x28, 0x28, 0x28, 0x28, 0x28, 0x28, 0x28, 0x28, 0x28, 0x28, 0x28, 0x28, 
  0x28, 0x28, 0x28, 0x28, 0x28, 0x28, 0x28, 0x28, 0x28, 0x28, 0x28, 0x28, 0x28, 0x28, 0x28, 0x28, 0x28, 0x28, 0x28, 0x28, 0x28, 0x28, 0x28, 0x28, 0x28, 0x28, 0xb7, 0x8f, 0x8e, 0x8f, 0x8e, 0xb9, 0x28, 0x28, 0x28, 0x28, 0x28, 0x28, 0x28, 0x28, 0x28, 0x28, 0xff, 0x00, 0x00, 0x1b, 0x28, 0x28, 0x28, 0x28, 0xeb, 0x00, 0x00, 0x00, 0x0b, 0xcf, 0x28, 0x28, 0x28, 0x28, 0xf9, 0x00, 0x00, 0xee, 0x28, 0x28, 0x28, 0x28, 0x28, 0x28, 0x28, 0x28, 0x28, 0x28, 0x28, 0x28, 0xc5, 0xa3, 0x8e, 0x8f, 0x8e, 0x8e, 0x8f, 0x8e, 0x79, 0x73, 0x00, 0x00, 0x00, 0x00, 0x00, 0x00, 0x00, 0x00, 0x00, 0x00, 0x00, 0x00, 0x00, 0x00, 0x00, 0x00, 0x00, 0x00, 0x00, 0x00, 0x00, 0x00, 0x00, 0x00, 0x00, 0x00, 0x00, 0x00, 0x00, 0x00, 0x00, 0x00, 0x00, 0x00, 0x00, 0x00, 0x00, 0x00, 0x31, 0x28, 0x28, 0x28, 0x28, 0x28, 0x9a, 0x8e, 0x8f, 0x8e, 0x8e, 0x9c, 0x28, 0x28, 0x28, 0x28, 0x28, 0x28, 0x28, 0x28, 0x28, 0x28, 0x28, 0x28, 0xc7, 0x28, 0x28, 0x9c, 0x8e, 0xbc, 0x28, 0x28, 0x28, 0x28, 0x28, 0x28, 0x28, 0x28, 0x28, 0xc8, 0xb6, 0x90, 0x8f, 0x8e, 0x8f, 0x8e, 0x8f, 0x94, 0xba, 0x28, 0x28, 0x28, 0x28, 0x28, 0x28, 0x28, 0x28, 0x28, 0x28, 0x28, 0x28, 0x28, 0x08, 0x00, 0x01, 0x25, 0x28, 0x28, 0x28, 0x28, 0x28, 0x28, 0x28, 0x28, 0x28, 0x28, 0x28, 0x28, 0x28, 0x28, 0xfa, 0x00, 0x03, 0xee, 0x28, 0x28, 0x28, 0x28, 0x28, 0x28, 0x28, 0x28, 0x28, 0xc5, 0x97, 0x8e, 0x8f, 0x8f, 0x9f, 0x28, 0x28, 0x28, 0x28, 0x28, 0x28, 0x28, 0x28, 0x28, 0x28, 0x28, 0x28, 0x28, 0x28, 0x28, 0x28, 0x28, 0x28, 0x28, 0x28, 0x28, 0x28, 0x28, 0x28, 0x28, 0x28, 0x28, 0x28, 0x28, 0x28, 0x28, 0x28, 0x28, 0x28, 0x28, 0x28, 0x28, 0x28, 0x28, 0x28, 0x28, 0x28, 0x28, 0x28, 0x28, 0x28, 0x28, 0x28, 0x28, 0x28, 0x28, 0x28, 0x28, 0x28, 0x28, 0x28, 0x28, 0x28, 0x28, 0x28, 0x28, 0x28, 0x28, 0x28, 0x28, 0x28, 0x28, 0x28, 0x28, 0x28, 0x28, 0x28, 0x28, 0x28, 0x28, 0x28, 0x28, 0x28, 0x28, 0x28, 0x28, 0x28, 0x28, 0x28, 0x28, 0x28, 0x28, 0x28, 0x28, 0x28, 0x28, 0x28, 0x28, 0x28, 0x28, 0x28, 0x28, 0x28, 0x28, 0x28, 0x28, 0x28, 0x28, 0x28, 0x28, 0x28, 0x28, 0x28, 0x28, 0x28, 0x28, 0x28, 0x28, 0x28, 0x28, 0x28, 0x28, 0x28, 0x28, 0x28, 0x28, 0x28, 0x28, 0x28, 0xd0, 0x28, 0xc9, 0x28, 0xd0, 0x28, 0x28, 0xd0, 0x28, 0xc9, 0x28, 0xd0, 0x28, 0xd0, 0x28, 0xd0, 0x28, 0xd0, 0x28, 0xd0, 0x28, 0xc9, 0x28, 0xc9, 0x28, 0xc9, 0x28, 0xc9, 0x28, 0xc9, 0x28, 0xc9, 0x28, 0xc9, 0x28, 0xd0, 0x28, 0x28, 0x28, 0x28, 0xc9, 0x28, 0xd0, 0x28, 0xd0, 0x28, 0xd0, 0x28, 0xd0, 0x28, 0xd0, 0x28, 0xd0, 0x28, 0xd0, 0x28, 0xd0, 0x28, 0xd0, 0x28, 0xc9, 0x28, 0xc9, 0x28, 0xd0, 0x28, 0xc9, 0x28, 0xd0, 0x28, 0xd0, 0x33, 0x7f, 0x7d, 0x32, 0x7d, 0x7d, 0x7d, 0x7d, 0x7d, 0x31, 0x7d, 0x7d, 0x31, 0x7d, 0x31, 0x31, 0x31, 0x31, 0x31, 0x31, 0x7d, 0x2e, 0x30, 0x30, 0xca, 0x2f, 0x30, 0x2f, 0xca, 0x2f, 0x30, 0x30, 0x7a, 0x7a, 0x28, 0x28, 0x28, 0x28, 0x28, 0x28, 0x28, 0x28, 0x28, 0x28, 0x28, 0x28, 0x28, 0x28, 0x28, 0x28, 0x28, 0x28, 0x28, 0x28, 0x28, 0x28, 0x28, 0x28, 0x28, 0x28, 0x28, 0x28, 
  0x28, 0x28, 0x28, 0x28, 0x28, 0x28, 0x28, 0x28, 0x28, 0x28, 0x28, 0x28, 0x28, 0x28, 0x28, 0x28, 0x28, 0x28, 0x28, 0x28, 0x28, 0x28, 0x28, 0x28, 0x28, 0xc1, 0x8e, 0x8e, 0x8f, 0x8e, 0xa9, 0x28, 0x28, 0x28, 0x28, 0x28, 0x28, 0x28, 0x28, 0x28, 0x28, 0x15, 0x00, 0x00, 0x29, 0x28, 0x28, 0x28, 0x28, 0x28, 0xc9, 0xfe, 0x00, 0x00, 0x00, 0x0a, 0x16, 0x28, 0x28, 0xe6, 0x00, 0x00, 0x00, 0x26, 0x28, 0x28, 0x28, 0x28, 0x28, 0x28, 0x28, 0x28, 0x28, 0x28, 0x28, 0xba, 0x97, 0x8e, 0x8f, 0x8e, 0x8f, 0x8e, 0x86, 0x76, 0x00, 0x00, 0x00, 0x00, 0x00, 0x00, 0x00, 0x00, 0x00, 0x00, 0x00, 0x00, 0x00, 0x00, 0x00, 0x00, 0x00, 0x00, 0x00, 0x00, 0x00, 0x00, 0x00, 0x00, 0x00, 0x00, 0x00, 0x00, 0x00, 0x00, 0x00, 0x00, 0x00, 0x00, 0x00, 0x00, 0x00, 0x00, 0x00, 0x00, 0x31, 0x28, 0x28, 0x28, 0x28, 0x28, 0xaf, 0x8e, 0x8e, 0x8e, 0x8f, 0x8e, 0xb9, 0x28, 0x28, 0x28, 0x28, 0x28, 0x28, 0x28, 0x28, 0x28, 0x28, 0x28, 0xbf, 0xae, 0x28, 0x91, 0x8e, 0xbc, 0x28, 0x28, 0x28, 0x28, 0x28, 0x28, 0x28, 0x28, 0x28, 0x28, 0x28, 0xbc, 0xa6, 0x8e, 0x8f, 0x8e, 0x8f, 0x8e, 0x8e, 0xb1, 0xc9, 0x28, 0x28, 0x28, 0x28, 0x28, 0x28, 0x28, 0x28, 0x28, 0x28, 0x28, 0x11, 0x00, 0x00, 0xe1, 0x28, 0x28, 0x28, 0xf5, 0xf0, 0x28, 0x28, 0x28, 0x28, 0x28, 0x28, 0x28, 0x27, 0x14, 0x00, 0x00, 0x00, 0x29, 0x28, 0x28, 0x28, 0x28, 0x28, 0x28, 0x28, 0x28, 0x28, 0x28, 0xbc, 0x8f, 0x8e, 0x8e, 0x8e, 0xb1, 0x28, 0x28, 0x28, 0x28, 0x28, 0x28, 0x28, 0x28, 0x28, 0x28, 0x28, 0x28, 0x28, 0x28, 0x28, 0x28, 0x28, 0x28, 0x28, 0x28, 0x28, 0x28, 0x28, 0x28, 0x28, 0x28, 0x28, 0x28, 0x28, 0x28, 0x28, 0x28, 0x28, 0x28, 0x28, 0x28, 0x28, 0x28, 0x28, 0x28, 0x28, 0x28, 0x28, 0x28, 0x28, 0x28, 0x28, 0x28, 0x28, 0x28, 0x28, 0x28, 0x28, 0x28, 0x28, 0x28, 0x28, 0x28, 0x28, 0x28, 0x28, 0x28, 0x28, 0x28, 0x28, 0x28, 0x28, 0x28, 0x28, 0x28, 0x28, 0x28, 0x28, 0x28, 0x28, 0x28, 0x28, 0x28, 0x28, 0x28, 0x28, 0x28, 0x28, 0x28, 0x28, 0x28, 0x28, 0x28, 0x28, 0x28, 0x28, 0x28, 0x28, 0x28, 0x28, 0x28, 0x28, 0x28, 0x28, 0x28, 0x28, 0x28, 0x28, 0x28, 0x28, 0x28, 0x28, 0x28, 0x28, 0x28, 0x28, 0x28, 0x28, 0x28, 0x28, 0x28, 0x28, 0x28, 0x28, 0x28, 0x28, 0x28, 0x28, 0x28, 0xd0, 0x28, 0xd0, 0x28, 0xc9, 0xd0, 0x28, 0xc9, 0x28, 0xd0, 0x28, 0xd0, 0x28, 0xc9, 0x28, 0xc9, 0x28, 0xc9, 0x28, 0x28, 0xd0, 0x28, 0xd0, 0x28, 0xd0, 0x28, 0xd0, 0x28, 0xd0, 0x28, 0xd0, 0x28, 0xd0, 0x28, 0xc9, 0x28, 0xd0, 0x28, 0xd0, 0x28, 0xd0, 0x28, 0xd0, 0x28, 0xd0, 0x28, 0xc9, 0x28, 0xd0, 0x28, 0xc9, 0x28, 0xc9, 0x28, 0xc9, 0x28, 0xc9, 0x28, 0xc9, 0x28, 0xd0, 0x28, 0xd0, 0x28, 0xd0, 0x28, 0xd0, 0x28, 0xc9, 0x28, 0xc9, 0xd1, 0x32, 0x7f, 0x32, 0x7d, 0x32, 0x7d, 0x7d, 0x7d, 0x32, 0x31, 0x7d, 0x7d, 0x31, 0x31, 0x31, 0x31, 0x31, 0x31, 0x31, 0x7a, 0x30, 0xca, 0x30, 0xca, 0x30, 0x30, 0x7a, 0xca, 0x7a, 0xca, 0x7a, 0xd4, 0x28, 0x28, 0x28, 0x28, 0x28, 0x28, 0x28, 0x28, 0x28, 0x28, 0x28, 0x28, 0x28, 0x28, 0x28, 0x28, 0x28, 0x28, 0x28, 0x28, 0x28, 0x28, 0x28, 0x28, 0x28, 0x28, 0x28, 0x28, 
  0x28, 0x28, 0x28, 0x28, 0x28, 0x28, 0x28, 0x28, 0x28, 0x28, 0x28, 0x28, 0x28, 0x28, 0x28, 0x28, 0x28, 0x28, 0x28, 0x28, 0x28, 0x28, 0x28, 0x28, 0xc1, 0x9c, 0x8e, 0x8f, 0x8e, 0x9e, 0xc9, 0x28, 0x28, 0x28, 0x28, 0x28, 0x28, 0x28, 0x28, 0x28, 0xfc, 0x01, 0x00, 0x08, 0xcf, 0x28, 0x28, 0x28, 0x28, 0x28, 0x28, 0x28, 0x0e, 0x01, 0x00, 0x00, 0x00, 0x03, 0x02, 0x00, 0x00, 0x02, 0x18, 0x28, 0x28, 0x28, 0x28, 0x28, 0x28, 0x28, 0x28, 0x28, 0x28, 0xc9, 0xb2, 0x8f, 0x8f, 0x8e, 0x8f, 0x8e, 0x8d, 0x77, 0x71, 0x00, 0x00, 0x00, 0x00, 0x00, 0x00, 0x00, 0x00, 0x00, 0x00, 0x00, 0x00, 0x00, 0x00, 0x00, 0x00, 0x00, 0x00, 0x00, 0x00, 0x00, 0x00, 0x00, 0x00, 0x00, 0x00, 0x00, 0x00, 0x00, 0x00, 0x00, 0x00, 0x00, 0x00, 0x00, 0x00, 0x00, 0x00, 0x00, 0x00, 0x00, 0x31, 0x28, 0x28, 0x28, 0x28, 0x28, 0xbf, 0x8f, 0x8f, 0x8e, 0x8f, 0x8e, 0x9e, 0x28, 0x28, 0x28, 0x28, 0x28, 0x28, 0x28, 0x28, 0x28, 0x28, 0x28, 0xbc, 0x8f, 0xc4, 0x90, 0x8e, 0xb8, 0x28, 0x28, 0x28, 0x28, 0x28, 0x28, 0x28, 0x28, 0x28, 0x28, 0x28, 0x28, 0x28, 0xba, 0x9e, 0x8e, 0x8f, 0x8e, 0x8f, 0x8e, 0xa5, 0xc0, 0x28, 0x28, 0x28, 0x28, 0x28, 0x28, 0x28, 0x28, 0x28, 0x28, 0x28, 0xff, 0x00, 0x00, 0x0d, 0xf5, 0xfe, 0x00, 0x08, 0xcb, 0x28, 0x28, 0x28, 0x28, 0x28, 0xee, 0x0d, 0x00, 0x00, 0x00, 0x04, 0xfa, 0x28, 0x28, 0x28, 0x28, 0x28, 0x28, 0x28, 0x28, 0x28, 0x28, 0x28, 0xb1, 0x8e, 0x8f, 0x8e, 0x8f, 0xba, 0x28, 0x28, 0x28, 0x28, 0x28, 0x28, 0x28, 0x28, 0x28, 0x28, 0x28, 0x28, 0x28, 0x28, 0x28, 0x28, 0x28, 0x28, 0x28, 0x28, 0x28, 0x28, 0x28, 0x28, 0x28, 0x28, 0x28, 0x28, 0x28, 0x28, 0x28, 0x28, 0x28, 0x28, 0x28, 0x28, 0x28, 0x28, 0x28, 0x28, 0x28, 0x28, 0x28, 0x28, 0x28, 0x28, 0x28, 0x28, 0x28, 0x28, 0x28, 0x28, 0x28, 0x28, 0x28, 0x28, 0x28, 0x28, 0x28, 0x28, 0x28, 0x28, 0x28, 0x28, 0x28, 0x28, 0x28, 0x28, 0x28, 0x28, 0x28, 0x28, 0x28, 0x28, 0x28, 0x28, 0x28, 0x28, 0x28, 0x28, 0x28, 0x28, 0x28, 0x28, 0x28, 0x28, 0x28, 0x28, 0x28, 0x28, 0x28, 0x28, 0x28, 0x28, 0x28, 0x28, 0x28, 0x28, 0x28, 0x28, 0x28, 0x28, 0x28, 0x28, 0x28, 0x28, 0x28, 0x28, 0x28, 0x28, 0x28, 0x28, 0x28, 0x28, 0x28, 0x28, 0x28, 0x28, 0x28, 0x28, 0x28, 0x28, 0xd0, 0x28, 0xd0, 0x28, 0xc9, 0x28, 0xc9, 0x28, 0xd0, 0x28, 0xc9, 0x28, 0xc9, 0x28, 0xd0, 0x28, 0xd0, 0x28, 0xc9, 0x28, 0xc9, 0x28, 0xd0, 0x28, 0xd0, 0x28, 0xc9, 0x28, 0xc9, 0x28, 0xd0, 0x28, 0xd0, 0x28, 0xd0, 0x28, 0xd0, 0x28, 0xc9, 0x28, 0xd0, 0x28, 0xd0, 0x28, 0xd0, 0x28, 0xd0, 0x28, 0xd0, 0x28, 0xd0, 0x28, 0xd0, 0x28, 0xd0, 0x28, 0xd0, 0x28, 0xd0, 0x28, 0xd0, 0x28, 0xc9, 0x28, 0xc9, 0x28, 0xd0, 0x28, 0xd0, 0x28, 0x28, 0xd0, 0x28, 0xd0, 0x32, 0x7f, 0x7f, 0x32, 0x7f, 0x32, 0x7f, 0x7d, 0x7d, 0x7d, 0x31, 0x31, 0x31, 0x31, 0x31, 0x31, 0x31, 0x31, 0x34, 0x33, 0xca, 0x30, 0x2f, 0x30, 0x30, 0x7a, 0x7a, 0x7a, 0x7a, 0x7a, 0x7a, 0x28, 0x28, 0x28, 0x28, 0x28, 0x28, 0x28, 0x28, 0x28, 0x28, 0x28, 0x28, 0x28, 0x28, 0x28, 0x28, 0x28, 0x28, 0x28, 0x28, 0x28, 0x28, 0x28, 0x28, 0x28, 0x28, 0x28, 0x28, 
  0x28, 0x28, 0x28, 0x28, 0x28, 0x28, 0x28, 0x28, 0x28, 0x28, 0x28, 0x28, 0x28, 0x28, 0x28, 0x28, 0x28, 0x28, 0x28, 0x28, 0x28, 0x28, 0x28, 0x28, 0xac, 0x8f, 0x8e, 0x8e, 0x8f, 0xbf, 0x28, 0x28, 0x28, 0x28, 0x28, 0x28, 0x28, 0x28, 0x28, 0x23, 0x00, 0x00, 0x03, 0x21, 0x28, 0x28, 0x28, 0x28, 0xce, 0x28, 0x28, 0x28, 0x28, 0xf8, 0x02, 0x00, 0x00, 0x00, 0x00, 0x00, 0x09, 0x21, 0x28, 0x28, 0x28, 0x28, 0x28, 0x28, 0x28, 0x28, 0x28, 0x28, 0xc2, 0x94, 0x8e, 0x8f, 0x8e, 0x8f, 0x8e, 0x86, 0x73, 0x00, 0x00, 0x00, 0x00, 0x00, 0x00, 0x00, 0x00, 0x00, 0x00, 0x00, 0x00, 0x00, 0x00, 0x00, 0x00, 0x00, 0x00, 0x00, 0x00, 0x00, 0x00, 0x00, 0x00, 0x00, 0x00, 0x00, 0x00, 0x00, 0x00, 0x00, 0x00, 0x00, 0x00, 0x00, 0x00, 0x00, 0x00, 0x00, 0x00, 0x00, 0x00, 0x00, 0x31, 0x28, 0x28, 0x28, 0x28, 0x28, 0x28, 0x9a, 0x8e, 0x8f, 0x8e, 0x8e, 0x8e, 0xbd, 0x28, 0x28, 0x28, 0x28, 0x28, 0x28, 0x28, 0x28, 0x28, 0x28, 0xba, 0x8e, 0x90, 0x8f, 0x8e, 0xaf, 0x28, 0x28, 0x28, 0x28, 0x28, 0x28, 0x28, 0x28, 0x28, 0x28, 0x28, 0x28, 0x28, 0x28, 0xc9, 0xa3, 0x90, 0x8e, 0x8e, 0x8f, 0x8e, 0x8e, 0xba, 0x28, 0x28, 0x28, 0x28, 0x28, 0x28, 0x28, 0x28, 0x28, 0x28, 0xd0, 0xff, 0x00, 0x00, 0x00, 0x00, 0x00, 0x00, 0x29, 0x28, 0x28, 0x28, 0x28, 0x1e, 0x03, 0x00, 0x00, 0x00, 0x07, 0x21, 0x28, 0x28, 0x28, 0x28, 0x28, 0x28, 0x28, 0x28, 0x28, 0x28, 0x28, 0x28, 0xc7, 0x97, 0x8e, 0x8f, 0x8e, 0x93, 0xc9, 0x28, 0x28, 0x28, 0x28, 0x28, 0x28, 0x28, 0x28, 0x28, 0x28, 0x28, 0x28, 0x28, 0x28, 0x28, 0x28, 0x28, 0x28, 0x28, 0x28, 0x28, 0x28, 0x28, 0x28, 0x28, 0x28, 0x28, 0x28, 0x28, 0x28, 0x28, 0x28, 0x28, 0x28, 0x28, 0x28, 0x28, 0x28, 0x28, 0x28, 0x28, 0x28, 0x28, 0x28, 0x28, 0x28, 0x28, 0x28, 0x28, 0x28, 0x28, 0x28, 0x28, 0x28, 0x28, 0x28, 0x28, 0x28, 0x28, 0x28, 0x28, 0x28, 0x28, 0x28, 0x28, 0x28, 0x28, 0x28, 0x28, 0x28, 0x28, 0x28, 0x28, 0x28, 0x28, 0x28, 0xba, 0xb1, 0xbe, 0x28, 0x28, 0x28, 0x28, 0x28, 0x28, 0x28, 0x28, 0x28, 0x28, 0x28, 0x28, 0x28, 0x28, 0x28, 0x28, 0x28, 0x28, 0x28, 0x28, 0x28, 0x28, 0x28, 0x28, 0x28, 0x28, 0x28, 0x28, 0x28, 0x28, 0x28, 0x28, 0x28, 0x28, 0x28, 0x28, 0xc7, 0xc9, 0x28, 0x28, 0x28, 0x28, 0x28, 0xd0, 0x28, 0xd0, 0x28, 0xd0, 0x28, 0xd0, 0x28, 0xd0, 0xc6, 0xd0, 0x28, 0xd0, 0x28, 0xd0, 0x28, 0xd0, 0x28, 0xc9, 0x28, 0xd0, 0x28, 0xc9, 0x28, 0xd0, 0x28, 0xd0, 0x28, 0xd0, 0x28, 0xd0, 0x28, 0xd0, 0x28, 0xd0, 0x28, 0xc9, 0x28, 0xd0, 0x28, 0xd0, 0x28, 0xd0, 0x28, 0xd0, 0x28, 0xc9, 0x28, 0xc9, 0x28, 0xc9, 0x28, 0xd0, 0x28, 0xd0, 0x28, 0xc9, 0x28, 0xd0, 0x28, 0xd0, 0x28, 0xd0, 0x28, 0xd0, 0x28, 0xc9, 0x28, 0xd0, 0x28, 0xc9, 0x28, 0x28, 0x28, 0xf8, 0x33, 0x33, 0x7f, 0x32, 0x7f, 0x32, 0x7d, 0x7d, 0x7d, 0x31, 0x31, 0x31, 0x31, 0x7a, 0x31, 0xd6, 0x33, 0x33, 0x34, 0x33, 0x33, 0x7d, 0x30, 0x7a, 0x7a, 0x31, 0x7a, 0x7a, 0x31, 0x28, 0x28, 0x28, 0x28, 0x28, 0x28, 0x28, 0x28, 0x28, 0x28, 0x28, 0x28, 0x28, 0x28, 0x28, 0x28, 0x28, 0x28, 0x28, 0x28, 0x28, 0x28, 0x28, 0x28, 0x28, 0x28, 0x28, 0x28, 
  0x28, 0x28, 0x28, 0x28, 0x28, 0x28, 0x28, 0x28, 0x28, 0x28, 0x28, 0x28, 0x28, 0x28, 0x28, 0x28, 0x28, 0x28, 0x28, 0x28, 0x28, 0x28, 0x28, 0xbe, 0x8f, 0x8e, 0x8f, 0x8e, 0xad, 0x28, 0x28, 0x28, 0x28, 0x28, 0x28, 0x28, 0x28, 0x28, 0x26, 0x03, 0x00, 0x00, 0xed, 0x28, 0x28, 0x28, 0x28, 0x17, 0x04, 0xef, 0x28, 0x28, 0x28, 0x28, 0x24, 0x32, 0x05, 0x03, 0x06, 0xf8, 0x28, 0x28, 0x28, 0x28, 0x28, 0x28, 0x28, 0x28, 0x28, 0x28, 0x28, 0xc2, 0x8f, 0x8e, 0x8f, 0x8e, 0x8e, 0x8e, 0x78, 0x00, 0x00, 0x00, 0x00, 0x00, 0x00, 0x00, 0x00, 0x00, 0x00, 0x00, 0x00, 0x00, 0x00, 0x00, 0x00, 0x00, 0x00, 0x00, 0x00, 0x00, 0x00, 0x00, 0x00, 0x00, 0x00, 0x00, 0x00, 0x00, 0x00, 0x00, 0x00, 0x00, 0x00, 0x00, 0x00, 0x00, 0x00, 0x00, 0x00, 0x00, 0x00, 0x00, 0x00, 0x00, 0x31, 0x28, 0x28, 0xc9, 0x28, 0x28, 0x28, 0xaf, 0x8f, 0x8f, 0x8e, 0x8e, 0x8f, 0x9b, 0x28, 0x28, 0x28, 0x28, 0x28, 0x28, 0x28, 0x28, 0x28, 0x28, 0xb6, 0x8f, 0x8f, 0x8e, 0x8e, 0xaa, 0x28, 0x28, 0x28, 0x28, 0x28, 0x28, 0x28, 0x28, 0x28, 0x28, 0x28, 0x28, 0x28, 0x28, 0x28, 0x28, 0xae, 0x90, 0x8e, 0x8e, 0x8f, 0x8f, 0x8e, 0xb6, 0x28, 0x28, 0x28, 0x28, 0x28, 0x28, 0x28, 0x28, 0x28, 0x28, 0x28, 0x0e, 0x00, 0x00, 0x00, 0x00, 0x04, 0x24, 0x28, 0x28, 0x28, 0xfa, 0x00, 0x00, 0x00, 0x00, 0x0b, 0x28, 0x28, 0x28, 0x28, 0x28, 0x28, 0x28, 0x28, 0x28, 0x28, 0x28, 0x28, 0x28, 0x28, 0x28, 0xc1, 0x8e, 0x8e, 0x8e, 0x8e, 0xa6, 0x28, 0x28, 0x28, 0x28, 0x28, 0x28, 0x28, 0x28, 0x28, 0x28, 0x28, 0x28, 0x28, 0x28, 0x28, 0x28, 0x28, 0x28, 0x28, 0x28, 0x28, 0x28, 0x28, 0x28, 0x28, 0x28, 0x28, 0x28, 0x28, 0x28, 0x28, 0x28, 0x28, 0x28, 0x28, 0x28, 0x28, 0x28, 0x28, 0x28, 0x28, 0x28, 0x28, 0x28, 0x28, 0x28, 0x28, 0x28, 0xc1, 0x97, 0x97, 0x97, 0x97, 0x97, 0x97, 0x9c, 0xac, 0xc0, 0x28, 0x28, 0x28, 0x28, 0x28, 0x28, 0x28, 0x28, 0x28, 0x28, 0x28, 0x28, 0x28, 0x28, 0x28, 0x28, 0x28, 0x28, 0xa5, 0x8e, 0xae, 0x28, 0x28, 0x28, 0x28, 0x28, 0x28, 0x28, 0x28, 0x28, 0x28, 0x28, 0x28, 0x28, 0x28, 0x28, 0x28, 0xb9, 0x90, 0xa9, 0x28, 0x28, 0xae, 0x8f, 0xb6, 0x28, 0x28, 0x28, 0x28, 0x28, 0x28, 0x28, 0x28, 0x28, 0xc5, 0xaa, 0x90, 0x8e, 0x8e, 0x90, 0xaf, 0xc7, 0x28, 0x28, 0xd0, 0x28, 0xc9, 0x28, 0xd0, 0xbd, 0xaa, 0x97, 0x8e, 0x8f, 0x8e, 0x9a, 0xb6, 0xc7, 0x28, 0xd0, 0xc9, 0x28, 0xd0, 0x28, 0xc9, 0x28, 0xd0, 0x28, 0xc9, 0x28, 0xc9, 0x28, 0xc9, 0x28, 0xc9, 0x28, 0xc9, 0x28, 0xc9, 0x28, 0xd0, 0x28, 0xc9, 0x28, 0xd0, 0x28, 0xc9, 0x28, 0xc9, 0x28, 0xd0, 0x28, 0xd0, 0x28, 0xd0, 0x28, 0xd0, 0x28, 0xc9, 0x28, 0xd0, 0x28, 0xc9, 0x28, 0xc9, 0x28, 0xc9, 0x28, 0xc9, 0x28, 0xd0, 0x28, 0xc9, 0x28, 0xd0, 0x28, 0xd0, 0x28, 0xc9, 0x27, 0x34, 0x33, 0x7f, 0xd5, 0x32, 0x7d, 0x7d, 0x7d, 0xd5, 0x31, 0x31, 0x31, 0x32, 0x32, 0x7f, 0x7f, 0x34, 0x33, 0x33, 0x34, 0x33, 0x33, 0x34, 0x34, 0x33, 0x31, 0x31, 0x7a, 0x28, 0x28, 0x28, 0x28, 0x28, 0x28, 0x28, 0x28, 0x28, 0x28, 0x28, 0x28, 0x28, 0x28, 0x28, 0x28, 0x28, 0x28, 0x28, 0x28, 0x28, 0x28, 0x28, 0x28, 0x28, 0x28, 0x28, 0x28, 
  0x28, 0x28, 0x28, 0x28, 0x28, 0x28, 0x28, 0x28, 0x28, 0x28, 0x28, 0x28, 0x28, 0x28, 0x28, 0x28, 0x28, 0x28, 0x28, 0x28, 0x28, 0x28, 0x28, 0xa0, 0x8f, 0x8e, 0x8e, 0x9c, 0x28, 0x28, 0x28, 0x28, 0x28, 0x28, 0x28, 0x28, 0x28, 0x28, 0x13, 0x00, 0x00, 0xe3, 0x28, 0x28, 0x28, 0x28, 0xef, 0x03, 0x00, 0x04, 0x28, 0x28, 0x28, 0x28, 0x28, 0x28, 0x28, 0x28, 0x28, 0x28, 0x28, 0x28, 0x28, 0x28, 0x28, 0x28, 0x28, 0x28, 0x28, 0x28, 0xb6, 0x8e, 0x8e, 0x8e, 0x8f, 0x8e, 0x8d, 0x74, 0x00, 0x00, 0x00, 0x00, 0x00, 0x00, 0x00, 0x00, 0x00, 0x00, 0x00, 0x00, 0x00, 0x00, 0x00, 0x00, 0x00, 0x00, 0x00, 0x00, 0x00, 0x00, 0x00, 0x00, 0x00, 0x00, 0x00, 0x00, 0x00, 0x00, 0x00, 0x00, 0x00, 0x00, 0x00, 0x00, 0x00, 0x00, 0x00, 0x00, 0x00, 0x00, 0x00, 0x00, 0x00, 0x00, 0x7a, 0x28, 0x28, 0xc9, 0xa5, 0xc9, 0x28, 0xc9, 0x8e, 0x8e, 0x8e, 0x8e, 0x8f, 0x91, 0x28, 0x28, 0x28, 0x28, 0x28, 0x28, 0x28, 0x28, 0x28, 0x28, 0xb1, 0x8e, 0x8e, 0x8e, 0x8f, 0x9e, 0x28, 0x28, 0x28, 0x28, 0x28, 0x28, 0x28, 0x28, 0x28, 0x28, 0x28, 0x28, 0x28, 0x28, 0x28, 0xc4, 0x94, 0xc7, 0x9f, 0x8f, 0x8e, 0x8e, 0x8e, 0x8e, 0xa0, 0xc9, 0x28, 0x28, 0x28, 0x28, 0x28, 0x28, 0x28, 0x28, 0x28, 0x28, 0x28, 0x21, 0x54, 0x28, 0x28, 0x28, 0x28, 0xd0, 0x0b, 0x00, 0x00, 0x00, 0x01, 0xf9, 0x28, 0x28, 0x28, 0x28, 0x28, 0x28, 0x28, 0x28, 0x28, 0x28, 0x28, 0x28, 0x28, 0x28, 0x28, 0x28, 0x28, 0xb6, 0x8f, 0x8e, 0x8f, 0x8f, 0xc6, 0x28, 0x28, 0x28, 0x28, 0x28, 0x28, 0x28, 0x28, 0x28, 0x28, 0x28, 0x28, 0x28, 0x28, 0x28, 0x28, 0x28, 0x28, 0x28, 0x28, 0x28, 0x28, 0x28, 0x28, 0x28, 0x28, 0x28, 0x28, 0x28, 0x28, 0x28, 0x28, 0x28, 0x28, 0x28, 0x28, 0x28, 0x28, 0x28, 0x28, 0x28, 0x28, 0x28, 0x28, 0x28, 0x28, 0x28, 0xbe, 0x8e, 0x8e, 0x8e, 0x8e, 0x8f, 0x8e, 0x8e, 0x8f, 0x8e, 0xb8, 0x28, 0x28, 0x28, 0x28, 0x28, 0x28, 0x28, 0x28, 0x28, 0x28, 0x28, 0x28, 0x28, 0x28, 0x28, 0x28, 0x28, 0xa6, 0x8e, 0xae, 0x28, 0x28, 0x28, 0x28, 0x28, 0x28, 0x28, 0x28, 0x28, 0x28, 0x28, 0x28, 0x28, 0x28, 0x28, 0x28, 0xa0, 0x8e, 0x8e, 0xc9, 0x28, 0x8f, 0x8f, 0x97, 0x28, 0x28, 0x28, 0x28, 0x28, 0x28, 0x28, 0x28, 0xc2, 0x8f, 0x8e, 0x8e, 0x8f, 0x8e, 0x8f, 0x8e, 0x9e, 0xc9, 0x28, 0x28, 0xd0, 0x28, 0xc7, 0xac, 0x8e, 0x8e, 0x8f, 0x8e, 0x8f, 0x8e, 0x8f, 0x8e, 0x91, 0xbe, 0x28, 0x28, 0xd0, 0x28, 0xc9, 0x28, 0xd0, 0x28, 0xc9, 0x28, 0xd0, 0x28, 0xd0, 0x28, 0xd0, 0x28, 0xd0, 0x28, 0xd0, 0x28, 0xd0, 0x28, 0xcf, 0x2e, 0x0d, 0xe1, 0xd0, 0x28, 0xd0, 0x28, 0xd0, 0x28, 0xd0, 0x28, 0xc9, 0x28, 0xc9, 0x28, 0xd0, 0x28, 0xd0, 0x28, 0xd0, 0x28, 0xd0, 0x28, 0xd0, 0x28, 0xd0, 0x28, 0xd0, 0x28, 0xd0, 0x28, 0xd0, 0x28, 0xd0, 0x28, 0xc9, 0x28, 0xd0, 0x28, 0xd6, 0x33, 0xd6, 0x32, 0x7d, 0x7d, 0x32, 0x31, 0x31, 0x7a, 0x32, 0x32, 0x7f, 0x33, 0x33, 0x33, 0x34, 0x34, 0x34, 0x33, 0x33, 0x34, 0x34, 0x34, 0x34, 0x34, 0x34, 0x28, 0x28, 0x28, 0x28, 0x28, 0x28, 0x28, 0x28, 0x28, 0x28, 0x28, 0x28, 0x28, 0x28, 0x28, 0x28, 0x28, 0x28, 0x28, 0x28, 0x28, 0x28, 0x28, 0x28, 0x28, 0x28, 0x28, 0x28, 
  0x28, 0x28, 0x28, 0x28, 0x28, 0x28, 0x28, 0x28, 0x28, 0x28, 0x28, 0x28, 0x28, 0x28, 0x28, 0x28, 0x28, 0x28, 0x28, 0x28, 0x28, 0x28, 0xa6, 0x8e, 0x8f, 0x8e, 0x91, 0x28, 0x28, 0x28, 0x28, 0x28, 0x28, 0x28, 0x28, 0x28, 0x28, 0x17, 0x00, 0x00, 0x00, 0x00, 0x1c, 0x28, 0x28, 0x28, 0x04, 0x00, 0x02, 0x26, 0x28, 0x28, 0x28, 0x28, 0x28, 0x28, 0x28, 0x28, 0x28, 0x28, 0x28, 0x28, 0x28, 0x28, 0x28, 0x28, 0x28, 0x28, 0x28, 0x9c, 0x8e, 0x8e, 0x8f, 0x8e, 0x8e, 0x80, 0x00, 0x00, 0x00, 0x00, 0x00, 0x00, 0x00, 0x29, 0xd0, 0xc9, 0x28, 0x27, 0x22, 0x11, 0x01, 0x00, 0x00, 0x00, 0x00, 0x00, 0x00, 0x00, 0x00, 0x00, 0x00, 0x00, 0x00, 0x00, 0x00, 0x00, 0x00, 0x00, 0x00, 0x00, 0x00, 0x00, 0x00, 0x00, 0x00, 0x00, 0x00, 0x00, 0x00, 0x00, 0x00, 0x00, 0x00, 0x00, 0x7d, 0x28, 0x28, 0x28, 0xa0, 0x8f, 0xbd, 0x28, 0x97, 0x8f, 0x8f, 0xb1, 0xaf, 0x8e, 0xac, 0x28, 0x28, 0x28, 0x28, 0x28, 0x28, 0x28, 0x28, 0x28, 0xae, 0x8f, 0x8e, 0x8f, 0x8e, 0x8f, 0x28, 0x28, 0x28, 0x28, 0x28, 0x28, 0x28, 0x28, 0x28, 0x28, 0x28, 0x28, 0x28, 0x28, 0x28, 0x9e, 0x9f, 0x28, 0x28, 0xbe, 0x8f, 0x8f, 0x8e, 0x8f, 0x8e, 0x8f, 0xc9, 0x28, 0x28, 0x28, 0x28, 0x28, 0x28, 0x28, 0x28, 0x28, 0x28, 0x28, 0x28, 0x28, 0x28, 0x28, 0x26, 0x01, 0x00, 0x00, 0x00, 0x00, 0x00, 0xfc, 0x28, 0x28, 0x28, 0x28, 0x28, 0x28, 0x28, 0x28, 0x28, 0x28, 0x28, 0x28, 0x28, 0x28, 0x28, 0x28, 0x28, 0x28, 0x9f, 0x8e, 0x8e, 0x8e, 0x90, 0xc9, 0x28, 0x28, 0x28, 0x28, 0x28, 0x28, 0x28, 0x28, 0x28, 0x28, 0x28, 0x28, 0x28, 0x28, 0x28, 0x28, 0x28, 0x28, 0x28, 0x28, 0x28, 0x28, 0x28, 0x28, 0x28, 0x28, 0x28, 0x28, 0x28, 0x28, 0x28, 0x28, 0x28, 0x28, 0x28, 0x28, 0x28, 0x28, 0x28, 0x28, 0x28, 0x28, 0x28, 0x28, 0x28, 0x28, 0xbf, 0x8e, 0x8f, 0xb1, 0xb8, 0xb7, 0xb8, 0xaa, 0x8f, 0x8e, 0x8f, 0xc2, 0x28, 0x28, 0x28, 0x28, 0x28, 0x28, 0x28, 0x28, 0x28, 0x28, 0x28, 0x28, 0x28, 0x28, 0x28, 0x28, 0xa5, 0x8e, 0xae, 0x28, 0x28, 0x28, 0x28, 0x28, 0x28, 0x28, 0x28, 0x28, 0x28, 0x28, 0x28, 0x28, 0x28, 0x28, 0x28, 0xbd, 0x9a, 0xaf, 0x28, 0x28, 0xb6, 0x9a, 0xba, 0x28, 0x28, 0x28, 0x28, 0x28, 0x28, 0x28, 0x28, 0x9e, 0x8f, 0x8e, 0xaa, 0xbb, 0xb8, 0xa6, 0x8e, 0x8f, 0xac, 0x28, 0xd0, 0x28, 0xc7, 0x97, 0x8e, 0x8f, 0x94, 0xb1, 0xba, 0xbc, 0xae, 0x9a, 0x8e, 0x8e, 0x8e, 0xbd, 0xc9, 0x28, 0x28, 0xd0, 0x28, 0x28, 0xd0, 0x28, 0xc9, 0x28, 0xd0, 0x28, 0xd0, 0x28, 0xd0, 0x28, 0xc9, 0x28, 0x28, 0xcb, 0x2f, 0xca, 0x2f, 0x2e, 0x2e, 0xff, 0x2b, 0xff, 0x16, 0x28, 0x28, 0x28, 0x28, 0x28, 0xc9, 0x28, 0xd0, 0x28, 0xd0, 0x28, 0xd0, 0x28, 0xc9, 0x28, 0x28, 0x28, 0xc9, 0x28, 0xc9, 0x28, 0xd0, 0x28, 0xc9, 0x28, 0xc9, 0x28, 0xd0, 0x28, 0xc9, 0x28, 0xc9, 0x28, 0x54, 0xd6, 0x7f, 0x7d, 0x7d, 0x31, 0xd5, 0x31, 0x33, 0x32, 0x7f, 0x7f, 0x7f, 0x33, 0x33, 0x34, 0x34, 0x34, 0x34, 0x33, 0x34, 0x34, 0x34, 0x34, 0x34, 0x34, 0x28, 0x28, 0x28, 0x28, 0x28, 0x28, 0x28, 0x28, 0x28, 0x28, 0x28, 0x28, 0x28, 0x28, 0x28, 0x28, 0x28, 0x28, 0x28, 0x28, 0x28, 0x28, 0x28, 0x28, 0x28, 0x28, 0x28, 0x28, 
  0x28, 0x28, 0x28, 0x28, 0x28, 0x28, 0x28, 0x28, 0x28, 0x28, 0x28, 0x28, 0x28, 0x28, 0x28, 0x28, 0x28, 0x28, 0x28, 0x28, 0x28, 0xc6, 0x90, 0x8e, 0x8e, 0x8f, 0xa5, 0x28, 0x28, 0x28, 0x28, 0x28, 0x28, 0x28, 0x28, 0x28, 0x28, 0xd0, 0x0f, 0x00, 0x00, 0x00, 0x01, 0x14, 0x28, 0x0b, 0x00, 0x00, 0xf9, 0x28, 0x28, 0x28, 0x28, 0x28, 0x28, 0x28, 0x28, 0x28, 0x28, 0x28, 0x28, 0x28, 0x28, 0x28, 0x28, 0x28, 0x28, 0x28, 0xac, 0x8e, 0x8f, 0x8e, 0x8e, 0x8e, 0x79, 0x00, 0x00, 0x00, 0x00, 0x00, 0x00, 0xf8, 0x25, 0x28, 0x28, 0x28, 0x28, 0x28, 0x28, 0x28, 0xd0, 0xcd, 0x32, 0x00, 0x00, 0x00, 0x00, 0x00, 0x00, 0x00, 0x00, 0x00, 0x00, 0x00, 0x00, 0x00, 0x00, 0x00, 0x00, 0x00, 0x00, 0x00, 0x00, 0x00, 0x00, 0x00, 0x00, 0x00, 0x00, 0x00, 0x00, 0x00, 0x00, 0x00, 0x31, 0x28, 0x28, 0x28, 0xc7, 0x8f, 0x8f, 0xae, 0xa5, 0x8e, 0x8e, 0xa1, 0x28, 0xc2, 0x97, 0x28, 0x28, 0x28, 0x28, 0x28, 0xbc, 0xc7, 0x28, 0x28, 0xad, 0x8e, 0x8e, 0x8f, 0x8e, 0x90, 0xc7, 0x28, 0x28, 0x28, 0x28, 0x28, 0x28, 0x28, 0x28, 0x28, 0x28, 0x28, 0x28, 0x28, 0xc4, 0x8f, 0xb2, 0x28, 0x28, 0x28, 0xb7, 0x90, 0x8e, 0x8e, 0x8f, 0x8e, 0x97, 0x28, 0x28, 0x28, 0x28, 0x28, 0x28, 0x28, 0x28, 0x28, 0x28, 0x28, 0x28, 0x28, 0x28, 0x1a, 0x02, 0x00, 0x00, 0x00, 0x08, 0x03, 0x00, 0x02, 0x28, 0x28, 0x28, 0x28, 0x28, 0x28, 0xef, 0x09, 0x13, 0x28, 0x28, 0x28, 0x28, 0x28, 0x28, 0x28, 0x28, 0x28, 0xbb, 0x8e, 0x8f, 0x8e, 0x8e, 0xb6, 0x28, 0x28, 0x28, 0x28, 0x28, 0x28, 0x28, 0x28, 0x28, 0x28, 0x28, 0x28, 0x28, 0x28, 0x28, 0x28, 0x28, 0x28, 0x28, 0x28, 0x28, 0x28, 0x28, 0x28, 0x28, 0x28, 0x28, 0x28, 0x28, 0x28, 0x28, 0x28, 0x28, 0x28, 0x28, 0x28, 0x28, 0x28, 0x28, 0x28, 0x28, 0x28, 0x28, 0x28, 0x28, 0x28, 0xbe, 0x8e, 0x8f, 0xc4, 0x28, 0x28, 0x28, 0x28, 0xbf, 0x8e, 0x8f, 0xb4, 0x28, 0x28, 0x28, 0x28, 0x28, 0x28, 0x28, 0x28, 0x28, 0x28, 0x28, 0x28, 0x28, 0x28, 0x28, 0x28, 0xa5, 0x8e, 0xae, 0x28, 0x28, 0x28, 0x28, 0x28, 0x28, 0x28, 0x28, 0x28, 0x28, 0x28, 0x28, 0x28, 0x28, 0x28, 0x28, 0x28, 0x28, 0x28, 0x28, 0x28, 0x28, 0x28, 0x28, 0x28, 0x28, 0x28, 0x28, 0x28, 0x28, 0x28, 0xc6, 0x8e, 0x8e, 0xaa, 0x28, 0x28, 0x28, 0x28, 0xad, 0x8e, 0x8f, 0xc4, 0x28, 0xd0, 0xad, 0x8e, 0x8e, 0xad, 0xc7, 0xd0, 0x28, 0xd0, 0x28, 0xd0, 0xb8, 0x8e, 0x8e, 0x90, 0xc7, 0xd0, 0x28, 0x28, 0x28, 0x28, 0x28, 0xc9, 0x28, 0xd0, 0x28, 0xc9, 0x28, 0xc9, 0x28, 0x28, 0xd0, 0xe5, 0x2f, 0x30, 0x30, 0x2f, 0x2f, 0x2e, 0x2f, 0xd3, 0x2f, 0x0d, 0x2c, 0x2b, 0xff, 0x0e, 0x28, 0x28, 0xd0, 0x28, 0xc9, 0x28, 0x28, 0xd0, 0x28, 0xd0, 0x28, 0xd0, 0x28, 0xd0, 0x28, 0xd0, 0x28, 0xd0, 0x28, 0xd0, 0x28, 0xd0, 0x28, 0xd0, 0x28, 0xc9, 0x28, 0xd0, 0x28, 0xd0, 0x28, 0xd0, 0x32, 0x32, 0x7d, 0x32, 0x7f, 0x33, 0x7f, 0x33, 0x7f, 0x33, 0x33, 0x33, 0x33, 0x34, 0x34, 0x34, 0x34, 0x34, 0x34, 0x34, 0x34, 0x34, 0x34, 0x34, 0x28, 0x28, 0x28, 0x28, 0x28, 0x28, 0x28, 0x28, 0x28, 0x28, 0x28, 0x28, 0x28, 0x28, 0x28, 0x28, 0x28, 0x28, 0x28, 0x28, 0x28, 0x28, 0x28, 0x28, 0x28, 0x28, 0x28, 0x28, 
  0x28, 0x28, 0x28, 0x28, 0x28, 0x28, 0x28, 0x28, 0x28, 0x28, 0x28, 0x28, 0x28, 0x28, 0x28, 0x28, 0x28, 0x28, 0x28, 0x28, 0x28, 0x9b, 0x8e, 0x8f, 0x8e, 0x97, 0xc8, 0x28, 0x28, 0x28, 0x28, 0x28, 0x28, 0x28, 0x28, 0x28, 0x28, 0x28, 0xc9, 0xe3, 0x00, 0x00, 0x00, 0x00, 0x0b, 0x00, 0x00, 0x7a, 0x28, 0x28, 0x28, 0x28, 0x28, 0x28, 0x28, 0x28, 0x28, 0x28, 0x28, 0x28, 0x28, 0x28, 0x28, 0x28, 0x28, 0x28, 0xc6, 0xa9, 0x8e, 0x8e, 0x8e, 0x8f, 0x8d, 0x76, 0x00, 0x00, 0x00, 0x00, 0x00, 0x05, 0x1b, 0x28, 0x28, 0x28, 0x28, 0x28, 0x28, 0x28, 0x28, 0x28, 0x28, 0x28, 0x28, 0xee, 0x7a, 0x00, 0x00, 0x00, 0x00, 0x00, 0x00, 0x00, 0x00, 0x00, 0x00, 0x00, 0x00, 0x00, 0x00, 0x00, 0x00, 0x00, 0x00, 0x00, 0x00, 0x00, 0x00, 0x00, 0x00, 0x00, 0x00, 0x00, 0x00, 0x00, 0x31, 0x28, 0x28, 0x28, 0x28, 0x91, 0x8f, 0x8e, 0x90, 0x8e, 0x8f, 0x8e, 0xbf, 0x28, 0xc9, 0x28, 0x28, 0x28, 0x28, 0x28, 0xbd, 0xa3, 0xc7, 0x28, 0xaa, 0x8e, 0x8f, 0x8e, 0x8f, 0x8e, 0xc4, 0x28, 0x28, 0x28, 0x28, 0x28, 0x28, 0x28, 0x28, 0x28, 0x28, 0xc8, 0x28, 0x28, 0xae, 0x8f, 0xba, 0x28, 0x28, 0x28, 0x28, 0xc0, 0x9a, 0x8f, 0x8e, 0x8e, 0x8f, 0x94, 0xc0, 0x28, 0x28, 0x28, 0x28, 0x28, 0x28, 0x28, 0x28, 0x28, 0x28, 0x28, 0x14, 0x01, 0x00, 0x00, 0x01, 0xe1, 0xf0, 0xea, 0x00, 0x00, 0x0b, 0xd0, 0x28, 0x28, 0x28, 0xec, 0x04, 0x00, 0x02, 0x1a, 0x28, 0x28, 0x28, 0x28, 0x28, 0x28, 0x28, 0x28, 0x28, 0xad, 0x8e, 0x8e, 0x8f, 0x8e, 0xc4, 0x28, 0x28, 0x28, 0x28, 0x28, 0x28, 0x28, 0x28, 0x28, 0x28, 0x28, 0x28, 0x28, 0x28, 0x28, 0x28, 0x28, 0x28, 0x28, 0x28, 0x28, 0x28, 0x28, 0x28, 0x28, 0x28, 0x28, 0x28, 0x28, 0x28, 0x28, 0x28, 0x28, 0x28, 0x28, 0x28, 0x28, 0x28, 0x28, 0x28, 0x28, 0x28, 0x28, 0x28, 0x28, 0xbe, 0x8f, 0x8e, 0xc4, 0x28, 0x28, 0x28, 0x28, 0x28, 0x94, 0x8e, 0xaa, 0x28, 0x28, 0x28, 0x28, 0x28, 0xbb, 0xb1, 0xa9, 0xb2, 0xbe, 0x28, 0xc1, 0xb8, 0xbd, 0x28, 0x28, 0xa5, 0x8e, 0xae, 0x28, 0x28, 0x28, 0x28, 0xc7, 0xba, 0xae, 0xaa, 0xb7, 0xc1, 0x28, 0xbd, 0xb8, 0xc1, 0x28, 0x28, 0xc2, 0xb8, 0xbc, 0x28, 0x28, 0xbe, 0xb8, 0xc0, 0x28, 0x28, 0x28, 0x28, 0x28, 0x28, 0x28, 0xc2, 0x8e, 0x8f, 0xb9, 0x28, 0x28, 0x28, 0x28, 0x28, 0xb2, 0xc7, 0x28, 0xc9, 0xbe, 0x8f, 0x8e, 0xac, 0xd0, 0x28, 0x28, 0xd0, 0x28, 0x28, 0xc9, 0x28, 0xb7, 0x97, 0xbc, 0x28, 0xc9, 0x28, 0xd0, 0x28, 0xd0, 0x28, 0xd0, 0x28, 0xc9, 0x28, 0xd0, 0x28, 0xd0, 0x28, 0xd9, 0x2f, 0x2f, 0x2f, 0x2f, 0x2e, 0x2f, 0x2e, 0x2f, 0xca, 0x2f, 0x2e, 0x2f, 0x2c, 0x2a, 0xff, 0xff, 0xff, 0xff, 0x7a, 0xd0, 0x28, 0xd0, 0x28, 0xc9, 0x28, 0xc9, 0x28, 0xc9, 0x28, 0xc9, 0x28, 0xc9, 0x28, 0xc9, 0x28, 0xc9, 0x28, 0xc9, 0x28, 0xc9, 0x28, 0xd0, 0x28, 0xc9, 0x28, 0xc9, 0x28, 0xd0, 0x28, 0xf8, 0x32, 0xfe, 0x33, 0x34, 0x33, 0x7f, 0x33, 0x33, 0x33, 0x33, 0x34, 0x34, 0x34, 0x34, 0x33, 0x33, 0x33, 0x33, 0x34, 0x34, 0x34, 0x34, 0x28, 0x28, 0x28, 0x28, 0x28, 0x28, 0x28, 0x28, 0x28, 0x28, 0x28, 0x28, 0x28, 0x28, 0x28, 0x28, 0x28, 0x28, 0x28, 0x28, 0x28, 0x28, 0x28, 0x28, 0x28, 0x28, 0x28, 0x28, 
  0x28, 0x28, 0x28, 0x28, 0x28, 0x28, 0x28, 0x28, 0x28, 0x28, 0x28, 0x28, 0x28, 0x28, 0x28, 0x28, 0x28, 0x28, 0x28, 0x28, 0xc0, 0x8e, 0x8e, 0x8e, 0x8f, 0xbb, 0x28, 0x28, 0x28, 0x28, 0x28, 0x28, 0x28, 0x28, 0x28, 0x28, 0x28, 0x28, 0x28, 0x28, 0xcd, 0x03, 0x00, 0x00, 0x00, 0x00, 0x0b, 0x26, 0x28, 0x28, 0x28, 0x28, 0x28, 0x28, 0x28, 0x28, 0x28, 0x28, 0x28, 0x28, 0x28, 0x28, 0x28, 0x28, 0x28, 0xc7, 0x9c, 0x8e, 0x8f, 0x8f, 0x8e, 0x8d, 0x73, 0x00, 0x00, 0x00, 0x00, 0x00, 0x0a, 0x26, 0x28, 0x28, 0x28, 0x28, 0xd0, 0x15, 0xf1, 0xf7, 0xcf, 0x28, 0x28, 0x28, 0x28, 0x28, 0x28, 0x20, 0x01, 0x00, 0x00, 0x00, 0x00, 0x00, 0x00, 0x00, 0x00, 0x00, 0x00, 0x00, 0x00, 0x00, 0x00, 0x00, 0x00, 0x00, 0x00, 0x00, 0x00, 0x00, 0x00, 0x00, 0x00, 0x00, 0x00, 0x00, 0x31, 0x28, 0x28, 0x28, 0x28, 0xa9, 0x8e, 0x8e, 0x8e, 0x8e, 0x8e, 0x8f, 0xa6, 0x28, 0x28, 0x28, 0x28, 0x28, 0x28, 0x28, 0xbf, 0x8f, 0xad, 0x28, 0xa3, 0x8e, 0x8e, 0x8e, 0x8e, 0x8f, 0xbf, 0x28, 0x28, 0x28, 0x28, 0x28, 0x28, 0x28, 0x28, 0x28, 0x28, 0xb6, 0x28, 0x28, 0x8e, 0x8f, 0xc9, 0x28, 0x28, 0x28, 0x28, 0x28, 0xc7, 0xa0, 0x8e, 0x8f, 0x8e, 0x8e, 0x8f, 0xbd, 0x28, 0x28, 0x28, 0x28, 0x28, 0x28, 0x28, 0x28, 0x28, 0x28, 0x0f, 0x00, 0x00, 0x00, 0x18, 0x28, 0x28, 0x28, 0xf9, 0x00, 0x00, 0xf1, 0x28, 0x28, 0xdb, 0x00, 0x00, 0x00, 0x00, 0x0f, 0x28, 0x28, 0x28, 0x28, 0x28, 0x28, 0x28, 0x28, 0x28, 0xc7, 0x94, 0x8f, 0x8e, 0x8f, 0xa6, 0x28, 0x28, 0x28, 0x28, 0x28, 0x28, 0x28, 0x28, 0x28, 0x28, 0x28, 0x28, 0x28, 0x28, 0x28, 0x28, 0x28, 0x28, 0x28, 0x28, 0x28, 0x28, 0x28, 0x28, 0x28, 0x28, 0x28, 0x28, 0x28, 0x28, 0x28, 0x28, 0x28, 0x28, 0x28, 0x28, 0x28, 0x28, 0x28, 0x28, 0x28, 0x28, 0x28, 0x28, 0x28, 0xbe, 0x8e, 0x8e, 0xc5, 0x28, 0x28, 0x28, 0x28, 0xc5, 0x8e, 0x8f, 0xaf, 0x28, 0x28, 0x28, 0xc4, 0x9f, 0x8e, 0x8e, 0x8e, 0x8e, 0x8e, 0xa5, 0xb1, 0x8e, 0x9f, 0x28, 0x28, 0xa5, 0x8f, 0xae, 0x28, 0x28, 0x28, 0xbd, 0x91, 0x8e, 0x8e, 0x8e, 0x8e, 0x8e, 0xb4, 0x9f, 0x8e, 0xb1, 0x28, 0x28, 0xb6, 0x8e, 0x9e, 0x28, 0x28, 0xa5, 0x8e, 0xae, 0x28, 0x28, 0x28, 0x28, 0x28, 0x28, 0x28, 0xc9, 0x8f, 0x8e, 0x9a, 0xc9, 0x28, 0x28, 0x28, 0x28, 0x28, 0x28, 0xc9, 0x28, 0xac, 0x8e, 0x90, 0xc7, 0x28, 0x28, 0xc9, 0x28, 0xd0, 0x28, 0xd0, 0x28, 0xd0, 0x28, 0xd0, 0x28, 0xd0, 0x28, 0xd0, 0x28, 0xc9, 0x28, 0x28, 0xc9, 0x28, 0xd0, 0x28, 0xd0, 0x34, 0x7a, 0x30, 0x2f, 0x2f, 0x2f, 0x2f, 0x2f, 0xd3, 0x2e, 0x2e, 0x2f, 0x30, 0x2e, 0x2f, 0x2e, 0x2e, 0xff, 0xff, 0xff, 0xff, 0xff, 0xff, 0x32, 0xc9, 0x28, 0xd0, 0x28, 0xd0, 0x28, 0xd0, 0x28, 0xd0, 0x28, 0xd0, 0x28, 0xd0, 0x28, 0xd0, 0x28, 0xd0, 0x28, 0xd0, 0x28, 0xc9, 0x28, 0xd0, 0x28, 0xd0, 0x28, 0xd0, 0x28, 0xc9, 0x26, 0xec, 0x7f, 0x33, 0x33, 0x34, 0x33, 0x34, 0x34, 0x34, 0x34, 0x34, 0x34, 0x34, 0x34, 0x33, 0x33, 0x33, 0x33, 0x34, 0x34, 0xfe, 0x28, 0x28, 0x28, 0x28, 0x28, 0x28, 0x28, 0x28, 0x28, 0x28, 0x28, 0x28, 0x28, 0x28, 0x28, 0x28, 0x28, 0x28, 0x28, 0x28, 0x28, 0x28, 0x28, 0x28, 0x28, 0x28, 0x28, 0x28, 
  0x28, 0x28, 0x28, 0x28, 0x28, 0x28, 0x28, 0x28, 0x28, 0x28, 0x28, 0x28, 0x28, 0x28, 0x28, 0x28, 0x28, 0x28, 0x28, 0x28, 0x94, 0x8e, 0x8f, 0x8e, 0xae, 0x28, 0x28, 0x28, 0x28, 0x28, 0x28, 0x28, 0x28, 0x28, 0x25, 0xcc, 0x28, 0x28, 0x28, 0x28, 0x28, 0x25, 0x08, 0x00, 0x00, 0x00, 0x03, 0xe9, 0x28, 0x28, 0x28, 0x28, 0x28, 0x28, 0x28, 0x28, 0x28, 0x28, 0x28, 0x28, 0x28, 0x28, 0x28, 0x28, 0x28, 0xa1, 0x8e, 0x8f, 0x8e, 0x8e, 0x8d, 0x73, 0x00, 0x00, 0x00, 0x00, 0x00, 0x07, 0xcf, 0x28, 0x28, 0x28, 0x23, 0x29, 0x00, 0x00, 0x00, 0x00, 0x00, 0x03, 0x14, 0x28, 0x28, 0x28, 0x28, 0x28, 0x25, 0x05, 0x00, 0x00, 0x00, 0x00, 0x00, 0x00, 0x00, 0x00, 0x00, 0x00, 0x00, 0x00, 0x00, 0x00, 0x00, 0x00, 0x00, 0x00, 0x00, 0x00, 0x00, 0x00, 0x00, 0x00, 0x00, 0x00, 0x31, 0x28, 0x28, 0x28, 0x28, 0xc9, 0x90, 0x8f, 0x8f, 0x8e, 0x8f, 0x8e, 0x9a, 0x28, 0x28, 0x28, 0x28, 0x28, 0x28, 0x28, 0xc4, 0x8f, 0x8e, 0xbb, 0x9a, 0x8f, 0x8e, 0x90, 0x8f, 0x8e, 0xbd, 0x28, 0x28, 0x28, 0x28, 0x28, 0x28, 0x28, 0x28, 0x28, 0xba, 0x94, 0xc9, 0xb2, 0x8f, 0x97, 0x28, 0x28, 0x28, 0x28, 0x28, 0x28, 0x28, 0xc7, 0xa6, 0x8f, 0x8e, 0x8f, 0x8e, 0x8f, 0xc1, 0x28, 0x28, 0x28, 0x28, 0x28, 0x28, 0x28, 0x28, 0x28, 0x28, 0x0b, 0x03, 0x21, 0x28, 0x28, 0x28, 0x28, 0xd0, 0x0c, 0x00, 0x00, 0xfb, 0x2a, 0x00, 0x00, 0x00, 0x01, 0xfa, 0x28, 0x28, 0x28, 0x28, 0x28, 0x28, 0x28, 0x28, 0x28, 0x28, 0x28, 0xbf, 0x8e, 0x8f, 0x8e, 0x8e, 0xc0, 0x28, 0x28, 0x28, 0x28, 0x28, 0x28, 0x28, 0x28, 0x28, 0x28, 0x28, 0x28, 0x28, 0x28, 0x28, 0x28, 0x28, 0x28, 0x28, 0x28, 0x28, 0x28, 0x28, 0x28, 0x28, 0x28, 0x28, 0x28, 0x28, 0x28, 0x28, 0x28, 0x28, 0x28, 0x28, 0x28, 0x28, 0x28, 0x28, 0x28, 0x28, 0x28, 0x28, 0x28, 0xbe, 0x8e, 0x8e, 0xbe, 0xc4, 0xc4, 0xc4, 0xba, 0x9c, 0x8e, 0x90, 0xc5, 0x28, 0x28, 0xc8, 0x91, 0x8f, 0x8e, 0x9f, 0xad, 0xa9, 0x8f, 0x8e, 0x8f, 0x8e, 0x9f, 0x28, 0x28, 0xa5, 0x8e, 0xae, 0x28, 0x28, 0xbf, 0x8e, 0x8e, 0x8e, 0xa5, 0xae, 0xa3, 0x8f, 0x8e, 0x8f, 0x8e, 0xb1, 0x28, 0x28, 0xb6, 0x8f, 0x9c, 0x28, 0x28, 0xa5, 0x8e, 0xae, 0x28, 0x28, 0x28, 0x28, 0x28, 0x28, 0x28, 0x28, 0xaa, 0x8f, 0x8e, 0x91, 0xb1, 0xc5, 0x28, 0x28, 0x28, 0x28, 0x28, 0xc9, 0x9e, 0x8f, 0xac, 0xc9, 0x28, 0x28, 0xd0, 0x28, 0xc9, 0x28, 0xc9, 0x28, 0xd0, 0x28, 0xc9, 0x28, 0xc9, 0x28, 0xc9, 0x28, 0xd0, 0x28, 0xd0, 0x28, 0xd0, 0x28, 0x2f, 0x2f, 0x2f, 0xca, 0xd3, 0x2f, 0xca, 0x2f, 0xd3, 0x2e, 0x2f, 0x2f, 0x30, 0xca, 0xca, 0x2f, 0x2e, 0x2e, 0x2e, 0x2e, 0xfd, 0xff, 0xff, 0xff, 0xff, 0xff, 0xff, 0x0b, 0xd0, 0x28, 0xc9, 0xd0, 0x28, 0xc9, 0x28, 0xd0, 0x28, 0xd0, 0x28, 0xd0, 0x28, 0xd0, 0x28, 0xc9, 0x28, 0xd0, 0x28, 0xc9, 0x28, 0xc9, 0x28, 0xc9, 0x28, 0x28, 0xd0, 0x28, 0x28, 0xd0, 0x28, 0xc9, 0x28, 0xea, 0x33, 0xfe, 0x34, 0x34, 0x34, 0x34, 0x34, 0x33, 0x34, 0x7f, 0x33, 0x33, 0x34, 0x34, 0xfe, 0x28, 0x28, 0x28, 0x28, 0x28, 0x28, 0x28, 0x28, 0x28, 0x28, 0x28, 0x28, 0x28, 0x28, 0x28, 0x28, 0x28, 0x28, 0x28, 0x28, 0x28, 0x28, 0x28, 0x28, 0x28, 0x28, 0x28, 0x28, 
  0x28, 0x28, 0x28, 0x28, 0x28, 0x28, 0x28, 0x28, 0x28, 0x28, 0x28, 0x28, 0x28, 0x28, 0x28, 0x28, 0x28, 0x28, 0x28, 0xb2, 0x8e, 0x8f, 0x8e, 0x91, 0xc5, 0x28, 0x28, 0x28, 0x28, 0x28, 0x28, 0x28, 0x28, 0x28, 0x29, 0x03, 0x10, 0x28, 0x28, 0x28, 0x28, 0x28, 0x25, 0xfa, 0x00, 0x00, 0x00, 0x02, 0x11, 0x28, 0x28, 0x28, 0x28, 0x28, 0x28, 0x28, 0x28, 0x28, 0x28, 0x28, 0x28, 0x28, 0x28, 0xc7, 0x9c, 0x8e, 0x8e, 0x8f, 0x8e, 0x80, 0x71, 0x00, 0x00, 0x00, 0x00, 0x00, 0x00, 0xed, 0x28, 0x28, 0x28, 0x12, 0x02, 0x00, 0x00, 0x00, 0x00, 0x03, 0x07, 0x00, 0x00, 0x03, 0xd9, 0x28, 0x28, 0x28, 0x28, 0x26, 0xf1, 0x00, 0x00, 0x00, 0x00, 0x00, 0x00, 0x00, 0x00, 0x00, 0x00, 0x00, 0x00, 0x00, 0x00, 0x00, 0x00, 0x00, 0x00, 0x00, 0x00, 0x00, 0x00, 0x00, 0x00, 0x00, 0x31, 0x28, 0x28, 0x28, 0x28, 0x28, 0xae, 0x8e, 0x8e, 0x8e, 0x8e, 0x8f, 0x8e, 0xb9, 0x28, 0x28, 0x28, 0x28, 0x28, 0x28, 0xc7, 0x8e, 0x8e, 0x97, 0x91, 0x8e, 0x8e, 0xaf, 0xad, 0x8e, 0xb9, 0x28, 0x28, 0x28, 0x28, 0x28, 0x28, 0x28, 0x28, 0x28, 0xa6, 0x8e, 0xae, 0x90, 0x8e, 0xaa, 0x28, 0x28, 0x28, 0x28, 0x28, 0x28, 0x28, 0x28, 0xc9, 0xb6, 0x8e, 0x8e, 0x8e, 0x8f, 0x8f, 0xba, 0x28, 0x28, 0x28, 0x28, 0x28, 0x28, 0x28, 0x28, 0x28, 0xcf, 0xf0, 0x28, 0x28, 0x28, 0x28, 0x28, 0x28, 0xd0, 0x05, 0x00, 0x00, 0x00, 0x00, 0x00, 0xfd, 0xef, 0x28, 0x28, 0x28, 0x28, 0x28, 0x28, 0x28, 0x28, 0x28, 0x28, 0x28, 0x28, 0x28, 0xa6, 0x8e, 0x8f, 0x8e, 0x9e, 0xc7, 0x28, 0x28, 0x28, 0x28, 0x28, 0x28, 0x28, 0x28, 0x28, 0x28, 0x28, 0x28, 0x28, 0x28, 0x28, 0x28, 0x28, 0x28, 0x28, 0x28, 0x28, 0x28, 0x28, 0x28, 0x28, 0x28, 0x28, 0x28, 0x28, 0x28, 0x28, 0x28, 0x28, 0x28, 0x28, 0x28, 0x28, 0x28, 0x28, 0x28, 0x28, 0x28, 0x28, 0xbe, 0x8e, 0x8f, 0x8e, 0x8e, 0x8e, 0x8e, 0x8e, 0x8e, 0x8e, 0xbb, 0x28, 0x28, 0x28, 0xac, 0x8e, 0x8e, 0xbb, 0x28, 0x28, 0x28, 0xc6, 0x9e, 0x8f, 0x8e, 0x9f, 0x28, 0x28, 0xa5, 0x8f, 0xae, 0x28, 0xc9, 0x97, 0x8f, 0x93, 0xc1, 0x28, 0x28, 0x28, 0xbf, 0x90, 0x8e, 0x8e, 0xb1, 0x28, 0x28, 0xb6, 0x8f, 0x9e, 0x28, 0x28, 0xa5, 0x8f, 0xae, 0x28, 0x28, 0x28, 0x28, 0x28, 0x28, 0x28, 0x28, 0xc7, 0xa6, 0x8e, 0x8e, 0x8f, 0x8e, 0x9c, 0xb8, 0xc9, 0x28, 0xd0, 0x28, 0x8f, 0x8f, 0xb6, 0x28, 0x28, 0x28, 0xd0, 0x28, 0xd0, 0x28, 0xd0, 0x28, 0xc9, 0xd0, 0x28, 0xd0, 0x28, 0xd0, 0x28, 0xd0, 0x28, 0xc9, 0x28, 0x28, 0x34, 0x30, 0x2f, 0x2f, 0xd3, 0x2e, 0x2f, 0x2f, 0x2f, 0x2f, 0x2f, 0x2f, 0xd3, 0x2f, 0xca, 0x30, 0x30, 0x2f, 0x2f, 0x2f, 0x2f, 0x2e, 0x2e, 0x2e, 0x2b, 0xff, 0xff, 0x2a, 0x2a, 0x2a, 0x2b, 0xff, 0xd0, 0x28, 0xd0, 0x28, 0xd0, 0x28, 0xc9, 0x28, 0xc9, 0x28, 0xd0, 0x28, 0xd0, 0x28, 0xd0, 0x28, 0xc9, 0x28, 0xd0, 0x28, 0xd0, 0x28, 0xd0, 0x28, 0xc9, 0x28, 0xd0, 0x28, 0xd0, 0x28, 0xc9, 0x28, 0xd0, 0x28, 0xd0, 0x28, 0xea, 0x33, 0x34, 0x34, 0x7f, 0x33, 0x33, 0x34, 0x34, 0xfe, 0x34, 0x28, 0x28, 0x28, 0x28, 0x28, 0x28, 0x28, 0x28, 0x28, 0x28, 0x28, 0x28, 0x28, 0x28, 0x28, 0x28, 0x28, 0x28, 0x28, 0x28, 0x28, 0x28, 0x28, 0x28, 0x28, 0x28, 0x28, 0x28, 
  0x28, 0x28, 0x28, 0x28, 0x28, 0x28, 0x28, 0x28, 0x28, 0x28, 0x28, 0x28, 0x28, 0x28, 0x28, 0x28, 0x28, 0x28, 0xc6, 0x8e, 0x8f, 0x8e, 0x8f, 0xb1, 0x28, 0x28, 0x28, 0x28, 0x28, 0x28, 0x28, 0x28, 0x28, 0x13, 0x00, 0x00, 0x00, 0x08, 0x17, 0x28, 0x28, 0x28, 0x28, 0x28, 0x17, 0x01, 0x00, 0x00, 0x00, 0x2a, 0x26, 0x28, 0x28, 0x28, 0x28, 0x28, 0x28, 0x28, 0x28, 0x28, 0x28, 0x28, 0x28, 0x9a, 0x8e, 0x8f, 0x8e, 0x8f, 0x80, 0x01, 0x00, 0x00, 0x00, 0x00, 0x00, 0x00, 0xe5, 0x28, 0x28, 0x28, 0x1a, 0x00, 0x00, 0x00, 0x00, 0x00, 0x00, 0xfc, 0x28, 0xe8, 0x00, 0x00, 0x00, 0x09, 0xeb, 0x28, 0x28, 0x28, 0x28, 0xe3, 0x01, 0x00, 0x00, 0x00, 0x00, 0x00, 0x00, 0x00, 0x00, 0x00, 0x00, 0x00, 0x00, 0x00, 0x00, 0x00, 0x00, 0x00, 0x00, 0x00, 0x00, 0x00, 0x00, 0x00, 0x31, 0x28, 0x28, 0x28, 0x28, 0x28, 0xc2, 0x8f, 0x8f, 0x8e, 0x8f, 0x8e, 0x8e, 0x9c, 0x28, 0x28, 0x28, 0x28, 0x28, 0x28, 0x28, 0x8e, 0x8f, 0x8e, 0x8e, 0x8e, 0x8f, 0xaf, 0x28, 0x9e, 0xb4, 0x28, 0x28, 0x28, 0x28, 0x28, 0x28, 0x28, 0x28, 0x28, 0x94, 0x8f, 0x8f, 0x8e, 0x8f, 0xbc, 0x28, 0x28, 0x28, 0x28, 0x28, 0x28, 0x28, 0x28, 0x28, 0x28, 0xaf, 0x8f, 0x8f, 0x8e, 0x8e, 0x8f, 0xc1, 0x28, 0x28, 0x28, 0x28, 0x28, 0x28, 0x28, 0x28, 0x28, 0x28, 0x28, 0x28, 0x28, 0x28, 0x28, 0x28, 0x28, 0x7a, 0x00, 0x00, 0x00, 0x00, 0x0e, 0x25, 0x28, 0x28, 0x28, 0x28, 0x28, 0x28, 0x28, 0x28, 0x28, 0x28, 0x28, 0x28, 0x28, 0x28, 0xc2, 0x8e, 0x8f, 0x8f, 0x8e, 0xb6, 0x28, 0x28, 0x28, 0x28, 0x28, 0x28, 0x28, 0x28, 0x28, 0x28, 0x28, 0x28, 0x28, 0x28, 0x28, 0x28, 0x28, 0x28, 0x28, 0x28, 0x28, 0x28, 0x28, 0x28, 0x28, 0x28, 0x28, 0x28, 0x28, 0x28, 0x28, 0x28, 0x28, 0x28, 0x28, 0x28, 0x28, 0x28, 0x28, 0x28, 0x28, 0x28, 0x28, 0xbe, 0x8f, 0x8e, 0x8f, 0x8f, 0x8e, 0x8f, 0x8f, 0x8f, 0x8e, 0x9a, 0xc5, 0x28, 0x28, 0x8e, 0x8f, 0xb2, 0x28, 0x28, 0x28, 0x28, 0x28, 0xc6, 0x8f, 0x8e, 0x9f, 0x28, 0x28, 0xa5, 0x8f, 0xae, 0x28, 0xbe, 0x8e, 0x8e, 0xbe, 0x28, 0x28, 0x28, 0x28, 0x28, 0xbd, 0x8e, 0x8f, 0xb1, 0x28, 0x28, 0xb6, 0x8f, 0x9c, 0x28, 0x28, 0xa5, 0x8e, 0xae, 0x28, 0x28, 0x28, 0x28, 0x28, 0x28, 0x28, 0x28, 0x28, 0x28, 0xbf, 0xaa, 0x8f, 0x8e, 0x8e, 0x8e, 0x94, 0xc0, 0x28, 0xc9, 0x8e, 0x8f, 0xb8, 0xd0, 0x28, 0x28, 0x28, 0xd0, 0x8f, 0x8e, 0x8e, 0x8f, 0x8f, 0x8e, 0x8e, 0x8e, 0xc7, 0x28, 0xd0, 0x28, 0x28, 0xd0, 0x2c, 0x2f, 0x7a, 0x30, 0xd3, 0x2e, 0x2f, 0x2f, 0xd3, 0x2f, 0x2f, 0x2f, 0x2e, 0x2f, 0x2f, 0x2f, 0x30, 0xca, 0x2f, 0x2f, 0x2f, 0x2f, 0xca, 0x2f, 0x0d, 0x0d, 0x0d, 0x0d, 0x0d, 0x2a, 0x2a, 0x2b, 0x2a, 0x2a, 0x2b, 0xff, 0x28, 0x28, 0x28, 0xd0, 0x28, 0xd0, 0x28, 0xc9, 0x28, 0xc9, 0x28, 0xc9, 0x28, 0xd0, 0x28, 0xc9, 0x28, 0xc9, 0x28, 0xc9, 0x28, 0x28, 0xd0, 0x28, 0x28, 0xc9, 0x28, 0xd0, 0x28, 0xc9, 0x28, 0xd0, 0x28, 0xd0, 0x28, 0xd0, 0x28, 0xd0, 0x28, 0x21, 0x7d, 0x34, 0xfe, 0x34, 0xfe, 0x28, 0x28, 0x28, 0x28, 0x28, 0x28, 0x28, 0x28, 0x28, 0x28, 0x28, 0x28, 0x28, 0x28, 0x28, 0x28, 0x28, 0x28, 0x28, 0x28, 0x28, 0x28, 0x28, 0x28, 0x28, 0x28, 0x28, 0x28, 
  0x28, 0x28, 0x28, 0x28, 0x28, 0x28, 0x28, 0x28, 0x28, 0x28, 0x28, 0x28, 0x28, 0x28, 0x28, 0x28, 0x28, 0x28, 0xad, 0x8f, 0x8e, 0x8e, 0x90, 0xc1, 0x28, 0x28, 0x28, 0x28, 0x28, 0x28, 0x28, 0x28, 0x28, 0xf1, 0x04, 0x00, 0x00, 0x00, 0x02, 0xfb, 0x28, 0x28, 0x28, 0x28, 0x28, 0x16, 0x05, 0x00, 0x00, 0x00, 0x07, 0xd0, 0x28, 0x28, 0x28, 0x28, 0x28, 0x28, 0x28, 0x28, 0x28, 0xc9, 0xae, 0x8e, 0x8e, 0x8e, 0x8f, 0x86, 0x72, 0x00, 0x00, 0x00, 0x00, 0x00, 0x00, 0x03, 0x24, 0x28, 0x28, 0xd0, 0x0a, 0x00, 0x00, 0x02, 0x15, 0xe3, 0x03, 0x18, 0x28, 0x28, 0x02, 0x00, 0x00, 0x00, 0x01, 0xe2, 0xc9, 0x28, 0x28, 0x28, 0xf5, 0x04, 0x00, 0x00, 0x00, 0x00, 0x00, 0x00, 0x00, 0x00, 0x00, 0x00, 0x00, 0x00, 0x00, 0x00, 0x00, 0x00, 0x00, 0x00, 0x00, 0x00, 0x00, 0x00, 0x31, 0x28, 0xc7, 0xc4, 0x28, 0x28, 0x28, 0xa3, 0x8e, 0x8e, 0x8e, 0x8f, 0x8e, 0x94, 0x28, 0x28, 0x28, 0x28, 0x28, 0x28, 0x28, 0x8e, 0x8e, 0x8e, 0x8e, 0x8e, 0x8e, 0xb1, 0x28, 0xc0, 0xb4, 0x28, 0x28, 0x28, 0x28, 0xc9, 0x28, 0x28, 0x28, 0xba, 0x8e, 0x8e, 0x8f, 0x8f, 0x8e, 0xc9, 0x28, 0x28, 0x28, 0x28, 0x28, 0x28, 0x28, 0x28, 0x28, 0x28, 0x28, 0xaa, 0x8e, 0x8e, 0x8e, 0x8f, 0x97, 0xc4, 0x28, 0x28, 0x28, 0x28, 0x28, 0x28, 0x28, 0x28, 0x28, 0x28, 0x28, 0x28, 0x28, 0x28, 0xf0, 0xf8, 0x00, 0x00, 0x00, 0x02, 0xdf, 0x28, 0x28, 0x28, 0x28, 0x28, 0x28, 0x28, 0x28, 0x28, 0x28, 0x28, 0x28, 0x28, 0x28, 0x28, 0x28, 0xc9, 0xa5, 0x8e, 0x8f, 0x8e, 0x94, 0xc6, 0x28, 0x28, 0x28, 0x28, 0x28, 0x28, 0x28, 0x28, 0x28, 0x28, 0x28, 0x28, 0x28, 0x28, 0x28, 0x28, 0x28, 0x28, 0x28, 0x28, 0x28, 0x28, 0x28, 0x28, 0x28, 0x28, 0x28, 0x28, 0x28, 0x28, 0x28, 0x28, 0x28, 0x28, 0x28, 0x28, 0x28, 0x28, 0x28, 0x28, 0x28, 0x28, 0xbe, 0x8e, 0x8f, 0xc4, 0xc9, 0xc9, 0xc9, 0xc6, 0xb2, 0x90, 0x8e, 0x9f, 0x28, 0xc1, 0x8e, 0x8e, 0xc6, 0x28, 0x28, 0x28, 0x28, 0x28, 0x28, 0xa9, 0x8e, 0x9f, 0x28, 0x28, 0xa5, 0x8f, 0xae, 0x28, 0xb6, 0x8f, 0x94, 0x28, 0x28, 0x28, 0x28, 0x28, 0x28, 0x28, 0x90, 0x8e, 0xb1, 0x28, 0x28, 0xb6, 0x8e, 0x9e, 0x28, 0x28, 0xa6, 0x8e, 0xae, 0x28, 0x28, 0x28, 0x28, 0x28, 0x28, 0x28, 0x28, 0x28, 0x28, 0x28, 0x28, 0xc9, 0xbb, 0xa3, 0x8e, 0x8f, 0x8f, 0xc7, 0xd0, 0x9a, 0x8e, 0xae, 0xd0, 0x28, 0x28, 0x28, 0x28, 0x8e, 0x8e, 0x8e, 0x8e, 0x8f, 0x8e, 0x8f, 0x8e, 0xc9, 0xc9, 0x28, 0xd0, 0x2e, 0x2f, 0x2f, 0x2f, 0x2f, 0x2f, 0x30, 0x2f, 0x2f, 0x2f, 0xd3, 0x30, 0x2f, 0x2f, 0x2f, 0x2f, 0x2e, 0x2f, 0x2e, 0x2f, 0x2e, 0x2f, 0xd3, 0x30, 0x2c, 0xfd, 0x0d, 0xfd, 0x0d, 0x0d, 0xfd, 0x0d, 0x2f, 0x2a, 0x2b, 0x0d, 0x2a, 0x2a, 0xff, 0x29, 0x22, 0x28, 0xc9, 0x28, 0xc9, 0x28, 0xd0, 0x28, 0xd0, 0x28, 0xd0, 0x28, 0xc9, 0x28, 0xd0, 0x28, 0xd0, 0x28, 0xd0, 0x28, 0xc9, 0x28, 0x28, 0xd0, 0x28, 0x28, 0xd0, 0x28, 0xd0, 0x28, 0x28, 0x28, 0xd0, 0x28, 0x28, 0x28, 0xc9, 0x28, 0xc9, 0x28, 0xd0, 0x28, 0x20, 0x28, 0x28, 0x28, 0x28, 0x28, 0x28, 0x28, 0x28, 0x28, 0x28, 0x28, 0x28, 0x28, 0x28, 0x28, 0x28, 0x28, 0x28, 0x28, 0x28, 0x28, 0x28, 0x28, 0x28, 0x28, 0x28, 0x28, 0x28, 
  0x28, 0x28, 0x28, 0x28, 0x28, 0x28, 0x28, 0x28, 0x28, 0x28, 0x28, 0x28, 0x28, 0x28, 0x28, 0x28, 0x28, 0xc1, 0x8f, 0x8e, 0x8f, 0x8e, 0xbb, 0x28, 0x28, 0x28, 0x28, 0x28, 0x28, 0x28, 0x28, 0x28, 0x28, 0x28, 0xf0, 0x0e, 0x02, 0x00, 0x00, 0x00, 0x07, 0xec, 0x28, 0x28, 0x28, 0x28, 0x25, 0x7a, 0x00, 0x00, 0x03, 0x28, 0x28, 0x28, 0x28, 0x28, 0x28, 0x28, 0x28, 0x28, 0xc8, 0xaf, 0x8e, 0x8e, 0x8f, 0x8e, 0x80, 0x71, 0x00, 0x00, 0x00, 0x00, 0x00, 0x00, 0x00, 0x54, 0x28, 0x28, 0x28, 0xe1, 0x00, 0x00, 0x2a, 0xcf, 0x28, 0x28, 0x27, 0x24, 0x28, 0xee, 0x00, 0x00, 0x04, 0x00, 0x00, 0x00, 0x0b, 0xcb, 0x28, 0x28, 0x28, 0x20, 0x29, 0x00, 0x00, 0x00, 0x00, 0x00, 0x00, 0x00, 0x00, 0x00, 0x00, 0x00, 0x00, 0x00, 0x00, 0x00, 0x00, 0x00, 0x00, 0x00, 0x00, 0x00, 0x31, 0x28, 0xc9, 0xa3, 0xa9, 0xbc, 0xc5, 0xc1, 0x8e, 0x8f, 0x8f, 0x97, 0x8e, 0x8f, 0xc5, 0x28, 0x28, 0xc9, 0x28, 0x28, 0x28, 0x8f, 0x8f, 0x8e, 0x8e, 0x8f, 0x8e, 0xb1, 0x28, 0x28, 0x28, 0x28, 0x28, 0x28, 0x28, 0xba, 0x28, 0x28, 0x28, 0x9c, 0x8e, 0x8f, 0x8e, 0x8f, 0x90, 0x28, 0x28, 0x28, 0x28, 0x28, 0x28, 0x28, 0x28, 0x28, 0x28, 0x28, 0x28, 0x28, 0xaf, 0x8f, 0x8f, 0x8e, 0x8e, 0x9a, 0xc2, 0x28, 0x28, 0x28, 0x28, 0x28, 0x28, 0x28, 0x28, 0x28, 0x28, 0x28, 0x28, 0x54, 0x07, 0x00, 0x00, 0x00, 0x07, 0xfc, 0x28, 0x28, 0x28, 0x28, 0x28, 0x28, 0x28, 0x28, 0x28, 0x28, 0x28, 0x28, 0x28, 0x28, 0x28, 0x28, 0x28, 0x28, 0xc9, 0x90, 0x8e, 0x8e, 0x8e, 0xb1, 0x28, 0x28, 0x28, 0x28, 0x28, 0x28, 0x28, 0x28, 0x28, 0x28, 0x28, 0x28, 0x28, 0x28, 0x28, 0x28, 0x28, 0x28, 0x28, 0x28, 0x28, 0x28, 0x28, 0x28, 0x28, 0x28, 0x28, 0x28, 0x28, 0x28, 0x28, 0x28, 0x28, 0x28, 0x28, 0x28, 0x28, 0x28, 0x28, 0x28, 0x28, 0x28, 0xbe, 0x8f, 0x8e, 0xc4, 0x28, 0x28, 0x28, 0x28, 0x28, 0xb1, 0x8f, 0x8e, 0xc7, 0xbd, 0x8e, 0x8e, 0x28, 0x28, 0x28, 0x28, 0x28, 0x28, 0x28, 0xae, 0x8e, 0x9f, 0x28, 0x28, 0xa5, 0x8e, 0xae, 0x28, 0xb1, 0x8e, 0x9f, 0x28, 0x28, 0x28, 0x28, 0x28, 0x28, 0x28, 0x9b, 0x8e, 0xb1, 0x28, 0x28, 0xb6, 0x8f, 0x9c, 0x28, 0x28, 0xa5, 0x8e, 0xae, 0x28, 0x28, 0x28, 0x28, 0x28, 0x28, 0x28, 0x28, 0x28, 0x28, 0x28, 0x28, 0x28, 0x28, 0x28, 0xbd, 0x8f, 0x8e, 0xb9, 0x28, 0xaa, 0x8e, 0x97, 0xc9, 0x28, 0x28, 0x28, 0xd0, 0xc2, 0xc1, 0xc1, 0xc1, 0xc1, 0xa9, 0x8e, 0x97, 0x28, 0x28, 0x2f, 0x7a, 0x30, 0x2e, 0x2e, 0x2f, 0x2f, 0x2f, 0x2f, 0x2f, 0x2f, 0xd3, 0x30, 0xd3, 0x30, 0x2f, 0x2f, 0xd3, 0x2e, 0x2f, 0x2f, 0x2f, 0xca, 0x2e, 0x0d, 0xfd, 0xfd, 0x2d, 0xfd, 0x0d, 0xfd, 0xfd, 0x0d, 0xfd, 0x2c, 0xfd, 0x2e, 0x2c, 0x2b, 0x2a, 0xff, 0x2a, 0x0c, 0x2a, 0x24, 0x28, 0x28, 0xc9, 0x28, 0xc9, 0x28, 0xc9, 0x28, 0xd0, 0x28, 0xd0, 0x28, 0xd0, 0x28, 0xd0, 0x28, 0xd0, 0x28, 0xc9, 0x28, 0xc9, 0x28, 0xd0, 0x28, 0xd0, 0x28, 0xd0, 0x28, 0xc9, 0x28, 0xd0, 0x28, 0xc9, 0x28, 0xd0, 0x28, 0xc9, 0x28, 0xd0, 0x28, 0x28, 0x28, 0x28, 0x28, 0x28, 0x28, 0x28, 0x28, 0x28, 0x28, 0x28, 0x28, 0x28, 0x28, 0x28, 0x28, 0x28, 0x28, 0x28, 0x28, 0x28, 0x28, 0x28, 0x28, 0x28, 0x28, 0x28, 0x28, 
  0x28, 0x28, 0x28, 0x28, 0x28, 0x28, 0x28, 0x28, 0x28, 0x28, 0x28, 0x28, 0x28, 0x28, 0x28, 0x28, 0x28, 0xae, 0x8e, 0x8f, 0x8e, 0x94, 0xc9, 0x28, 0x28, 0x28, 0x28, 0x28, 0x28, 0x28, 0x28, 0x28, 0x28, 0x28, 0x28, 0x28, 0x18, 0x04, 0x00, 0x00, 0x00, 0x00, 0xde, 0xcf, 0x28, 0x28, 0x28, 0x28, 0xde, 0x02, 0x1f, 0x28, 0x28, 0x28, 0x28, 0x28, 0x28, 0x28, 0x28, 0x28, 0xb4, 0x8e, 0x8f, 0x8e, 0x8e, 0x86, 0x01, 0x00, 0x00, 0x00, 0x00, 0x00, 0x00, 0x00, 0x00, 0x24, 0x28, 0x28, 0xef, 0x00, 0x00, 0x34, 0x28, 0x28, 0x28, 0x28, 0x28, 0x28, 0x28, 0xe6, 0x00, 0x00, 0x28, 0xf8, 0x00, 0x00, 0x00, 0x00, 0xfc, 0xd0, 0x28, 0x28, 0x28, 0xef, 0x08, 0x03, 0x03, 0x03, 0x03, 0x03, 0x03, 0x04, 0x04, 0x04, 0x03, 0x03, 0x03, 0x03, 0x02, 0x00, 0x00, 0x00, 0x00, 0x00, 0x7d, 0x28, 0x28, 0x28, 0x94, 0x8e, 0x8f, 0xaf, 0x91, 0x8e, 0x8e, 0xb1, 0xb7, 0x90, 0xa5, 0x28, 0x28, 0xbc, 0xc9, 0x28, 0x28, 0x8f, 0x8e, 0x8f, 0x8f, 0x8f, 0x8e, 0xb2, 0x28, 0x28, 0x28, 0x28, 0x28, 0x28, 0x28, 0xa9, 0xc0, 0x28, 0x28, 0x91, 0x8f, 0x8e, 0x8e, 0x8e, 0xa1, 0x28, 0x28, 0x28, 0x28, 0x28, 0x28, 0x28, 0x28, 0x28, 0x28, 0x28, 0x28, 0x28, 0x28, 0xaf, 0x8e, 0x8e, 0x8f, 0x8e, 0x9a, 0xc7, 0x28, 0x28, 0x28, 0x28, 0x28, 0x28, 0x28, 0x28, 0x28, 0xd0, 0x16, 0x00, 0x00, 0x00, 0x00, 0x0b, 0x27, 0x28, 0x28, 0x28, 0x28, 0x26, 0x21, 0x1c, 0xec, 0xcc, 0x24, 0x28, 0x28, 0x28, 0x28, 0x28, 0x28, 0x28, 0x28, 0x28, 0x28, 0xb2, 0x8e, 0x8f, 0x8e, 0x97, 0xc9, 0x28, 0x28, 0x28, 0x28, 0x28, 0x28, 0x28, 0x28, 0x28, 0x28, 0x28, 0x28, 0x28, 0x28, 0x28, 0x28, 0x28, 0x28, 0x28, 0x28, 0x28, 0x28, 0x28, 0x28, 0x28, 0x28, 0x28, 0x28, 0x28, 0x28, 0x28, 0x28, 0x28, 0x28, 0x28, 0x28, 0x28, 0x28, 0x28, 0x28, 0x28, 0xbe, 0x8e, 0x8e, 0xc4, 0x28, 0x28, 0x28, 0x28, 0x28, 0xc0, 0x8e, 0x8f, 0xbd, 0xc5, 0x8e, 0x8e, 0xc1, 0x28, 0x28, 0x28, 0x28, 0x28, 0x28, 0x9f, 0x8f, 0x9f, 0x28, 0x28, 0xa5, 0x8f, 0xae, 0x28, 0xba, 0x8f, 0x90, 0x28, 0x28, 0x28, 0x28, 0x28, 0x28, 0xc9, 0x8f, 0x8e, 0xb1, 0x28, 0x28, 0xb6, 0x8e, 0x9e, 0x28, 0x28, 0xa5, 0x8f, 0xae, 0x28, 0x28, 0x28, 0x28, 0x28, 0x28, 0x28, 0xc8, 0xad, 0xb7, 0x28, 0x28, 0x28, 0x28, 0x28, 0x28, 0xa3, 0x8e, 0xa6, 0xd0, 0xba, 0x8e, 0x8e, 0xb1, 0x28, 0x28, 0x28, 0x28, 0xd0, 0x28, 0xd0, 0x28, 0xc7, 0x91, 0x8e, 0xaa, 0x2a, 0x2e, 0x2f, 0x2f, 0x2f, 0x2f, 0x2e, 0x2f, 0x2f, 0x2f, 0xca, 0x30, 0xca, 0x30, 0x2f, 0x30, 0x2f, 0xca, 0x2e, 0x2f, 0x2e, 0x2e, 0x2f, 0x2e, 0x0d, 0x0d, 0x0d, 0x0d, 0xfd, 0x0d, 0xfd, 0xfd, 0xfd, 0xfd, 0xfd, 0xfd, 0x0d, 0xfd, 0x2c, 0x0d, 0xfd, 0x2b, 0xff, 0xff, 0xff, 0x2a, 0x2a, 0xff, 0x27, 0x28, 0xd0, 0x28, 0xd0, 0x28, 0xd0, 0x28, 0xd0, 0x28, 0xc9, 0x28, 0xd0, 0x28, 0xd0, 0x28, 0xc9, 0x28, 0xd0, 0x28, 0xd0, 0x28, 0xc9, 0x28, 0xc9, 0x28, 0xc9, 0x28, 0xd0, 0x28, 0xc9, 0x28, 0xd0, 0x28, 0xc9, 0x28, 0xd0, 0x28, 0xc9, 0x28, 0x28, 0x28, 0x28, 0x28, 0x28, 0x28, 0x28, 0x28, 0x28, 0x28, 0x28, 0x28, 0x28, 0x28, 0x28, 0x28, 0x28, 0x28, 0x28, 0x28, 0x28, 0x28, 0x28, 0x28, 0x28, 0x28, 0x28, 
  0x28, 0x28, 0x28, 0x28, 0x28, 0x28, 0x28, 0x28, 0x28, 0x28, 0x28, 0x28, 0x28, 0x28, 0x28, 0x28, 0xc6, 0x8e, 0x8e, 0x8e, 0x8e, 0xc1, 0x28, 0x28, 0x28, 0x28, 0x28, 0x28, 0x28, 0x28, 0x28, 0x28, 0x28, 0x28, 0x28, 0x28, 0x28, 0x28, 0xdf, 0x00, 0x00, 0x00, 0x00, 0x00, 0x1e, 0x28, 0x28, 0x28, 0x28, 0x26, 0x28, 0x28, 0x28, 0x28, 0x28, 0x28, 0x28, 0x28, 0x28, 0xbc, 0x8f, 0x8e, 0x8e, 0x8e, 0x8e, 0x72, 0x00, 0x00, 0x00, 0x00, 0x00, 0x00, 0x00, 0x00, 0x7a, 0x28, 0x28, 0x28, 0x11, 0x00, 0x07, 0x28, 0x28, 0x28, 0x28, 0x28, 0x28, 0x28, 0x28, 0xf5, 0x00, 0x29, 0x28, 0x28, 0x06, 0x00, 0x00, 0x00, 0x00, 0x15, 0x28, 0x28, 0x28, 0x28, 0x28, 0x28, 0x28, 0x28, 0x28, 0x28, 0x28, 0x28, 0x28, 0x28, 0x28, 0x28, 0x28, 0x28, 0x28, 0x22, 0xfe, 0x03, 0x01, 0x00, 0x31, 0x28, 0x28, 0x28, 0x28, 0x90, 0x8e, 0x8e, 0x8e, 0x8f, 0x8e, 0x9e, 0x28, 0xc4, 0x90, 0x28, 0x28, 0x9e, 0xac, 0x28, 0x28, 0x90, 0x8f, 0x8e, 0x8e, 0x8f, 0x8e, 0xb2, 0x28, 0x28, 0x28, 0x28, 0x28, 0x28, 0x28, 0x90, 0x94, 0x28, 0xb9, 0x8f, 0x8e, 0x8f, 0x8e, 0x8f, 0xad, 0x28, 0x28, 0x28, 0x28, 0x28, 0x28, 0x28, 0x28, 0x28, 0x28, 0x28, 0x28, 0x28, 0x28, 0x28, 0x9c, 0x8e, 0x8e, 0x8f, 0x8e, 0xad, 0x28, 0x28, 0x28, 0x28, 0x28, 0x28, 0x28, 0x28, 0x28, 0x1c, 0x01, 0x00, 0x00, 0x00, 0xde, 0x28, 0x28, 0x28, 0x28, 0x28, 0x1e, 0x04, 0x00, 0x00, 0x00, 0x00, 0x00, 0x16, 0x28, 0x28, 0x28, 0x28, 0x28, 0x28, 0x28, 0x28, 0x28, 0x28, 0x97, 0x8e, 0x8f, 0x8e, 0xb4, 0x28, 0x28, 0x28, 0x28, 0x28, 0x28, 0x28, 0x28, 0x28, 0x28, 0x28, 0x28, 0x28, 0x28, 0x28, 0x28, 0x28, 0x28, 0x28, 0x28, 0x28, 0x28, 0x28, 0x28, 0x28, 0x28, 0x28, 0x28, 0x28, 0x28, 0x28, 0x28, 0x28, 0x28, 0x28, 0x28, 0x28, 0x28, 0x28, 0x28, 0x28, 0xbf, 0x8f, 0x8f, 0xc4, 0x28, 0x28, 0x28, 0x28, 0x28, 0xae, 0x8e, 0x8e, 0xc5, 0x28, 0x93, 0x8e, 0xa3, 0x28, 0x28, 0x28, 0x28, 0x28, 0xbd, 0x8f, 0x8e, 0x9f, 0x28, 0x28, 0xa5, 0x8e, 0xae, 0x28, 0xc2, 0x8e, 0x8e, 0xb2, 0x28, 0x28, 0x28, 0x28, 0x28, 0xaf, 0x8f, 0x8e, 0xb1, 0x28, 0x28, 0xb6, 0x8e, 0x9c, 0x28, 0x28, 0xa6, 0x8f, 0xae, 0x28, 0x28, 0x28, 0x28, 0x28, 0x28, 0x28, 0x9f, 0x8e, 0x8e, 0xc1, 0x28, 0x28, 0x28, 0x28, 0x28, 0x94, 0x8f, 0xa9, 0x28, 0x28, 0xa3, 0x8f, 0x8e, 0xb7, 0x28, 0x28, 0xc9, 0x28, 0xd0, 0x28, 0xc9, 0xa1, 0x8e, 0x8e, 0x7e, 0x2e, 0x2e, 0x2e, 0x2e, 0x2f, 0x2f, 0x2f, 0xca, 0x2e, 0x2f, 0x2f, 0x7a, 0x30, 0x30, 0x30, 0xca, 0xca, 0x2e, 0x2f, 0x2f, 0x2f, 0x2e, 0x0d, 0x0d, 0x0d, 0x0d, 0xfd, 0xfd, 0xfd, 0xfd, 0xfd, 0xfd, 0xfd, 0xfd, 0xfd, 0xfd, 0x2c, 0xfd, 0x0d, 0xfd, 0x0d, 0x2c, 0xfd, 0x2a, 0x2a, 0x2a, 0x2a, 0xff, 0xff, 0xff, 0x28, 0xc9, 0x28, 0xd0, 0x28, 0xd0, 0x28, 0xd0, 0x28, 0xd0, 0x28, 0xd0, 0x28, 0xd0, 0x28, 0xd0, 0x28, 0xd0, 0x28, 0xd0, 0x28, 0xd0, 0x28, 0xd0, 0x28, 0xc9, 0x28, 0xd0, 0x28, 0xc9, 0x28, 0xd0, 0x28, 0xc9, 0x28, 0xd0, 0x28, 0x28, 0x28, 0x28, 0x28, 0x28, 0x28, 0x28, 0x28, 0x28, 0x28, 0x28, 0x28, 0x28, 0x28, 0x28, 0x28, 0x28, 0x28, 0x28, 0x28, 0x28, 0x28, 0x28, 0x28, 0x28, 0x28, 0x28, 0x28, 
  0x28, 0x28, 0x28, 0x28, 0x28, 0x28, 0x28, 0x28, 0x28, 0x28, 0x28, 0x28, 0x28, 0x28, 0x28, 0x28, 0x9c, 0x8f, 0x8f, 0x8f, 0x94, 0x28, 0x28, 0x28, 0x28, 0x28, 0x28, 0x28, 0x28, 0x28, 0x28, 0x28, 0x28, 0x28, 0x28, 0x28, 0x28, 0x28, 0x28, 0xcf, 0x02, 0x00, 0x00, 0x00, 0x00, 0x0d, 0x25, 0x28, 0x28, 0x28, 0x28, 0x28, 0x28, 0x28, 0x28, 0x28, 0x28, 0x28, 0xc0, 0x8f, 0x8f, 0x8e, 0x8e, 0x8e, 0x71, 0x00, 0x00, 0x00, 0x00, 0x00, 0x00, 0x00, 0x00, 0x00, 0x25, 0x28, 0x28, 0xd0, 0x02, 0x00, 0x24, 0x28, 0x28, 0x28, 0x28, 0x28, 0x28, 0x28, 0x28, 0xf5, 0x00, 0xf3, 0x28, 0x28, 0x25, 0x00, 0x00, 0x00, 0x00, 0x00, 0x09, 0x23, 0x28, 0x28, 0x28, 0x28, 0x28, 0x28, 0x28, 0x28, 0x28, 0x28, 0x28, 0x28, 0x28, 0x28, 0x28, 0x28, 0x28, 0x28, 0x28, 0x28, 0x28, 0x1f, 0xf6, 0x28, 0x28, 0x28, 0x28, 0xc1, 0x90, 0x8e, 0x8f, 0x8e, 0x8f, 0x8e, 0xbd, 0x28, 0xc9, 0xc6, 0x28, 0xb2, 0x8e, 0x91, 0xc7, 0x97, 0x8e, 0x8f, 0x8e, 0x8f, 0x8e, 0xb4, 0x28, 0x28, 0x28, 0x28, 0x28, 0x28, 0xc2, 0x8e, 0x90, 0x28, 0x94, 0x8e, 0x8e, 0x8e, 0x8f, 0x8e, 0xb9, 0x28, 0x28, 0x28, 0x28, 0x28, 0x28, 0x28, 0x28, 0x28, 0x28, 0x28, 0x28, 0x28, 0x28, 0xc5, 0x90, 0x9a, 0x8f, 0x8e, 0x8e, 0x8f, 0xad, 0x28, 0x28, 0x28, 0x28, 0x28, 0x28, 0x28, 0x28, 0x28, 0xe9, 0x00, 0x02, 0xee, 0x28, 0x28, 0x28, 0x28, 0xcd, 0x05, 0x00, 0x00, 0x00, 0x00, 0x00, 0x00, 0x00, 0x00, 0x0a, 0x28, 0x28, 0x28, 0x28, 0x28, 0x28, 0x28, 0x28, 0x28, 0xb1, 0x8e, 0x8e, 0x8e, 0x8f, 0x28, 0x28, 0x28, 0x28, 0x28, 0x28, 0x28, 0x28, 0x28, 0x28, 0x28, 0x28, 0x28, 0x28, 0x28, 0x28, 0x28, 0x28, 0x28, 0x28, 0x28, 0x28, 0x28, 0x28, 0x28, 0x28, 0x28, 0x28, 0x28, 0x28, 0x28, 0x28, 0x28, 0x28, 0x28, 0x28, 0x28, 0x28, 0x28, 0x28, 0x28, 0xbe, 0x8e, 0x8e, 0xbb, 0xc0, 0xc0, 0xc0, 0xbd, 0xaa, 0x8e, 0x8f, 0x9a, 0x28, 0x28, 0xb8, 0x8e, 0x8f, 0xa5, 0xc5, 0x28, 0xc9, 0xb8, 0x8f, 0x8e, 0x8f, 0x9f, 0x28, 0x28, 0xa5, 0x8f, 0xae, 0x28, 0x28, 0xaa, 0x8e, 0x8f, 0xaf, 0xc7, 0x28, 0xc7, 0xae, 0x8e, 0x8e, 0x8f, 0xb1, 0x28, 0x28, 0xb6, 0x8e, 0x9e, 0x28, 0x28, 0xa5, 0x8e, 0xae, 0x28, 0x28, 0x28, 0x28, 0x28, 0x28, 0x28, 0xbc, 0x8e, 0x8e, 0x94, 0xb1, 0xbe, 0xc4, 0xb9, 0x9f, 0x8f, 0x8e, 0xba, 0x28, 0x28, 0xc5, 0x8f, 0x8f, 0x8e, 0x9f, 0xba, 0xc1, 0xc7, 0xc0, 0xb6, 0x91, 0x8e, 0x8f, 0x87, 0x31, 0x2e, 0x2e, 0x2e, 0x2e, 0x2f, 0x2f, 0x2f, 0x2f, 0x2e, 0x2f, 0x2f, 0xca, 0x30, 0xca, 0xca, 0x7a, 0xca, 0x2f, 0xca, 0x2c, 0xfd, 0x2c, 0xfd, 0x2c, 0xfd, 0xfd, 0x0d, 0xfd, 0x0d, 0xfd, 0xfd, 0xfd, 0xfd, 0xfd, 0xfd, 0xfd, 0xfd, 0x0d, 0x0d, 0xfd, 0x2c, 0xfd, 0x0d, 0x0d, 0xfd, 0x2c, 0x2b, 0xff, 0xff, 0xff, 0x2b, 0x0d, 0xd0, 0x28, 0xd0, 0x28, 0xc9, 0x28, 0xc9, 0x28, 0xc9, 0x28, 0xd0, 0x28, 0xd0, 0x28, 0xd0, 0x28, 0xd0, 0x28, 0xc9, 0x28, 0xc9, 0x28, 0xc9, 0x28, 0xd0, 0x28, 0xd0, 0x28, 0xd0, 0x28, 0xc9, 0x28, 0xd0, 0x28, 0xc9, 0x28, 0x28, 0x28, 0x28, 0x28, 0x28, 0x28, 0x28, 0x28, 0x28, 0x28, 0x28, 0x28, 0x28, 0x28, 0x28, 0x28, 0x28, 0x28, 0x28, 0x28, 0x28, 0x28, 0x28, 0x28, 0x28, 0x28, 0x28, 
  0x28, 0x28, 0x28, 0x28, 0x28, 0x28, 0x28, 0x28, 0x28, 0x28, 0x28, 0x28, 0x28, 0x28, 0x28, 0xc0, 0x8e, 0x8e, 0x8f, 0x8e, 0xc0, 0x28, 0x28, 0x28, 0x28, 0x28, 0x28, 0x28, 0x28, 0x28, 0x28, 0x28, 0x28, 0x28, 0x28, 0x28, 0x28, 0x28, 0x28, 0x28, 0x28, 0xf7, 0x00, 0x00, 0x00, 0x00, 0x02, 0x0f, 0x28, 0x28, 0x28, 0x28, 0x28, 0x28, 0x28, 0x28, 0x28, 0xc6, 0x90, 0x8e, 0x8f, 0x8e, 0x8f, 0x71, 0x00, 0x00, 0x00, 0x00, 0x00, 0x00, 0x00, 0x00, 0x00, 0x01, 0xd0, 0x28, 0x28, 0xf5, 0x00, 0x10, 0x28, 0x28, 0x28, 0x28, 0x28, 0x28, 0x28, 0x28, 0x28, 0x1c, 0x00, 0x20, 0x28, 0x28, 0x28, 0x27, 0x02, 0x00, 0x00, 0x00, 0x00, 0x01, 0xf9, 0x28, 0x28, 0x28, 0x28, 0x28, 0x28, 0x28, 0x28, 0x28, 0xce, 0xf3, 0x0b, 0x03, 0x04, 0x03, 0x03, 0x04, 0x09, 0xf8, 0x24, 0x28, 0x28, 0x28, 0x28, 0x28, 0x28, 0x28, 0xbf, 0x8f, 0x8e, 0x8f, 0x8e, 0x8e, 0xa6, 0x28, 0x28, 0x28, 0x28, 0x28, 0x9a, 0x8e, 0x91, 0x9c, 0x8f, 0x8e, 0x8f, 0x8e, 0x8f, 0xb4, 0x28, 0x28, 0x28, 0x28, 0x28, 0x28, 0xb7, 0x8f, 0x8e, 0xb2, 0x90, 0x8f, 0x8e, 0x8f, 0x8e, 0x8e, 0xc4, 0x28, 0x28, 0x28, 0x28, 0x28, 0x28, 0x28, 0x28, 0x28, 0x28, 0x28, 0x28, 0x28, 0xc9, 0x97, 0xae, 0x28, 0x97, 0x8f, 0x8e, 0x8e, 0x8f, 0xb4, 0x28, 0x28, 0x28, 0x28, 0x28, 0x28, 0x28, 0x28, 0x28, 0x1d, 0x25, 0x28, 0x28, 0x28, 0x28, 0x31, 0x00, 0x00, 0x00, 0x00, 0x00, 0x0b, 0xea, 0xfb, 0x01, 0x00, 0x00, 0xfe, 0x28, 0x28, 0x28, 0x28, 0x28, 0x28, 0x28, 0x28, 0xc9, 0x97, 0x8e, 0x8f, 0x8e, 0xae, 0x28, 0x28, 0x28, 0x28, 0x28, 0x28, 0x28, 0x28, 0x28, 0x28, 0x28, 0x28, 0x28, 0x28, 0x28, 0x28, 0x28, 0x28, 0x28, 0x28, 0x28, 0x28, 0x28, 0x28, 0x28, 0x28, 0x28, 0x28, 0x28, 0x28, 0x28, 0x28, 0x28, 0x28, 0x28, 0x28, 0x28, 0x28, 0x28, 0x28, 0xbf, 0x8e, 0x8f, 0x8e, 0x8f, 0x8e, 0x8e, 0x8e, 0x8e, 0x8f, 0x8f, 0xc1, 0x28, 0x28, 0x28, 0xa6, 0x8e, 0x8f, 0x8e, 0x90, 0x8f, 0x8f, 0x8e, 0x97, 0x8e, 0x9f, 0x28, 0x28, 0xa5, 0x8e, 0xae, 0x28, 0x28, 0xc7, 0x94, 0x8e, 0x8e, 0x8e, 0x90, 0x8e, 0x8e, 0x90, 0x90, 0x8e, 0xb1, 0x28, 0x28, 0xb6, 0x8e, 0x9c, 0x28, 0x28, 0xa5, 0x8e, 0xae, 0x28, 0x28, 0x28, 0x28, 0x28, 0x28, 0x28, 0x28, 0xaf, 0x8f, 0x8e, 0x8e, 0x8e, 0x8e, 0x8e, 0x8f, 0x8e, 0xa3, 0xd0, 0x28, 0x28, 0x28, 0xc2, 0x9e, 0x8e, 0x8e, 0x8e, 0x8e, 0x8e, 0x8e, 0x8e, 0x8f, 0x8e, 0x88, 0x31, 0x30, 0x30, 0x31, 0x2e, 0x2f, 0x2f, 0x30, 0x2f, 0xd3, 0x2f, 0x2e, 0x30, 0xca, 0x7a, 0x30, 0x30, 0xca, 0x30, 0x2e, 0x0d, 0xfd, 0x0d, 0x0d, 0xfd, 0xfd, 0xfd, 0x2c, 0xfd, 0x0d, 0xfd, 0x0d, 0xfd, 0xfd, 0xfd, 0xfd, 0xfd, 0xfd, 0xfd, 0xfd, 0xfd, 0x0d, 0xfd, 0xfd, 0x0d, 0xfd, 0x0d, 0xfd, 0x2a, 0x2a, 0x2a, 0xfd, 0x2c, 0xff, 0xff, 0xfb, 0x28, 0xd0, 0x28, 0xd0, 0x28, 0xd0, 0x28, 0xc9, 0x28, 0xc9, 0x28, 0xc9, 0x28, 0xd0, 0x28, 0xd0, 0x28, 0xd0, 0x28, 0xd0, 0x28, 0xc9, 0x28, 0xc9, 0x28, 0xc9, 0x28, 0xd0, 0x28, 0xc9, 0x28, 0xd0, 0x28, 0x28, 0x28, 0x28, 0x28, 0x28, 0x28, 0x28, 0x28, 0x28, 0x28, 0x28, 0x28, 0x28, 0x28, 0x28, 0x28, 0x28, 0x28, 0x28, 0x28, 0x28, 0x28, 0x28, 0x28, 0x28, 0x28, 0x28, 0x28, 
  0x28, 0x28, 0x28, 0x28, 0x28, 0x28, 0x28, 0x28, 0x28, 0x28, 0x28, 0x28, 0x28, 0x28, 0x28, 0xab, 0x8e, 0x8f, 0x8e, 0x8f, 0xc9, 0x28, 0x28, 0x28, 0x28, 0x28, 0x28, 0x28, 0x28, 0x28, 0x28, 0x28, 0x28, 0x28, 0x28, 0x28, 0x28, 0x28, 0x28, 0x28, 0x28, 0x28, 0x1b, 0x0a, 0x00, 0x00, 0x00, 0x33, 0x28, 0x28, 0x28, 0x28, 0x28, 0x28, 0x28, 0x28, 0x28, 0x9f, 0x8e, 0x8f, 0x8e, 0x8f, 0x78, 0x00, 0x00, 0x00, 0x00, 0x00, 0x00, 0x00, 0x00, 0x00, 0x00, 0xff, 0x28, 0x28, 0x28, 0x12, 0x03, 0x24, 0x28, 0x28, 0x28, 0x28, 0x28, 0x28, 0x28, 0x28, 0x28, 0x28, 0xf3, 0x28, 0x28, 0x28, 0x28, 0x28, 0x26, 0xe5, 0x34, 0x07, 0x03, 0x03, 0x00, 0x29, 0xe5, 0x1a, 0x1a, 0xf7, 0xf4, 0xf8, 0x0a, 0x03, 0x00, 0x00, 0x00, 0x00, 0x00, 0x00, 0x00, 0x00, 0x00, 0x00, 0x01, 0x0a, 0xea, 0x28, 0x28, 0x28, 0x28, 0x28, 0x28, 0xbf, 0xae, 0x9a, 0x8e, 0x8f, 0x9e, 0x28, 0x28, 0x28, 0x28, 0x28, 0xaf, 0x8f, 0x8e, 0x8e, 0x8e, 0x8f, 0x9c, 0x9e, 0x8e, 0xb6, 0x28, 0x28, 0x28, 0x28, 0x28, 0x28, 0xad, 0x8e, 0x8e, 0x90, 0x8e, 0x8e, 0x8e, 0x97, 0x8e, 0x8f, 0x28, 0x28, 0x28, 0x28, 0x28, 0x28, 0x28, 0x28, 0x28, 0x28, 0xc7, 0x28, 0x28, 0x28, 0xac, 0x8f, 0xc6, 0x28, 0xbe, 0x91, 0x8e, 0x8f, 0x8e, 0x90, 0xc6, 0x28, 0x28, 0x28, 0x28, 0x28, 0x28, 0x28, 0x28, 0x28, 0x28, 0x28, 0x28, 0x28, 0xdb, 0x00, 0x00, 0x00, 0x00, 0x29, 0x19, 0x28, 0x28, 0x28, 0xcf, 0x03, 0x00, 0x04, 0xd0, 0x28, 0x28, 0x28, 0x28, 0x28, 0x28, 0x28, 0x28, 0xac, 0x8e, 0x8e, 0x8e, 0x90, 0x28, 0x28, 0x28, 0x28, 0x28, 0x28, 0x28, 0x28, 0x28, 0x28, 0x28, 0x28, 0x28, 0x28, 0x28, 0x28, 0x28, 0x28, 0x28, 0x28, 0x28, 0x28, 0x28, 0x28, 0x28, 0x28, 0x28, 0x28, 0x28, 0x28, 0x28, 0x28, 0x28, 0x28, 0x28, 0x28, 0x28, 0x28, 0x28, 0x28, 0xbf, 0x8e, 0x8e, 0x8f, 0x8e, 0x8f, 0x8e, 0x8e, 0x91, 0xa9, 0xc5, 0x28, 0x28, 0x28, 0x28, 0x28, 0xb7, 0x8f, 0x8f, 0x8e, 0x8e, 0x94, 0xba, 0xb4, 0x8e, 0x9f, 0x28, 0x28, 0xa5, 0x8e, 0xae, 0x28, 0x28, 0x28, 0xc9, 0xad, 0x8e, 0x8f, 0x8e, 0x8e, 0x9c, 0xc1, 0xa3, 0x8e, 0xb1, 0x28, 0x28, 0xb6, 0x8e, 0x9e, 0x28, 0x28, 0xa5, 0x8f, 0xae, 0x28, 0x28, 0x28, 0x28, 0x28, 0x28, 0x28, 0x28, 0x28, 0xba, 0x9a, 0x8f, 0x8e, 0x8f, 0x8e, 0x8f, 0xb2, 0xc9, 0xc9, 0x28, 0xd0, 0x28, 0x28, 0x28, 0xb4, 0x97, 0x8e, 0x8e, 0x8e, 0x8f, 0x8f, 0x8b, 0x7e, 0x7a, 0x30, 0x7a, 0x30, 0x30, 0x7a, 0x31, 0x2f, 0x2f, 0x30, 0x2f, 0x2f, 0x2f, 0x30, 0x30, 0x30, 0x7a, 0x7a, 0x2d, 0x2e, 0x2c, 0xfd, 0xfd, 0xfd, 0x0d, 0xfd, 0xfd, 0xfd, 0xfd, 0xfd, 0x0d, 0x0d, 0xfd, 0xfd, 0xfd, 0x2e, 0xfd, 0xfd, 0xfd, 0x0d, 0xfd, 0x0d, 0xfd, 0xfd, 0x0d, 0xfd, 0x0d, 0xfd, 0x0d, 0x2b, 0x2c, 0x2b, 0x2b, 0x2b, 0x2b, 0xff, 0x2a, 0xff, 0x28, 0xd0, 0x28, 0xc9, 0x28, 0x28, 0x28, 0xd0, 0x28, 0xd0, 0x28, 0xd0, 0x28, 0xd0, 0x28, 0xc9, 0x28, 0xc9, 0x28, 0xc9, 0x28, 0xd0, 0x28, 0xd0, 0x28, 0xd0, 0x28, 0xc9, 0x28, 0xd0, 0x28, 0xc9, 0x28, 0x28, 0x28, 0x28, 0x28, 0x28, 0x28, 0x28, 0x28, 0x28, 0x28, 0x28, 0x28, 0x28, 0x28, 0x28, 0x28, 0x28, 0x28, 0x28, 0x28, 0x28, 0x28, 0x28, 0x28, 0x28, 0x28, 0x28, 
  0x28, 0x28, 0x28, 0x28, 0x28, 0x28, 0x28, 0x28, 0x28, 0x28, 0x28, 0x28, 0x28, 0x28, 0xc7, 0x8e, 0x8e, 0x8e, 0x8e, 0xb8, 0x28, 0x28, 0x28, 0x28, 0x28, 0x28, 0x28, 0x28, 0x28, 0x28, 0x28, 0x28, 0x28, 0x28, 0x28, 0x28, 0x28, 0x28, 0x28, 0x28, 0x28, 0x28, 0x28, 0x28, 0xf1, 0x02, 0x08, 0x24, 0x28, 0x28, 0x28, 0x28, 0x28, 0x28, 0x28, 0x28, 0xb7, 0x8f, 0x8e, 0x8f, 0x8e, 0x80, 0x00, 0x00, 0x00, 0x00, 0x00, 0x00, 0x00, 0x00, 0x00, 0x00, 0x00, 0x1a, 0x28, 0x28, 0x28, 0x0a, 0x2e, 0x28, 0x28, 0x28, 0x28, 0x28, 0x28, 0x28, 0x28, 0x28, 0x28, 0x28, 0x28, 0x28, 0x28, 0x28, 0x28, 0x28, 0x28, 0x28, 0x28, 0x28, 0xd0, 0x21, 0x00, 0x00, 0x00, 0x00, 0x00, 0x00, 0x00, 0x00, 0x00, 0x00, 0x00, 0x00, 0x00, 0x00, 0x00, 0x00, 0x00, 0x00, 0x00, 0x00, 0x00, 0x00, 0x06, 0xf4, 0xfc, 0xce, 0x28, 0xcd, 0x19, 0x1a, 0xee, 0xd0, 0xc5, 0xbc, 0xb1, 0xc7, 0x28, 0x28, 0x28, 0x28, 0xc1, 0x90, 0x8f, 0x8e, 0x8f, 0x8e, 0x9f, 0xc6, 0x8e, 0xb7, 0x28, 0xbb, 0xc7, 0x28, 0x28, 0xc9, 0x9e, 0x8f, 0x8e, 0x8f, 0x8e, 0x8f, 0x90, 0xb7, 0x8e, 0x94, 0x28, 0x28, 0x28, 0x28, 0x28, 0x28, 0x28, 0x28, 0x28, 0xc7, 0xa5, 0x28, 0x28, 0xb2, 0x8e, 0xa5, 0x28, 0x28, 0x28, 0xb6, 0x90, 0x8e, 0x8e, 0x8e, 0xa0, 0x28, 0x28, 0x28, 0x28, 0x28, 0x28, 0x28, 0x28, 0x28, 0x28, 0x28, 0x28, 0xea, 0x01, 0x00, 0x00, 0x09, 0xeb, 0x28, 0x28, 0x28, 0x28, 0x28, 0x28, 0x16, 0x00, 0x00, 0x16, 0x28, 0x28, 0x28, 0x28, 0x28, 0x28, 0x28, 0x28, 0xc7, 0x94, 0x8f, 0x8e, 0x8f, 0xbd, 0x28, 0x28, 0x28, 0x28, 0x28, 0x28, 0x28, 0x28, 0x28, 0x28, 0x28, 0x28, 0x28, 0x28, 0x28, 0x28, 0x28, 0x28, 0x28, 0x28, 0x28, 0x28, 0x28, 0x28, 0x28, 0x28, 0x28, 0x28, 0x28, 0x28, 0x28, 0x28, 0x28, 0x28, 0x28, 0x28, 0x28, 0x28, 0x28, 0x28, 0x28, 0x28, 0x28, 0x28, 0x28, 0x28, 0x28, 0x28, 0x28, 0x28, 0x28, 0x28, 0x28, 0x28, 0x28, 0x28, 0x28, 0xc4, 0xbe, 0xc5, 0x28, 0x28, 0x28, 0x28, 0x28, 0x28, 0x28, 0x28, 0x28, 0x28, 0x28, 0x28, 0x28, 0x28, 0x28, 0xc9, 0xc1, 0xbf, 0xc7, 0x28, 0x28, 0x28, 0x28, 0x28, 0x28, 0x28, 0xaf, 0x8e, 0x9e, 0x28, 0x28, 0x28, 0x28, 0x28, 0x28, 0x28, 0x28, 0x28, 0x28, 0x28, 0x28, 0x28, 0x28, 0x28, 0x28, 0xc5, 0xbe, 0xbd, 0xc4, 0x28, 0x28, 0x28, 0xd0, 0x28, 0xc9, 0x28, 0xc9, 0x28, 0xc9, 0x28, 0xd0, 0xc0, 0xbe, 0xc4, 0x31, 0xca, 0x7b, 0x7a, 0x7a, 0x7a, 0x31, 0x7a, 0x31, 0x7a, 0x7a, 0x30, 0x2f, 0xca, 0x2f, 0x2f, 0x2f, 0xca, 0x30, 0x2e, 0x2d, 0x2d, 0x0d, 0x2e, 0xfd, 0xfd, 0xfd, 0xfd, 0xfd, 0x2e, 0xfd, 0xfd, 0xfd, 0x0d, 0xfd, 0x2e, 0x2e, 0x2e, 0xd3, 0x2e, 0xfd, 0xfd, 0xfd, 0xfd, 0xfd, 0xfd, 0xfd, 0xfd, 0x0d, 0xfd, 0x0d, 0xfd, 0x2a, 0x2b, 0x2b, 0x2b, 0x2b, 0x2b, 0x2a, 0x2b, 0x2a, 0xd0, 0x28, 0xd0, 0x28, 0x28, 0x28, 0xc9, 0x28, 0xc9, 0x28, 0xd0, 0x28, 0xd0, 0x28, 0xd0, 0x28, 0xd0, 0x28, 0xd0, 0x28, 0xd0, 0x28, 0xc9, 0x28, 0xc9, 0x28, 0xd0, 0x28, 0xd0, 0x28, 0xd0, 0x28, 0x28, 0x28, 0x28, 0x28, 0x28, 0x28, 0x28, 0x28, 0x28, 0x28, 0x28, 0x28, 0x28, 0x28, 0x28, 0x28, 0x28, 0x28, 0x28, 0x28, 0x28, 0x28, 0x28, 0x28, 0x28, 0x28, 0x28, 0x28, 
  0x28, 0x28, 0x28, 0x28, 0x28, 0x28, 0x28, 0x28, 0x28, 0x28, 0x28, 0x28, 0x28, 0x28, 0xb9, 0x8e, 0x8f, 0x8e, 0x94, 0x28, 0x28, 0x28, 0x28, 0x28, 0x28, 0x28, 0x28, 0x28, 0x28, 0x28, 0x28, 0x28, 0x28, 0x28, 0x28, 0x28, 0x28, 0x28, 0x28, 0x28, 0x28, 0x28, 0x28, 0x28, 0x28, 0x23, 0x22, 0x28, 0x28, 0x28, 0x28, 0x28, 0x28, 0x28, 0x28, 0xc6, 0x8f, 0x8e, 0x8f, 0x8e, 0x86, 0x00, 0x00, 0x00, 0x00, 0x00, 0x00, 0x00, 0x00, 0x00, 0x00, 0x00, 0x01, 0x28, 0x28, 0x28, 0x19, 0x00, 0x15, 0x28, 0x28, 0x28, 0x28, 0x28, 0x28, 0x28, 0x28, 0x28, 0x28, 0x28, 0x28, 0x28, 0x28, 0x28, 0x28, 0x28, 0x28, 0x28, 0x28, 0x1c, 0x12, 0x0a, 0x00, 0x00, 0x00, 0x00, 0x00, 0x00, 0x00, 0x00, 0x00, 0x00, 0x00, 0x00, 0x00, 0x00, 0x00, 0x00, 0x00, 0x00, 0x00, 0x00, 0x00, 0x00, 0xfd, 0x28, 0xe7, 0xd3, 0xe2, 0x26, 0x28, 0xcf, 0xe3, 0xd4, 0xde, 0xfb, 0xcd, 0x28, 0x28, 0x28, 0x28, 0x28, 0x28, 0xa9, 0x8e, 0x8e, 0x8e, 0x8f, 0x9e, 0x28, 0xa6, 0xb7, 0x28, 0xb1, 0xaf, 0x28, 0x28, 0xc4, 0x8e, 0x8e, 0x8e, 0x8e, 0x8e, 0x8e, 0xae, 0x28, 0xa6, 0xa9, 0x28, 0x28, 0x28, 0x28, 0x28, 0x28, 0xd0, 0xfc, 0xf3, 0xd0, 0xad, 0xc9, 0xbc, 0x8e, 0x8e, 0xc0, 0x28, 0x28, 0x28, 0x28, 0xb2, 0x8e, 0x8f, 0x8e, 0x8f, 0xb6, 0x28, 0x28, 0x28, 0x28, 0x28, 0x28, 0x28, 0x28, 0x28, 0x28, 0x28, 0x02, 0x00, 0x00, 0x7d, 0x28, 0x28, 0x28, 0x28, 0x28, 0x28, 0x28, 0x28, 0x28, 0x03, 0x00, 0x0e, 0x28, 0x28, 0x28, 0x28, 0x28, 0x28, 0x28, 0x28, 0x28, 0xb6, 0x8e, 0x8f, 0x8e, 0xa3, 0x28, 0x28, 0x28, 0x28, 0x28, 0x28, 0x28, 0x28, 0x28, 0x28, 0x28, 0x28, 0x28, 0x28, 0x28, 0x28, 0x28, 0x28, 0x28, 0x28, 0x28, 0x28, 0x28, 0x28, 0x28, 0x28, 0x28, 0x28, 0x28, 0x28, 0x28, 0x28, 0x28, 0x28, 0x28, 0x28, 0x28, 0x28, 0x28, 0x28, 0x28, 0x28, 0x28, 0x28, 0x28, 0x28, 0x28, 0x28, 0x28, 0x28, 0x28, 0x28, 0x28, 0x28, 0x28, 0x28, 0x28, 0x28, 0x28, 0x28, 0x28, 0x28, 0x28, 0x28, 0x28, 0x28, 0x28, 0x28, 0x28, 0x28, 0x28, 0x28, 0x28, 0x28, 0x28, 0x28, 0x28, 0x28, 0x28, 0x28, 0x28, 0x28, 0x28, 0x28, 0x28, 0x28, 0x9e, 0x8e, 0xa6, 0x28, 0x28, 0x28, 0x28, 0x28, 0x28, 0x28, 0x28, 0x28, 0x28, 0x28, 0x28, 0x28, 0x28, 0x28, 0x28, 0x28, 0x28, 0x28, 0x28, 0x28, 0x28, 0x28, 0xc9, 0x28, 0xd0, 0x28, 0xd0, 0x28, 0xd0, 0x28, 0xc9, 0x28, 0x28, 0x12, 0x31, 0x30, 0x7a, 0x7a, 0x7d, 0x7a, 0x31, 0x7a, 0x31, 0x7a, 0x31, 0x31, 0x31, 0x30, 0x7a, 0x2f, 0x2f, 0x2e, 0x2d, 0xfd, 0x2d, 0x2e, 0xfd, 0xfd, 0x2e, 0x2e, 0x2c, 0x2e, 0xfd, 0xfd, 0xfd, 0xfd, 0xfd, 0x2c, 0xfd, 0xfd, 0x2e, 0x2e, 0xfd, 0xfd, 0xfd, 0xfd, 0xfd, 0xfd, 0xfd, 0xfd, 0xfd, 0xfd, 0xfd, 0xfd, 0xfd, 0x2c, 0x2b, 0x2b, 0x2b, 0x2a, 0x2b, 0x2b, 0x2a, 0x2a, 0x2a, 0x2e, 0x28, 0xc9, 0x28, 0x28, 0x28, 0x28, 0xd0, 0x28, 0xd0, 0x28, 0xd0, 0x28, 0xc9, 0x28, 0xc9, 0x28, 0xc9, 0x28, 0xc9, 0x28, 0xc9, 0x28, 0xd0, 0x28, 0xd0, 0x28, 0xd0, 0x28, 0xd0, 0x28, 0xd0, 0x28, 0x28, 0x28, 0x28, 0x28, 0x28, 0x28, 0x28, 0x28, 0x28, 0x28, 0x28, 0x28, 0x28, 0x28, 0x28, 0x28, 0x28, 0x28, 0x28, 0x28, 0x28, 0x28, 0x28, 0x28, 0x28, 0x28, 0x28, 
  0x28, 0x28, 0x28, 0x28, 0x28, 0x28, 0x28, 0x28, 0x28, 0x28, 0x28, 0x28, 0x28, 0xc9, 0x94, 0x8f, 0x8e, 0x8e, 0xb9, 0x28, 0x28, 0x28, 0x28, 0x28, 0x28, 0x28, 0x28, 0xf0, 0xef, 0x28, 0x28, 0x28, 0x28, 0x28, 0x28, 0x28, 0x28, 0x28, 0x28, 0x28, 0x28, 0x28, 0x16, 0xfc, 0x28, 0x28, 0x28, 0x28, 0x28, 0x28, 0x28, 0x28, 0x28, 0x28, 0xc9, 0x9a, 0x8f, 0x8e, 0x8e, 0x8d, 0x71, 0x00, 0x00, 0x00, 0x00, 0x00, 0x00, 0x00, 0x00, 0x00, 0x00, 0x00, 0x02, 0x28, 0x28, 0x28, 0x0c, 0x00, 0x20, 0x28, 0x28, 0x28, 0x28, 0x28, 0x28, 0x28, 0x28, 0x28, 0x28, 0x28, 0x28, 0x28, 0x28, 0xf0, 0xf9, 0xdb, 0xff, 0x07, 0x00, 0x00, 0x00, 0x00, 0x00, 0x00, 0x00, 0x00, 0x00, 0x00, 0x00, 0x00, 0x00, 0x00, 0x00, 0x00, 0x00, 0x00, 0x00, 0x00, 0x00, 0x00, 0x00, 0x00, 0x00, 0x00, 0x07, 0x15, 0xd5, 0xd3, 0xd3, 0xe1, 0xdf, 0x19, 0x28, 0xf0, 0xf6, 0xd5, 0xd3, 0xd3, 0xdd, 0xf5, 0x1d, 0xd0, 0x28, 0x28, 0xbd, 0xb1, 0xa1, 0x8e, 0x9e, 0x28, 0x28, 0xba, 0x28, 0xba, 0x90, 0xc0, 0x28, 0xba, 0x8f, 0x8e, 0x8f, 0x8e, 0x8f, 0x8e, 0xbc, 0x28, 0xbd, 0xb8, 0x28, 0x28, 0x28, 0x24, 0xf7, 0xdc, 0xd3, 0xd3, 0xd3, 0xe8, 0xc8, 0xc0, 0x8f, 0x8f, 0x94, 0x28, 0x28, 0x28, 0x28, 0x28, 0x28, 0xa3, 0x8e, 0x8f, 0x8e, 0x8f, 0xbe, 0x28, 0x28, 0x28, 0x28, 0x28, 0x28, 0x28, 0x28, 0x28, 0x27, 0x01, 0x00, 0x07, 0xd0, 0x28, 0x28, 0x28, 0x28, 0x28, 0x28, 0x28, 0x28, 0xd0, 0x01, 0x00, 0x34, 0x28, 0x28, 0x28, 0x28, 0x28, 0x28, 0x28, 0x28, 0x28, 0xc6, 0x90, 0x8e, 0x8f, 0x8e, 0xc2, 0x28, 0x28, 0x28, 0x28, 0x28, 0x28, 0x28, 0x28, 0x28, 0x28, 0x28, 0x28, 0x28, 0x28, 0x28, 0x28, 0x28, 0x28, 0x28, 0x28, 0x28, 0x28, 0x28, 0x28, 0x28, 0x28, 0x28, 0x28, 0x28, 0x28, 0x28, 0x28, 0x28, 0x28, 0x28, 0x28, 0x28, 0x28, 0x28, 0x28, 0x28, 0x28, 0x28, 0x28, 0x28, 0x28, 0x28, 0x28, 0x28, 0x28, 0x28, 0x28, 0x28, 0x28, 0x28, 0x28, 0x28, 0x28, 0x28, 0x28, 0x28, 0x28, 0x28, 0x28, 0x28, 0x28, 0x28, 0x28, 0x28, 0x28, 0x28, 0x28, 0x28, 0x28, 0x28, 0x28, 0x28, 0x28, 0x28, 0x28, 0x28, 0x28, 0x28, 0xba, 0xa6, 0x8f, 0x8e, 0xb2, 0x28, 0x28, 0x28, 0x28, 0x28, 0x28, 0x28, 0x28, 0x28, 0x28, 0x28, 0x28, 0x28, 0x28, 0x28, 0x28, 0x28, 0x28, 0x28, 0x28, 0x28, 0x28, 0x28, 0x28, 0xc9, 0x28, 0xc9, 0x28, 0xc9, 0x28, 0x28, 0x28, 0x28, 0xfb, 0x31, 0x7a, 0x30, 0x30, 0x31, 0x31, 0x31, 0x7a, 0x31, 0x31, 0x31, 0x31, 0x7a, 0x7a, 0x31, 0x7d, 0x2e, 0x2d, 0x2d, 0x2d, 0x2d, 0x2d, 0xfd, 0x2d, 0x2d, 0x2e, 0xfd, 0x0d, 0xfd, 0xfd, 0xfd, 0xfd, 0x2e, 0xfd, 0xfd, 0xfd, 0xfd, 0xfd, 0xfd, 0xfd, 0xfd, 0xfd, 0xfd, 0xfd, 0xfd, 0xfd, 0xfd, 0x2e, 0xfd, 0xfd, 0xfd, 0xfd, 0xfd, 0xff, 0x2b, 0x2a, 0x2c, 0x2a, 0x2b, 0x2a, 0x2b, 0x2b, 0x2a, 0xd0, 0x28, 0x28, 0xd0, 0x28, 0xc9, 0x28, 0xc9, 0x28, 0xd0, 0x28, 0xd0, 0x28, 0x28, 0x28, 0xd0, 0x28, 0xd0, 0x28, 0xd0, 0x28, 0xd0, 0x28, 0xc9, 0x28, 0xd0, 0x28, 0xd0, 0x28, 0xc9, 0x28, 0x28, 0x28, 0x28, 0x28, 0x28, 0x28, 0x28, 0x28, 0x28, 0x28, 0x28, 0x28, 0x28, 0x28, 0x28, 0x28, 0x28, 0x28, 0x28, 0x28, 0x28, 0x28, 0x28, 0x28, 0x28, 0x28, 0x28, 0x28, 
  0x28, 0x28, 0x28, 0x28, 0x28, 0x28, 0x28, 0x28, 0x28, 0x28, 0x28, 0x28, 0x28, 0xbb, 0x8f, 0x8e, 0x8f, 0x97, 0x28, 0x28, 0x28, 0x28, 0x28, 0x28, 0x28, 0x28, 0x28, 0x31, 0x00, 0x29, 0x17, 0x28, 0x28, 0x28, 0x28, 0x28, 0x28, 0x28, 0x28, 0x28, 0x28, 0x28, 0x04, 0x00, 0x33, 0x28, 0x28, 0x28, 0x28, 0x28, 0x28, 0x28, 0x28, 0x28, 0xa9, 0x8f, 0x8e, 0x8e, 0x8f, 0x76, 0x00, 0x00, 0x00, 0x00, 0x00, 0x00, 0x00, 0x00, 0x00, 0x00, 0x00, 0x00, 0x00, 0xd0, 0x28, 0x25, 0x03, 0x02, 0x28, 0x28, 0x28, 0x28, 0x28, 0x28, 0x28, 0x28, 0x28, 0x28, 0x28, 0x28, 0x28, 0xcd, 0xfd, 0x01, 0x00, 0x00, 0x00, 0x00, 0x00, 0x00, 0x00, 0x00, 0x00, 0x00, 0x08, 0xf8, 0x33, 0x0a, 0x00, 0x00, 0x00, 0x00, 0x00, 0x00, 0x00, 0x00, 0x00, 0x00, 0x00, 0x00, 0x00, 0x00, 0x00, 0x00, 0x04, 0xd3, 0xd3, 0xd3, 0xd8, 0x28, 0xf5, 0xd3, 0xda, 0xfa, 0xce, 0xcf, 0x1a, 0xe2, 0xd3, 0xd3, 0xd3, 0xd6, 0xdb, 0xe0, 0xf6, 0xd2, 0xf0, 0xc6, 0xc2, 0x28, 0x28, 0xc7, 0x28, 0xc0, 0x8f, 0x97, 0xc9, 0xa6, 0x8e, 0x8e, 0x8e, 0x8e, 0x8f, 0xa9, 0xc6, 0x28, 0x28, 0xce, 0xe7, 0xe0, 0xdb, 0xd3, 0xd3, 0xd3, 0xdd, 0xf7, 0xdc, 0xd5, 0xd1, 0xc2, 0x8f, 0x8e, 0xbc, 0x28, 0x28, 0x28, 0x28, 0x28, 0x28, 0xc1, 0x90, 0x8e, 0x8f, 0x8e, 0x94, 0xc6, 0x28, 0x28, 0x28, 0x28, 0x28, 0x28, 0x28, 0x28, 0x26, 0x01, 0x00, 0xca, 0x28, 0x28, 0x28, 0x28, 0x28, 0x28, 0x28, 0x28, 0x28, 0x29, 0x00, 0x00, 0xe5, 0x28, 0x28, 0x28, 0x28, 0x28, 0x28, 0x28, 0x28, 0x28, 0x28, 0xb1, 0x8e, 0x8e, 0x8e, 0xa3, 0x28, 0x28, 0x28, 0x28, 0x28, 0x28, 0x28, 0x28, 0x28, 0x28, 0x28, 0x28, 0x28, 0x28, 0x28, 0x28, 0x28, 0x28, 0x28, 0x28, 0x28, 0x28, 0x28, 0x28, 0x28, 0x28, 0x28, 0x28, 0x28, 0x28, 0x28, 0x28, 0x28, 0x28, 0x28, 0x28, 0x28, 0x28, 0x28, 0x28, 0x28, 0x28, 0x28, 0x28, 0x28, 0x28, 0x28, 0x28, 0x28, 0x28, 0x28, 0x28, 0x28, 0x28, 0x28, 0x28, 0x28, 0x28, 0x28, 0x28, 0x28, 0x28, 0x28, 0x28, 0x28, 0x28, 0x28, 0x28, 0x28, 0x28, 0x28, 0x28, 0x28, 0x28, 0x28, 0x28, 0x28, 0x28, 0x28, 0x28, 0x28, 0x28, 0x28, 0x9a, 0x8e, 0x8e, 0x93, 0xc9, 0x28, 0x28, 0x28, 0x28, 0x28, 0x28, 0x28, 0x28, 0x28, 0x28, 0x28, 0x28, 0x28, 0x28, 0x28, 0x28, 0x28, 0x28, 0x28, 0x28, 0x28, 0x28, 0x28, 0xd0, 0x28, 0xd0, 0x28, 0x28, 0x28, 0x28, 0x28, 0x28, 0xef, 0x30, 0x7a, 0x30, 0x30, 0x7a, 0x7a, 0x7a, 0x31, 0x7a, 0x31, 0x31, 0x7a, 0x31, 0x7a, 0x31, 0x7a, 0x31, 0x2c, 0xfd, 0x2d, 0x2d, 0x2e, 0x2e, 0x2d, 0x2e, 0xfd, 0xfd, 0x2d, 0xfd, 0xfd, 0xfd, 0xfd, 0xfd, 0xd3, 0x2e, 0x0d, 0xfd, 0x0d, 0xfd, 0xfd, 0xfd, 0x2c, 0xfd, 0xfd, 0xfd, 0xfd, 0xfd, 0xfd, 0xfd, 0xfd, 0xfd, 0xfd, 0xfd, 0xfd, 0x2a, 0x2a, 0x2a, 0x2a, 0x2a, 0x2b, 0x2a, 0x2a, 0xff, 0xff, 0xee, 0xc9, 0x28, 0x28, 0xc9, 0x28, 0xd0, 0x28, 0xd0, 0x28, 0xd0, 0x28, 0xc9, 0x28, 0x28, 0x28, 0xc9, 0x28, 0xd0, 0x28, 0xc9, 0x28, 0xc9, 0x28, 0xd0, 0x28, 0xd0, 0x28, 0xd0, 0x28, 0xc9, 0x28, 0x28, 0x28, 0x28, 0x28, 0x28, 0x28, 0x28, 0x28, 0x28, 0x28, 0x28, 0x28, 0x28, 0x28, 0x28, 0x28, 0x28, 0x28, 0x28, 0x28, 0x28, 0x28, 0x28, 0x28, 0x28, 0x28, 0x28, 
  0x28, 0x28, 0x28, 0x28, 0x28, 0x28, 0x28, 0x28, 0x28, 0x28, 0x28, 0x28, 0x28, 0xa1, 0x8e, 0x8f, 0x8e, 0xb6, 0x28, 0x28, 0x28, 0x28, 0x28, 0x28, 0x28, 0x28, 0xcd, 0x00, 0x00, 0x00, 0x00, 0x29, 0xec, 0x28, 0x28, 0x28, 0x28, 0x28, 0x28, 0x28, 0x28, 0xf2, 0x00, 0x00, 0xea, 0x28, 0x28, 0x28, 0x28, 0x28, 0x28, 0x28, 0x28, 0xbc, 0x8e, 0x8e, 0x8f, 0x8e, 0x79, 0x00, 0x00, 0x00, 0x00, 0x00, 0x00, 0x00, 0x00, 0x00, 0x00, 0x00, 0x00, 0x00, 0x00, 0xdf, 0x28, 0x29, 0x00, 0x09, 0x28, 0x28, 0x28, 0x28, 0x28, 0x28, 0x28, 0x28, 0x28, 0x28, 0x28, 0x28, 0xe5, 0x02, 0x00, 0x00, 0x00, 0x00, 0x00, 0x00, 0x00, 0x02, 0x02, 0x00, 0x00, 0x00, 0x0a, 0x28, 0x28, 0x28, 0xf0, 0x16, 0xf6, 0xfb, 0xf8, 0xfe, 0x34, 0x0e, 0xdc, 0xfe, 0x03, 0x00, 0x00, 0x00, 0x00, 0x00, 0x05, 0xd3, 0xd3, 0xd3, 0xd3, 0xe3, 0xd5, 0xd3, 0xca, 0x18, 0xf3, 0xe4, 0x1f, 0x28, 0x19, 0xe2, 0xca, 0xd3, 0xd3, 0xd3, 0xd3, 0xd3, 0xd4, 0xe1, 0xf3, 0x19, 0xcf, 0x28, 0x28, 0xc9, 0xb6, 0xa6, 0xb9, 0x8f, 0x8e, 0x97, 0xac, 0xbb, 0xc9, 0xd0, 0x1f, 0xe5, 0x10, 0xd3, 0xd3, 0xd3, 0xd4, 0xe1, 0xd1, 0x1f, 0x26, 0xd0, 0xfc, 0xd3, 0xdb, 0xc9, 0xa5, 0x97, 0x28, 0x28, 0x28, 0x28, 0x28, 0x28, 0x28, 0x28, 0xbc, 0x8f, 0x8e, 0x8e, 0x8f, 0xac, 0x28, 0x28, 0x28, 0x28, 0x28, 0x28, 0x28, 0x28, 0xd0, 0x01, 0x00, 0x2a, 0x28, 0x28, 0x28, 0x28, 0x28, 0x28, 0x28, 0x28, 0xd9, 0x00, 0x00, 0x01, 0x24, 0x28, 0x28, 0x28, 0x28, 0x28, 0x28, 0x28, 0x28, 0x28, 0x28, 0xc0, 0x8e, 0x8f, 0x8e, 0x8f, 0xc5, 0x28, 0x28, 0x28, 0x28, 0x28, 0x28, 0x28, 0x28, 0x28, 0x28, 0x28, 0x28, 0x28, 0x28, 0x28, 0x28, 0x28, 0x28, 0x28, 0x28, 0x28, 0x28, 0x28, 0x28, 0x28, 0x28, 0x28, 0x28, 0x28, 0x28, 0x28, 0x28, 0x28, 0x28, 0x28, 0x28, 0x28, 0x28, 0x28, 0x28, 0x28, 0x28, 0x28, 0x28, 0x28, 0x28, 0x28, 0x28, 0x28, 0x28, 0x28, 0x28, 0x28, 0x28, 0x28, 0x28, 0x28, 0x28, 0x28, 0x28, 0x28, 0x28, 0x28, 0x28, 0x28, 0x28, 0x28, 0x28, 0x28, 0x28, 0x28, 0x28, 0x28, 0x28, 0x28, 0x28, 0x28, 0x28, 0x28, 0x28, 0x28, 0x28, 0xad, 0xa3, 0xb1, 0xc7, 0x28, 0x28, 0x28, 0x28, 0x28, 0x28, 0x28, 0x28, 0x28, 0x28, 0x28, 0x28, 0x28, 0x28, 0x28, 0x28, 0x28, 0x28, 0x28, 0x28, 0x28, 0x28, 0x28, 0x28, 0xc9, 0x28, 0xc9, 0x28, 0xc9, 0x28, 0x28, 0xc9, 0x21, 0x31, 0xca, 0x2f, 0x30, 0x7b, 0x7a, 0x30, 0x31, 0x7a, 0x31, 0x31, 0x31, 0x7d, 0x31, 0x7d, 0x31, 0x31, 0x7a, 0x2c, 0x2d, 0x2e, 0x2d, 0x2f, 0x2d, 0x2e, 0x2d, 0xfd, 0xfd, 0xfd, 0xfd, 0xfd, 0xfd, 0x2e, 0x2e, 0x2e, 0xfd, 0xfd, 0xfd, 0xfd, 0xfd, 0x0d, 0xfd, 0xfd, 0xfd, 0xfd, 0xfd, 0x0d, 0xfd, 0x2e, 0x2e, 0xfd, 0xfd, 0xfd, 0x2e, 0xfd, 0x2b, 0x2a, 0x2a, 0x2b, 0xff, 0x2b, 0x2a, 0x2b, 0xff, 0xff, 0x0c, 0x28, 0x28, 0xc9, 0x28, 0xc9, 0x28, 0xd0, 0x28, 0xd0, 0x28, 0xd0, 0x28, 0x28, 0x28, 0xd0, 0x28, 0xc9, 0x28, 0xd0, 0x28, 0xd0, 0x28, 0xc9, 0x28, 0xc9, 0x28, 0xd0, 0x28, 0xd0, 0x28, 0x28, 0x28, 0x28, 0x28, 0x28, 0x28, 0x28, 0x28, 0x28, 0x28, 0x28, 0x28, 0x28, 0x28, 0x28, 0x28, 0x28, 0x28, 0x28, 0x28, 0x28, 0x28, 0x28, 0x28, 0x28, 0x28, 0x28, 0x28, 
  0x28, 0x28, 0x28, 0x28, 0x28, 0x28, 0x28, 0x28, 0x28, 0x28, 0x28, 0x28, 0xbf, 0x8f, 0x8f, 0x8f, 0x8f, 0xc1, 0x28, 0x28, 0x28, 0x28, 0x28, 0x28, 0x28, 0x28, 0xcc, 0x0a, 0x00, 0x00, 0x00, 0x00, 0x00, 0xf8, 0xee, 0x28, 0x28, 0x28, 0x28, 0x28, 0x28, 0x08, 0x00, 0x03, 0xc9, 0x28, 0x28, 0x28, 0x28, 0x28, 0x28, 0x28, 0x28, 0xa3, 0x8f, 0x8e, 0x8e, 0x89, 0x72, 0x00, 0x00, 0x00, 0x00, 0x00, 0x00, 0x00, 0x00, 0x00, 0x00, 0x00, 0x00, 0x00, 0x00, 0x00, 0xea, 0x01, 0x00, 0x0b, 0x28, 0x28, 0x28, 0x28, 0x28, 0x28, 0x28, 0x28, 0x28, 0x28, 0xd0, 0xf2, 0x00, 0x00, 0x00, 0x00, 0x00, 0x00, 0x00, 0x00, 0x00, 0xea, 0xc9, 0xce, 0xe4, 0x0d, 0x0c, 0x28, 0x28, 0x28, 0x28, 0x28, 0x28, 0x28, 0x28, 0x28, 0x28, 0x28, 0x28, 0x28, 0xcb, 0x01, 0x00, 0x00, 0x00, 0x00, 0x04, 0xd3, 0xd3, 0xd3, 0xd3, 0xd3, 0xd3, 0xd3, 0xd7, 0x28, 0x19, 0xd3, 0xd3, 0x13, 0x1f, 0x28, 0xee, 0xe0, 0xd4, 0xd3, 0xd3, 0xd3, 0xd3, 0xd3, 0xd3, 0xd3, 0xd3, 0xde, 0xfc, 0x1e, 0x23, 0xd0, 0x28, 0xbc, 0xbb, 0xc9, 0x25, 0x1e, 0xf6, 0x31, 0xd3, 0xd3, 0xd3, 0xd7, 0x12, 0xe9, 0x26, 0x24, 0x1e, 0xe6, 0xd4, 0x1d, 0x28, 0xdb, 0xd3, 0xe9, 0xbd, 0xbc, 0x28, 0x28, 0x28, 0x28, 0x28, 0x28, 0x28, 0x28, 0x28, 0xa6, 0x8e, 0x8f, 0x8e, 0x8f, 0xc4, 0x28, 0x28, 0x28, 0x28, 0x28, 0x28, 0x28, 0x28, 0x03, 0x00, 0x06, 0xf0, 0x28, 0x28, 0x28, 0x28, 0xd0, 0xec, 0x08, 0x00, 0x00, 0x00, 0x0d, 0x28, 0x28, 0x28, 0x28, 0x28, 0x28, 0x28, 0x28, 0x28, 0x28, 0x28, 0x28, 0x97, 0x8e, 0x8f, 0x8e, 0xa3, 0x28, 0x28, 0x28, 0x28, 0x28, 0x28, 0x28, 0x28, 0x28, 0x28, 0x28, 0x28, 0x28, 0x28, 0x28, 0x28, 0x28, 0x28, 0x28, 0x28, 0x28, 0x28, 0x28, 0x28, 0x28, 0x28, 0x28, 0x28, 0x28, 0x28, 0x28, 0x28, 0x28, 0x28, 0x28, 0x28, 0x28, 0x28, 0x28, 0x28, 0x28, 0x28, 0x28, 0x28, 0x28, 0x28, 0x28, 0x28, 0x28, 0x28, 0x28, 0x28, 0x28, 0x28, 0x28, 0x28, 0x28, 0x28, 0x28, 0x28, 0x28, 0x28, 0x28, 0x28, 0x28, 0x28, 0x28, 0x28, 0x28, 0x28, 0x28, 0x28, 0x28, 0x28, 0x28, 0x28, 0x28, 0x28, 0x28, 0x28, 0x28, 0x28, 0x28, 0x28, 0x28, 0x28, 0x28, 0x28, 0x28, 0x28, 0x28, 0x28, 0x28, 0x28, 0x28, 0x28, 0x28, 0x28, 0x28, 0x28, 0x28, 0x28, 0x28, 0x28, 0x28, 0x28, 0x28, 0x28, 0x28, 0x28, 0x28, 0xc9, 0x28, 0xd0, 0x28, 0xd0, 0x28, 0x28, 0x2f, 0x7a, 0x30, 0x7a, 0x7a, 0x7a, 0x31, 0x7a, 0x7a, 0x31, 0x7d, 0x31, 0x31, 0x31, 0x31, 0x7d, 0x31, 0x31, 0x7a, 0x2d, 0x2d, 0x2d, 0x2f, 0x2e, 0x2f, 0x2d, 0x2f, 0xfd, 0xfd, 0xfd, 0xfd, 0xfd, 0xfd, 0xfd, 0x2e, 0x2e, 0xfd, 0xfd, 0xfd, 0x0d, 0xfd, 0xfd, 0x2e, 0xfd, 0xfd, 0xfd, 0x0d, 0x2c, 0xfd, 0xfd, 0xfd, 0xfd, 0xfd, 0x2e, 0x2e, 0x2e, 0x2a, 0x2b, 0x2b, 0x2b, 0x2b, 0x2c, 0x2b, 0x2a, 0x2b, 0xff, 0xff, 0xd0, 0x28, 0x28, 0xd0, 0x28, 0xd0, 0x28, 0xd0, 0x28, 0xc9, 0x28, 0xc9, 0x28, 0xc9, 0x28, 0xc9, 0x28, 0xd0, 0x28, 0xc9, 0x28, 0xc9, 0x28, 0xd0, 0x28, 0xd0, 0x28, 0xd0, 0x28, 0xc9, 0x28, 0x28, 0x28, 0x28, 0x28, 0x28, 0x28, 0x28, 0x28, 0x28, 0x28, 0x28, 0x28, 0x28, 0x28, 0x28, 0x28, 0x28, 0x28, 0x28, 0x28, 0x28, 0x28, 0x28, 0x28, 0x28, 0x28, 0x28, 
  0x28, 0x28, 0x28, 0x28, 0x28, 0x28, 0x28, 0x28, 0x28, 0x28, 0x28, 0x28, 0xac, 0x8f, 0x8e, 0x8f, 0x9f, 0x28, 0x28, 0x28, 0x28, 0x28, 0x28, 0x28, 0x28, 0x28, 0x28, 0x28, 0xd1, 0x0a, 0x01, 0x00, 0x00, 0x00, 0x00, 0x7a, 0xee, 0x28, 0x28, 0x28, 0xe6, 0x00, 0x00, 0xec, 0x28, 0x28, 0x28, 0x28, 0x28, 0x28, 0x28, 0x28, 0xb1, 0x8e, 0x8e, 0x8e, 0x8e, 0x74, 0x00, 0x00, 0x00, 0x00, 0x00, 0x00, 0x00, 0x00, 0x00, 0x00, 0x00, 0x00, 0x00, 0x00, 0x00, 0x00, 0x00, 0x00, 0x00, 0x29, 0x28, 0x28, 0x28, 0x28, 0x28, 0x28, 0x28, 0x28, 0x28, 0x24, 0xfd, 0x00, 0x00, 0x00, 0x00, 0x00, 0x06, 0x08, 0x08, 0x07, 0x07, 0x09, 0xcb, 0x28, 0x28, 0x28, 0x28, 0x28, 0x28, 0x28, 0x28, 0x28, 0x28, 0x28, 0x28, 0x28, 0x28, 0x28, 0x28, 0x28, 0xf9, 0x00, 0x00, 0x00, 0x00, 0x00, 0x05, 0xd3, 0xd3, 0xd3, 0xd3, 0xd3, 0xd3, 0xd3, 0xd3, 0xd9, 0xd4, 0xd3, 0xd3, 0xe0, 0xd2, 0xd7, 0x18, 0xcf, 0xcf, 0xfa, 0xd8, 0xd3, 0xd3, 0xd3, 0xd3, 0xd3, 0xd3, 0xd3, 0xd3, 0xd3, 0xd3, 0xd4, 0xea, 0x26, 0x25, 0xe2, 0xd3, 0xd3, 0xd3, 0xd7, 0xdb, 0xfb, 0xcd, 0x24, 0xef, 0xe6, 0xdb, 0xd5, 0xdc, 0xd4, 0xd3, 0xd4, 0xce, 0xe8, 0xd3, 0xd4, 0x28, 0x28, 0x28, 0x28, 0x28, 0x28, 0x28, 0x28, 0x28, 0x28, 0x28, 0xc9, 0x91, 0x8e, 0x8f, 0x8e, 0x94, 0xc9, 0x28, 0x28, 0x28, 0x28, 0x28, 0x28, 0x28, 0x1b, 0x01, 0x00, 0x0a, 0xcb, 0xce, 0x20, 0x18, 0x0b, 0x00, 0x00, 0x00, 0x00, 0x0a, 0x24, 0x28, 0x28, 0x28, 0x28, 0x28, 0x28, 0x28, 0x28, 0x28, 0x28, 0x28, 0x28, 0xba, 0x8e, 0x8f, 0x8e, 0x91, 0x28, 0x28, 0x28, 0x28, 0x28, 0x28, 0x28, 0x28, 0x28, 0x28, 0x28, 0x28, 0x28, 0x28, 0x28, 0x28, 0x28, 0x28, 0x28, 0x28, 0x28, 0x28, 0x28, 0x28, 0x28, 0x28, 0x28, 0x28, 0x28, 0x28, 0x28, 0x28, 0x28, 0x28, 0x28, 0x28, 0x28, 0x28, 0x28, 0x28, 0x28, 0x28, 0x28, 0x28, 0x28, 0x28, 0x28, 0x28, 0x28, 0xb2, 0x97, 0x97, 0xbc, 0x28, 0x28, 0x28, 0x28, 0x28, 0x28, 0x28, 0x28, 0x28, 0x28, 0x28, 0x28, 0x28, 0x28, 0x28, 0x28, 0x28, 0x28, 0x28, 0x28, 0x28, 0x28, 0x28, 0x28, 0x28, 0x28, 0x28, 0x28, 0x28, 0x28, 0x28, 0x28, 0x28, 0x28, 0x28, 0x28, 0x28, 0x28, 0x28, 0x28, 0x28, 0x28, 0x28, 0x28, 0x28, 0x28, 0x28, 0x28, 0x28, 0x28, 0x28, 0x28, 0x28, 0x28, 0xb8, 0x97, 0xaa, 0xc9, 0x28, 0xd0, 0x28, 0xc9, 0x28, 0xd0, 0x8a, 0x8c, 0x83, 0x7a, 0x7a, 0x7a, 0x7a, 0x7a, 0x31, 0x31, 0x31, 0x31, 0x7d, 0x7a, 0x31, 0x31, 0x31, 0x7d, 0x7a, 0x31, 0x2c, 0x2d, 0x2d, 0x2d, 0x2e, 0x2d, 0x2d, 0x2e, 0xfd, 0xfd, 0x2d, 0xfd, 0x0d, 0xfd, 0xfd, 0x2e, 0xfd, 0xfd, 0xfd, 0xfd, 0xfd, 0xfd, 0xfd, 0xfd, 0x2c, 0xfd, 0x2c, 0xfd, 0xfd, 0x0d, 0xfd, 0x2c, 0x2c, 0xfd, 0xfd, 0xfd, 0x30, 0x2a, 0x2b, 0x2b, 0x2b, 0x2c, 0x2b, 0x2b, 0x2b, 0xff, 0xff, 0xff, 0x13, 0x28, 0xc9, 0x28, 0xc9, 0x28, 0xc9, 0x28, 0xd0, 0x28, 0xd0, 0x28, 0xd0, 0x28, 0xd0, 0x28, 0xc9, 0x28, 0xd0, 0x28, 0xd0, 0x28, 0xc9, 0x28, 0xc9, 0x28, 0xd0, 0x28, 0xd0, 0x28, 0x28, 0x28, 0x28, 0x28, 0x28, 0x28, 0x28, 0x28, 0x28, 0x28, 0x28, 0x28, 0x28, 0x28, 0x28, 0x28, 0x28, 0x28, 0x28, 0x28, 0x28, 0x28, 0x28, 0x28, 0x28, 0x28, 0x28, 0x28, 
  0x28, 0x28, 0x28, 0x28, 0x28, 0x28, 0x28, 0x28, 0x28, 0x28, 0x28, 0x28, 0x8f, 0x8f, 0x8e, 0x8f, 0xc0, 0x28, 0x28, 0x28, 0x28, 0x28, 0x28, 0x28, 0x28, 0x28, 0x28, 0x28, 0x28, 0x28, 0xcc, 0x03, 0x01, 0x00, 0x00, 0x00, 0x00, 0x0a, 0xf0, 0xd0, 0x00, 0x00, 0x2f, 0x28, 0x28, 0x28, 0x28, 0x28, 0x28, 0x28, 0x28, 0xc7, 0x8f, 0x8f, 0x8e, 0x8e, 0x79, 0x00, 0x00, 0x00, 0x00, 0x00, 0x00, 0x00, 0x00, 0x00, 0x00, 0x00, 0x00, 0x00, 0x00, 0x00, 0x00, 0x00, 0x00, 0x00, 0x00, 0x0d, 0x28, 0x28, 0x28, 0x28, 0x28, 0x28, 0x28, 0x28, 0x28, 0x08, 0x00, 0x00, 0x00, 0x00, 0x00, 0x00, 0x17, 0x28, 0x28, 0x28, 0x28, 0x28, 0x28, 0x28, 0x28, 0x28, 0x28, 0x28, 0x28, 0x28, 0xf0, 0xfc, 0x7d, 0x06, 0x07, 0xfe, 0x1b, 0x24, 0x25, 0x0a, 0x00, 0x00, 0x00, 0x00, 0x00, 0x00, 0x05, 0xd3, 0xd3, 0xd3, 0xd3, 0xd3, 0xd3, 0xd3, 0xd3, 0xd3, 0xd3, 0xd3, 0xd3, 0xfb, 0xcf, 0xd3, 0xd3, 0xd3, 0xf9, 0xf0, 0x28, 0xed, 0xd6, 0xca, 0xd3, 0xd3, 0xd3, 0xd3, 0xd3, 0xd3, 0xd3, 0xd3, 0xd3, 0xdb, 0x26, 0x23, 0xd5, 0xda, 0x24, 0xd0, 0x26, 0xd1, 0xd8, 0xd5, 0xd4, 0xd3, 0xd3, 0xf4, 0x28, 0xde, 0xd3, 0xd3, 0xe6, 0x26, 0xd4, 0xd3, 0xd2, 0x28, 0x28, 0x28, 0x28, 0x28, 0x28, 0x28, 0x28, 0x28, 0x28, 0x28, 0xbb, 0x8e, 0x8e, 0x8e, 0x8e, 0xb7, 0x28, 0x28, 0x28, 0x28, 0x28, 0x28, 0x28, 0x28, 0x11, 0x00, 0x00, 0x00, 0x00, 0x00, 0x00, 0x00, 0x00, 0x00, 0x01, 0xf1, 0x28, 0x28, 0x28, 0x28, 0x28, 0x28, 0x28, 0x28, 0x28, 0x28, 0x28, 0x28, 0x28, 0x28, 0x28, 0x8f, 0x8e, 0x8f, 0x8e, 0xc1, 0x28, 0x28, 0x28, 0x28, 0x28, 0x28, 0x28, 0x28, 0x28, 0x28, 0x28, 0x28, 0x28, 0x28, 0x28, 0x28, 0x28, 0x28, 0x28, 0x28, 0x28, 0x28, 0x28, 0x28, 0x28, 0x28, 0x28, 0x28, 0x28, 0x28, 0x28, 0x28, 0x28, 0x28, 0x28, 0x28, 0x28, 0x28, 0x28, 0x28, 0x28, 0x28, 0x28, 0x28, 0x28, 0x28, 0x28, 0x28, 0x90, 0x8e, 0x8e, 0xa5, 0x28, 0x28, 0x28, 0x28, 0x28, 0x28, 0x28, 0x28, 0x28, 0x28, 0x28, 0x28, 0x28, 0x28, 0x28, 0x28, 0x28, 0x28, 0x28, 0x28, 0x28, 0x28, 0x28, 0x28, 0x28, 0x28, 0x28, 0x28, 0x28, 0x28, 0x28, 0x28, 0x28, 0x28, 0x28, 0x28, 0x28, 0x28, 0x28, 0x28, 0x28, 0x28, 0x28, 0x28, 0x28, 0x28, 0x28, 0x28, 0x28, 0x28, 0x28, 0x28, 0x28, 0x28, 0xb2, 0x8e, 0x8f, 0xb8, 0xd0, 0x28, 0xc9, 0x28, 0xd0, 0xdf, 0x8c, 0x8e, 0x87, 0x7a, 0x7a, 0x31, 0x30, 0x31, 0x31, 0x7a, 0x7d, 0x31, 0xd5, 0x31, 0x31, 0x31, 0xd5, 0x7a, 0x31, 0x2f, 0x2d, 0x2d, 0x2d, 0x2e, 0x2d, 0x2e, 0x2e, 0x2e, 0x2d, 0xfd, 0x2d, 0x2c, 0xfd, 0xfd, 0xfd, 0xfd, 0xfd, 0xfd, 0xfd, 0x2e, 0xfd, 0xfd, 0xfd, 0xfd, 0x2c, 0x0d, 0xfd, 0x2c, 0x0d, 0xfd, 0x2c, 0x0d, 0x0d, 0xfd, 0x2d, 0x2e, 0x2f, 0x2b, 0x2b, 0x2b, 0x2b, 0x2b, 0x2b, 0x2b, 0xff, 0x2a, 0xff, 0x2a, 0x2b, 0x28, 0xd0, 0x28, 0xd0, 0x28, 0xd0, 0x28, 0xc9, 0x28, 0xc9, 0x28, 0xc9, 0x28, 0xc9, 0x28, 0xd0, 0x28, 0xc9, 0x28, 0xc9, 0x28, 0xd0, 0x28, 0xd0, 0x28, 0xc9, 0x28, 0xc9, 0x28, 0x28, 0x28, 0x28, 0x28, 0x28, 0x28, 0x28, 0x28, 0x28, 0x28, 0x28, 0x28, 0x28, 0x28, 0x28, 0x28, 0x28, 0x28, 0x28, 0x28, 0x28, 0x28, 0x28, 0x28, 0x28, 0x28, 0x28, 0x28, 
  0x28, 0x28, 0x28, 0x28, 0x28, 0x28, 0x28, 0x28, 0x28, 0x28, 0x28, 0xb9, 0x8e, 0x8f, 0x8e, 0x91, 0x28, 0x28, 0x28, 0x28, 0x28, 0x28, 0x28, 0x28, 0x28, 0x28, 0x28, 0x28, 0x28, 0x28, 0x28, 0x28, 0xcc, 0x00, 0x00, 0x00, 0x00, 0x00, 0x00, 0x0a, 0x00, 0x00, 0xef, 0x28, 0x28, 0x28, 0x28, 0x28, 0x28, 0x28, 0x28, 0x91, 0x8f, 0x8e, 0x8e, 0x8f, 0x71, 0x00, 0x00, 0x00, 0x00, 0x00, 0x00, 0x00, 0x00, 0x00, 0x00, 0x00, 0x00, 0x00, 0x00, 0x00, 0x00, 0x00, 0x00, 0x00, 0x00, 0x2f, 0x28, 0x28, 0x28, 0x28, 0x28, 0x28, 0x28, 0x28, 0x0b, 0x00, 0x00, 0x00, 0x0b, 0xdb, 0x32, 0x0d, 0xed, 0x28, 0x28, 0x28, 0x28, 0x28, 0x28, 0x28, 0x28, 0x28, 0x28, 0x28, 0x28, 0xd0, 0x01, 0x00, 0x00, 0x00, 0x00, 0x00, 0x00, 0x00, 0x00, 0x00, 0x00, 0x00, 0x00, 0x00, 0x00, 0x00, 0x04, 0xd3, 0xd3, 0xd3, 0xd3, 0xd3, 0xd3, 0xd3, 0xd3, 0xd3, 0xd3, 0xd3, 0xd3, 0xd3, 0xd3, 0xd3, 0xd3, 0xfa, 0x28, 0xf1, 0xdd, 0xd0, 0x28, 0xcc, 0xd4, 0xd3, 0xd3, 0xd3, 0xd3, 0xd3, 0xd3, 0x2f, 0xd3, 0xd3, 0xd4, 0xcd, 0x28, 0x28, 0xf2, 0xd4, 0xd3, 0xd3, 0xde, 0x28, 0x19, 0xd3, 0xd3, 0xd6, 0xd1, 0xca, 0xd3, 0xd3, 0xd3, 0xcf, 0xea, 0xd3, 0xe1, 0x28, 0x28, 0x28, 0x28, 0x28, 0x28, 0x28, 0x28, 0x28, 0x28, 0x28, 0x28, 0x8f, 0x8e, 0x8e, 0x8f, 0x8e, 0xc5, 0x28, 0x28, 0x28, 0x28, 0x28, 0x28, 0x28, 0x28, 0x2f, 0x00, 0x00, 0x00, 0x00, 0x00, 0x00, 0x00, 0x04, 0x27, 0x28, 0x28, 0x28, 0x28, 0x28, 0x28, 0x28, 0x28, 0x28, 0x28, 0x28, 0x28, 0x28, 0x28, 0x28, 0x28, 0xae, 0x8f, 0x8e, 0x8e, 0x94, 0x28, 0x28, 0x28, 0x28, 0x28, 0x28, 0x28, 0x28, 0x28, 0x28, 0x28, 0x28, 0x28, 0x28, 0x28, 0x28, 0x28, 0x28, 0x28, 0x28, 0x28, 0x28, 0x28, 0x28, 0x28, 0x28, 0x28, 0x28, 0x28, 0x28, 0x28, 0x28, 0x28, 0x28, 0x28, 0x28, 0x28, 0x28, 0x28, 0x28, 0x28, 0x28, 0x28, 0x28, 0x28, 0x28, 0x28, 0xbc, 0x8e, 0x8e, 0x8e, 0x8e, 0xc6, 0x28, 0x28, 0x28, 0x28, 0x28, 0x28, 0x28, 0x28, 0x28, 0x28, 0x28, 0x28, 0x28, 0x28, 0x28, 0x28, 0x28, 0x28, 0x28, 0x28, 0x28, 0x28, 0x28, 0x28, 0x28, 0x28, 0x28, 0x28, 0x28, 0x28, 0x28, 0x28, 0x28, 0x28, 0x28, 0x28, 0x28, 0x28, 0x28, 0x28, 0x28, 0x28, 0x28, 0x28, 0x28, 0x28, 0x28, 0x28, 0x28, 0x28, 0x28, 0x28, 0x28, 0xb2, 0x8e, 0x8f, 0x8f, 0xc4, 0xd0, 0x28, 0xd0, 0x28, 0x7a, 0x8c, 0x8e, 0x87, 0x7a, 0x7a, 0x7a, 0x30, 0x31, 0xd4, 0x31, 0x7a, 0x31, 0x31, 0x7d, 0x7d, 0x31, 0x31, 0xd5, 0x7a, 0x2d, 0x2d, 0x2d, 0x2d, 0x2d, 0x2e, 0x2d, 0x2e, 0x2d, 0x2e, 0x2e, 0xfd, 0xfd, 0xfd, 0xfd, 0xfd, 0xfd, 0xfd, 0x2e, 0xfd, 0xfd, 0x2e, 0x2e, 0xfd, 0x2d, 0xfd, 0xfd, 0x2c, 0x0d, 0x2c, 0x0d, 0xfd, 0x2c, 0xfd, 0xfd, 0xfd, 0xfd, 0x2e, 0x2b, 0x2b, 0x2a, 0x2b, 0x2a, 0x2b, 0x2a, 0x2b, 0xff, 0xff, 0xff, 0x2a, 0xd0, 0x28, 0xd0, 0x28, 0xc9, 0x28, 0xd0, 0x28, 0xd0, 0x28, 0xd0, 0x28, 0xd0, 0x28, 0xc9, 0x28, 0xd0, 0x28, 0xd0, 0x28, 0xc9, 0x28, 0xc9, 0x28, 0xd0, 0x28, 0xd0, 0x28, 0xd0, 0x28, 0x28, 0x28, 0x28, 0x28, 0x28, 0x28, 0x28, 0x28, 0x28, 0x28, 0x28, 0x28, 0x28, 0x28, 0x28, 0x28, 0x28, 0x28, 0x28, 0x28, 0x28, 0x28, 0x28, 0x28, 0x28, 0x28, 0x28, 
  0x28, 0x28, 0x28, 0x28, 0x28, 0x28, 0x28, 0x28, 0x28, 0x28, 0x28, 0xa9, 0x8e, 0x8e, 0x8f, 0xb2, 0x28, 0x28, 0x28, 0x28, 0x28, 0x28, 0x28, 0x28, 0x28, 0x28, 0x28, 0x28, 0x28, 0x28, 0x28, 0x28, 0x28, 0x26, 0x19, 0x0a, 0x00, 0x00, 0x00, 0x00, 0x00, 0x2e, 0x28, 0x28, 0x28, 0x28, 0x28, 0x28, 0x28, 0x28, 0xc6, 0x8e, 0x8e, 0x8f, 0x8e, 0x76, 0x00, 0x00, 0x00, 0x00, 0x00, 0x00, 0x00, 0x00, 0x00, 0x00, 0x00, 0x00, 0x00, 0x00, 0x00, 0x00, 0x00, 0x00, 0x00, 0x00, 0x00, 0xd5, 0x28, 0x28, 0x28, 0x28, 0x28, 0x28, 0x28, 0x0d, 0x00, 0x00, 0x00, 0x00, 0x0d, 0x28, 0x28, 0x28, 0x28, 0x28, 0x28, 0x28, 0x28, 0x28, 0x28, 0x28, 0x28, 0x28, 0x28, 0x28, 0x28, 0x28, 0x22, 0x21, 0x21, 0x21, 0x1b, 0x7f, 0x00, 0x00, 0x00, 0x00, 0x00, 0x00, 0x00, 0x00, 0x00, 0x00, 0x05, 0xd3, 0xd3, 0xd3, 0xd3, 0xd3, 0xd3, 0xd3, 0xd3, 0xd3, 0xd3, 0xd3, 0xd3, 0xd3, 0xd3, 0xd3, 0xd3, 0xf3, 0x27, 0xe0, 0xd3, 0xd4, 0xd9, 0x16, 0x28, 0x23, 0xe3, 0xd3, 0xd3, 0xd3, 0xd3, 0xd3, 0xd3, 0xd3, 0xd3, 0xd4, 0xfa, 0x28, 0x24, 0x24, 0xdd, 0xd3, 0xd4, 0xe7, 0xe0, 0xd3, 0xd3, 0xd3, 0xd3, 0xd3, 0xd3, 0xd3, 0xd3, 0xfc, 0xcc, 0xd3, 0xd6, 0x28, 0x28, 0x28, 0x28, 0x28, 0x28, 0x28, 0x28, 0x28, 0x28, 0x28, 0x28, 0xc5, 0x8f, 0x8e, 0x8e, 0x8e, 0xb5, 0x28, 0x28, 0x28, 0x28, 0x28, 0x28, 0x28, 0x28, 0xd0, 0x1b, 0x29, 0x00, 0x00, 0x01, 0xd9, 0xce, 0x28, 0x28, 0x28, 0x28, 0x28, 0x28, 0x28, 0x28, 0x28, 0x28, 0x28, 0x28, 0x28, 0x28, 0x28, 0x28, 0x28, 0x28, 0xc5, 0x8f, 0x8f, 0x8e, 0x8f, 0xc9, 0x28, 0x28, 0x28, 0x28, 0x28, 0x28, 0x28, 0x28, 0x28, 0x28, 0x28, 0x28, 0x28, 0x28, 0x28, 0x28, 0x28, 0x28, 0x28, 0x28, 0x28, 0x28, 0x28, 0x28, 0x28, 0x28, 0x28, 0x28, 0x28, 0x28, 0x28, 0x28, 0x28, 0x28, 0x28, 0x28, 0x28, 0x28, 0x28, 0x28, 0x28, 0x28, 0x28, 0x28, 0x28, 0x28, 0xa9, 0x8f, 0x91, 0x8f, 0x8e, 0xb6, 0x28, 0x28, 0x28, 0x28, 0x28, 0x28, 0x28, 0x28, 0x28, 0x28, 0x28, 0x28, 0x28, 0x28, 0x28, 0x28, 0x28, 0x28, 0x28, 0x28, 0x28, 0x28, 0x28, 0x28, 0x28, 0x28, 0x28, 0x28, 0x28, 0x28, 0x28, 0x28, 0x28, 0x28, 0x28, 0x28, 0x28, 0x28, 0x28, 0x28, 0x28, 0x28, 0x28, 0x28, 0x28, 0x28, 0x28, 0x28, 0x28, 0x28, 0x28, 0x28, 0x28, 0xb2, 0x8e, 0x8f, 0x8e, 0x9e, 0x28, 0xc9, 0x28, 0x28, 0x30, 0x8c, 0x8e, 0x87, 0x7a, 0x31, 0x7a, 0x31, 0x30, 0x31, 0x7a, 0xd5, 0x31, 0x31, 0x7d, 0x31, 0x31, 0x31, 0x31, 0x31, 0x2d, 0x2d, 0x2d, 0x2d, 0x2f, 0x2d, 0x2f, 0x2d, 0x2e, 0x2d, 0x2e, 0x2d, 0xfd, 0x2e, 0xfd, 0x0d, 0xfd, 0xfd, 0xfd, 0xfd, 0x2e, 0xfd, 0xfd, 0x2e, 0xfd, 0xfd, 0xfd, 0xfd, 0x2c, 0xfd, 0x0d, 0xfd, 0x0d, 0xfd, 0xfd, 0xfd, 0x2e, 0x2c, 0xff, 0x2b, 0x2b, 0x2a, 0x2a, 0xff, 0xff, 0x2a, 0x2a, 0xff, 0xff, 0xff, 0xff, 0x28, 0xc9, 0x28, 0xd0, 0x28, 0xc9, 0x28, 0xc9, 0x28, 0xc9, 0x28, 0xc9, 0x28, 0xd0, 0x28, 0x28, 0xc9, 0x28, 0xc9, 0x28, 0xd0, 0x28, 0xd0, 0x28, 0xc9, 0x28, 0xc9, 0x28, 0x28, 0x28, 0x28, 0x28, 0x28, 0x28, 0x28, 0x28, 0x28, 0x28, 0x28, 0x28, 0x28, 0x28, 0x28, 0x28, 0x28, 0x28, 0x28, 0x28, 0x28, 0x28, 0x28, 0x28, 0x28, 0x28, 0x28, 0x28, 
  0x28, 0x28, 0x28, 0x28, 0x28, 0x28, 0x28, 0x28, 0x28, 0x28, 0x28, 0x91, 0x8e, 0x8f, 0x91, 0xc9, 0x28, 0x28, 0x28, 0x28, 0x28, 0x28, 0x28, 0x28, 0x28, 0x28, 0x28, 0x28, 0x28, 0x28, 0x28, 0x28, 0x28, 0x28, 0x28, 0x27, 0x18, 0x09, 0x00, 0x00, 0x00, 0xee, 0x28, 0x28, 0x28, 0x28, 0x28, 0x28, 0x28, 0xc9, 0x9a, 0x8f, 0x8e, 0x8e, 0x80, 0x00, 0x00, 0x00, 0x00, 0x00, 0x00, 0x00, 0x00, 0x00, 0x00, 0x00, 0x00, 0x00, 0x00, 0x00, 0x00, 0x00, 0x00, 0x00, 0x00, 0x00, 0x00, 0xfe, 0x28, 0x28, 0x28, 0x28, 0x28, 0x28, 0x0c, 0x00, 0x00, 0x13, 0x54, 0x1b, 0x21, 0x28, 0x28, 0x28, 0x28, 0x28, 0x28, 0x28, 0x28, 0x28, 0x28, 0x28, 0x28, 0x28, 0x28, 0x28, 0x28, 0x28, 0x28, 0x28, 0x28, 0x28, 0x28, 0x28, 0x23, 0xf7, 0x00, 0x00, 0x00, 0x00, 0x00, 0x00, 0x00, 0x00, 0x04, 0xd3, 0xd3, 0xd3, 0xd3, 0xd3, 0xd3, 0xd3, 0xd3, 0xd3, 0xd3, 0xd3, 0xd3, 0xd3, 0xd3, 0xd3, 0xd3, 0xd3, 0xd3, 0xd3, 0xd3, 0xd8, 0x26, 0xfc, 0xd5, 0xe0, 0xc9, 0xcf, 0x1a, 0xd5, 0xd3, 0xd3, 0xd3, 0xd3, 0xd3, 0xd3, 0xd3, 0xdb, 0xd0, 0x28, 0xf1, 0xd3, 0xd3, 0xd3, 0xd3, 0xd3, 0xd3, 0xd3, 0xd3, 0xd3, 0xd3, 0xd3, 0xd3, 0xf5, 0x28, 0xdc, 0xd3, 0xc9, 0x28, 0x28, 0x28, 0x28, 0x28, 0x28, 0x28, 0x28, 0x28, 0x28, 0x28, 0x28, 0xb1, 0x8e, 0x8f, 0x8e, 0x90, 0xc0, 0x28, 0x28, 0x28, 0x28, 0x28, 0x28, 0x28, 0x28, 0x28, 0x28, 0x26, 0x25, 0xd0, 0x28, 0x28, 0x28, 0x28, 0x28, 0x28, 0xe8, 0x32, 0xfe, 0x1b, 0x28, 0x28, 0x28, 0x28, 0x28, 0x28, 0x28, 0x28, 0x28, 0x28, 0x28, 0xa1, 0x8e, 0x8f, 0x8e, 0xbc, 0x28, 0x28, 0x28, 0x28, 0x28, 0x28, 0x28, 0x28, 0x28, 0x28, 0x28, 0x28, 0x28, 0x28, 0x28, 0x28, 0x28, 0x28, 0x28, 0x28, 0x28, 0x28, 0x28, 0x28, 0x28, 0x28, 0x28, 0x28, 0x28, 0x28, 0x28, 0x28, 0x28, 0x28, 0x28, 0x28, 0x28, 0x28, 0x28, 0x28, 0x28, 0x28, 0x28, 0x28, 0x28, 0xc7, 0x8f, 0x8e, 0xb4, 0xa5, 0x8e, 0x97, 0x28, 0x28, 0x28, 0xc2, 0xb8, 0xb9, 0x28, 0x28, 0x28, 0x28, 0x28, 0x28, 0xc1, 0xb8, 0xba, 0x28, 0x28, 0x28, 0xc4, 0xb7, 0xad, 0xaa, 0xb6, 0xc1, 0x28, 0x28, 0x28, 0x28, 0xc7, 0xb8, 0xb8, 0x28, 0xc2, 0xb7, 0xbd, 0xba, 0xb8, 0xc1, 0x28, 0x28, 0x28, 0x28, 0x28, 0x28, 0xb8, 0xb8, 0xc2, 0x28, 0x28, 0x28, 0x28, 0x28, 0x28, 0xb2, 0x8f, 0x8e, 0x8f, 0x8e, 0xb2, 0x28, 0xd0, 0xc9, 0x31, 0x8c, 0x8e, 0x87, 0x7a, 0x31, 0x7a, 0x31, 0x31, 0x31, 0x31, 0x31, 0x31, 0x31, 0x31, 0x31, 0x7d, 0x7d, 0x31, 0x31, 0x2d, 0x2c, 0x2d, 0x2d, 0x2d, 0x2f, 0x2d, 0x2f, 0x2d, 0x2f, 0x2d, 0x2e, 0xfd, 0xfd, 0xfd, 0xfd, 0x2d, 0xfd, 0x2e, 0xfd, 0xfd, 0x2e, 0xfd, 0xfd, 0xfd, 0x2e, 0xfd, 0x2e, 0x2c, 0xfd, 0x0d, 0x0d, 0x2c, 0xfd, 0xfd, 0xfd, 0xfd, 0x2a, 0x2a, 0xff, 0x2a, 0x2b, 0x2a, 0x2b, 0x2b, 0x2a, 0xff, 0xff, 0x0c, 0xff, 0xff, 0xd0, 0x28, 0x28, 0x28, 0xd0, 0x28, 0xd0, 0x28, 0xd0, 0x28, 0xd0, 0x28, 0xc9, 0x28, 0xd0, 0x28, 0xd0, 0x28, 0x28, 0xc9, 0x28, 0xc9, 0x28, 0xd0, 0x28, 0xd0, 0x28, 0xd0, 0x28, 0x28, 0x28, 0x28, 0x28, 0x28, 0x28, 0x28, 0x28, 0x28, 0x28, 0x28, 0x28, 0x28, 0x28, 0x28, 0x28, 0x28, 0x28, 0x28, 0x28, 0x28, 0x28, 0x28, 0x28, 0x28, 0x28, 0x28, 
  0x28, 0x28, 0x28, 0x28, 0x28, 0x28, 0x28, 0x28, 0x28, 0x28, 0xb9, 0x8e, 0x8e, 0x8e, 0x9c, 0x28, 0x28, 0x28, 0x28, 0x28, 0x28, 0x28, 0x28, 0x28, 0x28, 0x28, 0x28, 0x28, 0x28, 0x28, 0x28, 0x28, 0x28, 0x28, 0x28, 0x28, 0x28, 0x26, 0xfb, 0x02, 0x08, 0x28, 0x28, 0x28, 0x28, 0x28, 0x28, 0x28, 0x28, 0xc2, 0x8e, 0x8e, 0x8e, 0x8f, 0x74, 0x00, 0x00, 0x00, 0x00, 0x00, 0x00, 0x00, 0x00, 0x00, 0x00, 0x00, 0x00, 0x00, 0x00, 0x00, 0x00, 0x00, 0x00, 0x00, 0x00, 0x00, 0x00, 0xd9, 0x28, 0x28, 0x28, 0x28, 0x28, 0xed, 0x00, 0x00, 0x02, 0x27, 0x28, 0x28, 0x28, 0x28, 0x28, 0x28, 0x28, 0x28, 0x28, 0x28, 0x28, 0x28, 0x28, 0x28, 0x28, 0x28, 0x28, 0x28, 0x28, 0x28, 0x28, 0x28, 0x28, 0x28, 0x28, 0x28, 0x28, 0x28, 0xee, 0x08, 0x00, 0x00, 0x00, 0x00, 0x00, 0x00, 0x05, 0xd3, 0xd3, 0xd3, 0xd3, 0xd3, 0xd3, 0xd3, 0xd3, 0xd3, 0xd3, 0xd3, 0xd3, 0xd3, 0xd3, 0xd3, 0xd3, 0xd3, 0xd3, 0xd3, 0xd3, 0xd4, 0xfc, 0xe4, 0xd3, 0xd3, 0xd4, 0xea, 0xef, 0x24, 0xe8, 0xda, 0xd3, 0xd3, 0xd3, 0xd3, 0xd3, 0xd3, 0xdd, 0xcf, 0x27, 0xe2, 0xd3, 0xd3, 0xd3, 0xd3, 0xd3, 0xd3, 0xd3, 0xd3, 0xd3, 0xd3, 0xd3, 0xdc, 0x28, 0xeb, 0xd3, 0xed, 0x28, 0x28, 0x28, 0x28, 0x28, 0x28, 0x28, 0x28, 0x28, 0x28, 0x28, 0x28, 0xc0, 0x8f, 0x8f, 0x8e, 0x8e, 0xb1, 0x28, 0x28, 0x28, 0x28, 0x28, 0x28, 0x28, 0x28, 0x28, 0x28, 0x28, 0x28, 0x28, 0x28, 0x28, 0x28, 0xe7, 0x2f, 0x03, 0x00, 0x00, 0x00, 0x00, 0x0a, 0x16, 0x28, 0x28, 0x28, 0x28, 0x28, 0x28, 0x28, 0x28, 0x28, 0xaf, 0x8e, 0x8e, 0x8f, 0x94, 0x28, 0x28, 0x28, 0x28, 0x28, 0x28, 0x28, 0x28, 0x28, 0x28, 0x28, 0x28, 0x28, 0x28, 0x28, 0x28, 0x28, 0x28, 0x28, 0x28, 0x28, 0x28, 0x28, 0x28, 0x28, 0x28, 0x28, 0x28, 0x28, 0x28, 0x28, 0x28, 0x28, 0x28, 0x28, 0x28, 0x28, 0x28, 0x28, 0x28, 0x28, 0x28, 0x28, 0x28, 0x28, 0xb7, 0x8f, 0x8e, 0xc6, 0xbb, 0x8e, 0x8f, 0xc1, 0x28, 0x28, 0xbf, 0x8e, 0x8e, 0xbd, 0x28, 0x28, 0x28, 0x28, 0x28, 0x9f, 0x8e, 0x9f, 0x28, 0x28, 0xb4, 0x8e, 0x8f, 0x8e, 0x8e, 0x8e, 0x8e, 0xaf, 0x28, 0x28, 0x28, 0xc1, 0x8e, 0x8f, 0xb7, 0x8f, 0x8e, 0xb1, 0xa3, 0x8e, 0x9e, 0x28, 0x28, 0x28, 0x28, 0x28, 0xbe, 0x8e, 0x8e, 0xc0, 0x28, 0x28, 0x28, 0x28, 0x28, 0x28, 0xb2, 0x8e, 0x93, 0xa9, 0x8f, 0x8e, 0xc1, 0x28, 0xd0, 0x31, 0x8c, 0x8e, 0x87, 0x31, 0x31, 0x7a, 0x31, 0x31, 0xd4, 0x31, 0x31, 0x31, 0x31, 0x31, 0x31, 0x7d, 0x7a, 0x7d, 0x31, 0x2d, 0x2d, 0x2d, 0x2d, 0x2e, 0x2d, 0x2f, 0x2d, 0x2f, 0x2d, 0x2e, 0x2d, 0xfd, 0x2e, 0x0d, 0x2c, 0xfd, 0xfd, 0xfd, 0x2e, 0x2e, 0xfd, 0x2e, 0xfd, 0x2e, 0xfd, 0xfd, 0xfd, 0x2c, 0x2c, 0xfd, 0xfd, 0x0d, 0x0d, 0xfd, 0xfd, 0xfd, 0x2a, 0x2a, 0x2b, 0x2a, 0x2a, 0x2b, 0x2a, 0x2a, 0x2b, 0x2a, 0xff, 0x2a, 0xff, 0x0c, 0xf5, 0xc9, 0x28, 0xc9, 0x28, 0xc9, 0x28, 0xc9, 0x28, 0xc9, 0x28, 0xc9, 0x28, 0xd0, 0x28, 0xc9, 0x28, 0x28, 0x28, 0x28, 0xd0, 0x28, 0xd0, 0x28, 0xc9, 0x28, 0xc9, 0x28, 0x28, 0x28, 0x28, 0x28, 0x28, 0x28, 0x28, 0x28, 0x28, 0x28, 0x28, 0x28, 0x28, 0x28, 0x28, 0x28, 0x28, 0x28, 0x28, 0x28, 0x28, 0x28, 0x28, 0x28, 0x28, 0x28, 0x28, 0x28, 
  0x28, 0x28, 0x28, 0x28, 0x28, 0x28, 0x28, 0x28, 0x28, 0x28, 0x9e, 0x8f, 0x8e, 0x8e, 0xad, 0x28, 0x28, 0x28, 0x28, 0x28, 0x28, 0x28, 0x28, 0x28, 0x28, 0x28, 0x28, 0x28, 0x28, 0x28, 0x28, 0x28, 0x28, 0x28, 0x28, 0x28, 0x28, 0x28, 0x28, 0x26, 0x23, 0x28, 0x28, 0x28, 0x28, 0x28, 0x28, 0x28, 0xc9, 0xa3, 0x8f, 0x8f, 0x8f, 0x80, 0x00, 0x00, 0x00, 0x00, 0x00, 0x00, 0x00, 0x00, 0x00, 0x00, 0x00, 0x00, 0x00, 0x00, 0x00, 0x00, 0x00, 0x00, 0x00, 0x00, 0x00, 0x00, 0x00, 0x0e, 0x28, 0x28, 0x28, 0x28, 0xec, 0x01, 0x00, 0x09, 0x29, 0x21, 0x28, 0x28, 0x28, 0x28, 0x28, 0x28, 0x28, 0x28, 0x28, 0x28, 0x28, 0x28, 0x28, 0x28, 0x28, 0x28, 0x28, 0x28, 0x28, 0x28, 0x28, 0x28, 0x28, 0x28, 0x28, 0x28, 0x28, 0x28, 0x28, 0x28, 0x0c, 0x00, 0x00, 0x00, 0x00, 0x00, 0x04, 0xd3, 0xd3, 0xd3, 0xd3, 0xd3, 0xd3, 0xd3, 0xd3, 0xd3, 0xd3, 0xd3, 0xd3, 0xd3, 0xd3, 0xd3, 0xd3, 0xd3, 0xd3, 0xd3, 0xd3, 0xd3, 0xd3, 0xd3, 0xd3, 0xd3, 0xcc, 0x28, 0xdb, 0xe3, 0xcd, 0x28, 0xee, 0xd1, 0xf6, 0xf1, 0xde, 0xdd, 0xd4, 0xd6, 0xed, 0x27, 0xe7, 0xd6, 0xd3, 0xd3, 0xd3, 0xd3, 0xd3, 0xd3, 0xd3, 0xd3, 0xd3, 0xd3, 0x22, 0xcd, 0xd3, 0xf1, 0x28, 0x28, 0x28, 0x28, 0x28, 0x28, 0xc5, 0x28, 0x28, 0x28, 0xc9, 0xb4, 0x94, 0xaf, 0x8f, 0x8e, 0x8f, 0x8f, 0xc0, 0x28, 0x28, 0x28, 0x28, 0x28, 0x28, 0x28, 0x28, 0x28, 0x28, 0x28, 0x28, 0xf0, 0xf9, 0x07, 0x00, 0x00, 0x00, 0x00, 0x00, 0x00, 0x00, 0x00, 0x01, 0xfa, 0x28, 0x28, 0x28, 0x28, 0x28, 0x28, 0x28, 0x28, 0xbf, 0x8e, 0x8f, 0x8f, 0x8e, 0xc7, 0x28, 0x28, 0x28, 0x28, 0x28, 0x28, 0x28, 0x28, 0x28, 0x28, 0x28, 0x28, 0x28, 0x28, 0x28, 0x28, 0x28, 0x28, 0x28, 0x28, 0x28, 0x28, 0x28, 0x28, 0x28, 0x28, 0x28, 0x28, 0x28, 0x28, 0x28, 0x28, 0x28, 0x28, 0x28, 0x28, 0x28, 0x28, 0x28, 0x28, 0x28, 0x28, 0x28, 0x28, 0x9e, 0x8e, 0xa0, 0x28, 0xc9, 0x90, 0x8e, 0xae, 0x28, 0x28, 0x28, 0x97, 0x8e, 0xaa, 0x28, 0x28, 0x28, 0x28, 0xc4, 0x8e, 0x8e, 0xba, 0x28, 0xb1, 0x8e, 0x8e, 0x94, 0xae, 0xaf, 0x9c, 0x8f, 0x8e, 0xae, 0x28, 0x28, 0xc1, 0x8e, 0x8f, 0x8e, 0x8e, 0x8f, 0xb8, 0xbd, 0x8e, 0x8e, 0xc0, 0x28, 0x28, 0x28, 0x28, 0xaa, 0x8f, 0x97, 0x28, 0x28, 0x28, 0x28, 0x28, 0x28, 0x28, 0xb2, 0x8f, 0x91, 0xc7, 0x91, 0x8e, 0x9a, 0xd0, 0x28, 0x7a, 0x8c, 0x8e, 0x87, 0x31, 0x7a, 0x31, 0x7a, 0x7d, 0x31, 0x31, 0xd4, 0x31, 0x7a, 0x31, 0x31, 0x31, 0x31, 0x31, 0x31, 0x2d, 0x2d, 0x2d, 0x2d, 0x2d, 0x2d, 0x2d, 0x2e, 0x2d, 0x2f, 0x2d, 0x2e, 0x2e, 0xfd, 0x0d, 0xfd, 0x2d, 0xfd, 0x2e, 0xfd, 0x2e, 0xfd, 0xfd, 0xfd, 0xfd, 0xfd, 0xfd, 0x2e, 0x2c, 0xfd, 0x2c, 0x2c, 0x0d, 0xfd, 0x2c, 0xfd, 0x2d, 0x2b, 0x2b, 0xff, 0x2b, 0xff, 0x2a, 0xff, 0x2a, 0x2a, 0x2a, 0x2a, 0xff, 0xff, 0xff, 0xff, 0x28, 0xd0, 0x28, 0xd0, 0x28, 0xd0, 0x28, 0xd0, 0x28, 0xd0, 0x28, 0xc9, 0x28, 0xd0, 0x28, 0xd0, 0x28, 0xc9, 0x28, 0xc9, 0x28, 0xc9, 0x28, 0xd0, 0x28, 0xd0, 0x28, 0x28, 0x28, 0x28, 0x28, 0x28, 0x28, 0x28, 0x28, 0x28, 0x28, 0x28, 0x28, 0x28, 0x28, 0x28, 0x28, 0x28, 0x28, 0x28, 0x28, 0x28, 0x28, 0x28, 0x28, 0x28, 0x28, 0x28, 0x28, 
  0x28, 0x28, 0x28, 0x28, 0x28, 0x28, 0x28, 0x28, 0x28, 0x28, 0x90, 0x8e, 0x8f, 0x8e, 0xc1, 0x28, 0x28, 0x28, 0x28, 0x28, 0x28, 0x28, 0x28, 0xf6, 0xdc, 0x0f, 0x10, 0xdf, 0x11, 0xe1, 0xf8, 0x13, 0xf1, 0x14, 0xe3, 0xf3, 0xf4, 0xe5, 0xf9, 0x1e, 0x28, 0x28, 0x28, 0x28, 0x28, 0x28, 0x28, 0x28, 0xbc, 0x8e, 0x8e, 0x8f, 0x8e, 0x74, 0x00, 0x00, 0x00, 0x00, 0x00, 0x00, 0x00, 0x00, 0x00, 0x00, 0x00, 0x00, 0x00, 0x00, 0x00, 0x00, 0x00, 0x00, 0x00, 0x00, 0x00, 0x00, 0x00, 0x0e, 0x28, 0x28, 0x28, 0x18, 0x01, 0x00, 0x0a, 0x28, 0x28, 0x28, 0x28, 0x28, 0x28, 0x28, 0x28, 0x28, 0x28, 0x28, 0x28, 0x28, 0x28, 0x28, 0x28, 0x28, 0x28, 0x28, 0x28, 0x28, 0x28, 0x28, 0x28, 0x28, 0x28, 0x28, 0x28, 0x28, 0x28, 0x28, 0x28, 0x28, 0xe2, 0x00, 0x00, 0x00, 0x00, 0x00, 0x05, 0xd3, 0xd3, 0xd3, 0xd3, 0xd3, 0xd3, 0xd3, 0xd3, 0xd3, 0xd3, 0xd3, 0xd3, 0xd3, 0xd3, 0xd3, 0xd3, 0xd3, 0xd3, 0xd3, 0xd3, 0xd3, 0xd3, 0xd3, 0xd3, 0xd3, 0xdf, 0xeb, 0xd4, 0xe6, 0x28, 0x26, 0x28, 0xd2, 0x25, 0x28, 0x28, 0x28, 0x28, 0xef, 0xed, 0x21, 0x28, 0xcf, 0xd6, 0xd3, 0xd3, 0xd3, 0xd3, 0xd3, 0xd3, 0xd3, 0xd3, 0xd3, 0xec, 0x28, 0xd3, 0xd8, 0x28, 0x28, 0x28, 0x28, 0x28, 0xc1, 0xac, 0x28, 0x28, 0xc9, 0x9f, 0x8f, 0xbe, 0xc9, 0x91, 0x8e, 0x8e, 0x8e, 0xaa, 0x28, 0x28, 0x28, 0x28, 0x28, 0x28, 0x28, 0x28, 0x28, 0x28, 0x28, 0x27, 0x29, 0x00, 0x00, 0x00, 0x00, 0x00, 0x02, 0xfd, 0xd9, 0x08, 0x00, 0x00, 0x02, 0x28, 0x28, 0x28, 0x28, 0x28, 0x28, 0x28, 0x28, 0x28, 0x9e, 0x8e, 0x8e, 0x8f, 0xbc, 0x28, 0x28, 0x28, 0x28, 0x28, 0x28, 0x28, 0x28, 0x28, 0x28, 0x28, 0x28, 0x28, 0x28, 0x28, 0x28, 0x28, 0x28, 0x28, 0x28, 0x28, 0x28, 0x28, 0x28, 0x28, 0x28, 0x28, 0x28, 0x28, 0x28, 0x28, 0x28, 0x28, 0x28, 0x28, 0x28, 0x28, 0x28, 0x28, 0x28, 0x28, 0x28, 0x28, 0xc2, 0x8e, 0x8e, 0xb9, 0x28, 0x28, 0xad, 0x8e, 0x90, 0xc9, 0x28, 0x28, 0xb6, 0x8f, 0x8f, 0xc7, 0x28, 0x28, 0x28, 0xb1, 0x8e, 0x90, 0xc9, 0xc1, 0x8e, 0x8f, 0xa6, 0xc9, 0x28, 0x28, 0x28, 0xae, 0x8e, 0x8f, 0xc0, 0x28, 0xc1, 0x8e, 0x8f, 0x8f, 0xbb, 0xc9, 0x28, 0x28, 0x97, 0x8e, 0xaa, 0x28, 0x28, 0x28, 0xc9, 0x8f, 0x8e, 0xb6, 0x28, 0x28, 0x28, 0x28, 0x28, 0x28, 0x28, 0xb1, 0x8f, 0x91, 0x28, 0xbc, 0x8e, 0x8f, 0xaf, 0x20, 0x31, 0x8c, 0x8e, 0x87, 0x31, 0x7a, 0x31, 0x7a, 0x31, 0xd4, 0x31, 0x31, 0x31, 0x7a, 0x7d, 0x7a, 0x7d, 0x31, 0x31, 0xfd, 0x2c, 0x2d, 0x2d, 0x2d, 0x2d, 0x2d, 0x2d, 0x2e, 0x2d, 0x2e, 0x2f, 0x2d, 0x2d, 0xfd, 0xfd, 0xfd, 0xfd, 0xfd, 0xfd, 0xfd, 0xfd, 0x2e, 0xfd, 0xfd, 0xfd, 0xfd, 0xfd, 0xfd, 0xfd, 0x0d, 0xfd, 0x2c, 0x2e, 0x2c, 0xfd, 0xfd, 0xfd, 0xff, 0xff, 0x2a, 0xff, 0xff, 0xff, 0x2a, 0xff, 0x2b, 0xff, 0x2a, 0x2b, 0xff, 0xff, 0xff, 0x28, 0x28, 0x28, 0x28, 0xc9, 0x28, 0xc9, 0x28, 0xc9, 0x28, 0xc9, 0x28, 0x28, 0x28, 0x28, 0x28, 0x28, 0x28, 0xd0, 0x28, 0xd0, 0x28, 0xd0, 0x28, 0xc9, 0x28, 0x28, 0x28, 0x28, 0x28, 0x28, 0x28, 0x28, 0x28, 0x28, 0x28, 0x28, 0x28, 0x28, 0x28, 0x28, 0x28, 0x28, 0x28, 0x28, 0x28, 0x28, 0x28, 0x28, 0x28, 0x28, 0x28, 0x28, 0x28, 0x28, 
  0x28, 0x28, 0x28, 0x28, 0x28, 0x28, 0x28, 0x28, 0x28, 0xb7, 0x8e, 0x8f, 0x8e, 0xa0, 0x28, 0x28, 0x28, 0x28, 0x28, 0x28, 0x28, 0x28, 0x28, 0x04, 0x00, 0x00, 0x00, 0x00, 0x00, 0x00, 0x00, 0x00, 0x00, 0x00, 0x00, 0x00, 0x00, 0x00, 0x01, 0x26, 0x28, 0x28, 0x28, 0x28, 0x28, 0x28, 0x28, 0x28, 0x9c, 0x8e, 0x8f, 0x8e, 0x89, 0x00, 0x00, 0x00, 0x00, 0x00, 0x00, 0x00, 0x00, 0x00, 0x00, 0x00, 0x00, 0x00, 0x00, 0x00, 0x00, 0x00, 0x00, 0x00, 0x00, 0x00, 0x00, 0x00, 0x00, 0x0e, 0x28, 0x28, 0x23, 0x00, 0x00, 0x01, 0xd0, 0x28, 0x28, 0x28, 0x28, 0x28, 0x28, 0x28, 0x28, 0x28, 0x28, 0x28, 0x28, 0x28, 0x28, 0x28, 0x28, 0x28, 0x28, 0x28, 0x28, 0x28, 0x28, 0x28, 0x28, 0xd0, 0x28, 0x28, 0x28, 0x28, 0x28, 0x28, 0x28, 0x28, 0xf8, 0x00, 0x00, 0x00, 0x00, 0x00, 0x04, 0xd3, 0xd3, 0xd3, 0xd3, 0xd3, 0xd3, 0xd3, 0xd3, 0xd3, 0xd3, 0xd3, 0xd3, 0xd3, 0xd3, 0xd3, 0xd3, 0xd3, 0xd3, 0xd3, 0xd3, 0xd3, 0xd3, 0xf5, 0xea, 0xd3, 0xd3, 0x33, 0xef, 0xf0, 0xf4, 0xdd, 0x28, 0xdb, 0xd5, 0xd5, 0xd9, 0xf3, 0xec, 0xcc, 0xd0, 0x28, 0x28, 0x28, 0xf0, 0xd6, 0xd3, 0xd3, 0xd3, 0xd3, 0xd3, 0xd3, 0xd3, 0xd3, 0xf5, 0x28, 0xd3, 0x33, 0x28, 0x28, 0x28, 0x28, 0xc4, 0x94, 0xae, 0x28, 0xc2, 0x94, 0x8e, 0xb9, 0x28, 0x28, 0xb7, 0x8e, 0x8f, 0x8e, 0x8e, 0xc4, 0x28, 0x28, 0x28, 0x28, 0x28, 0x28, 0x28, 0x28, 0x28, 0x28, 0xf1, 0x00, 0x00, 0x00, 0x00, 0x7d, 0xed, 0x28, 0x28, 0x28, 0x28, 0xe7, 0x00, 0x00, 0x29, 0x28, 0x28, 0x28, 0x28, 0x28, 0x28, 0x28, 0x28, 0xaf, 0x8f, 0x8f, 0x8e, 0x90, 0x28, 0x28, 0x28, 0x28, 0x28, 0x28, 0x28, 0x28, 0x28, 0x28, 0x28, 0x28, 0x28, 0x28, 0x28, 0x28, 0x28, 0x28, 0x28, 0x28, 0x28, 0x28, 0x28, 0x28, 0x28, 0x28, 0x28, 0x28, 0x28, 0x28, 0x28, 0x28, 0x28, 0x28, 0x28, 0x28, 0x28, 0x28, 0x28, 0x28, 0x28, 0x28, 0x28, 0xaf, 0x8f, 0x8f, 0xc7, 0x28, 0x28, 0xbf, 0x8f, 0x8e, 0xbc, 0x28, 0x28, 0xc7, 0x8e, 0x8e, 0xb7, 0x28, 0x28, 0x28, 0x93, 0x8e, 0xaf, 0x28, 0xb1, 0x8f, 0x8e, 0xc5, 0x28, 0x28, 0x28, 0x28, 0xc7, 0x90, 0x8f, 0xae, 0x28, 0xc1, 0x8e, 0x8f, 0xb8, 0x28, 0x28, 0x28, 0x28, 0xb8, 0x8e, 0x8e, 0xc6, 0x28, 0x28, 0xba, 0x8f, 0x8e, 0xc8, 0x28, 0x28, 0x28, 0x28, 0x28, 0x28, 0x28, 0xb2, 0x8e, 0x94, 0xd0, 0x28, 0xad, 0x8e, 0x8e, 0x95, 0x30, 0x8c, 0x8f, 0x87, 0x7a, 0x7a, 0x7a, 0x31, 0x7a, 0x31, 0x31, 0x31, 0x31, 0x31, 0x7a, 0x31, 0x31, 0x7a, 0x31, 0x2c, 0x2d, 0x2d, 0x2d, 0x2d, 0x2d, 0x2d, 0x2d, 0x2c, 0x2d, 0x2e, 0x2d, 0x2d, 0x2e, 0x2c, 0xfd, 0xfd, 0xfd, 0x2e, 0xfd, 0x2e, 0xfd, 0xfd, 0xfd, 0x2c, 0xfd, 0xfd, 0x2c, 0xfd, 0x2c, 0x2c, 0x0d, 0x2c, 0xfd, 0xfd, 0xfd, 0xfd, 0x2e, 0x2a, 0x2b, 0x2a, 0xff, 0x2a, 0xff, 0x2a, 0x2a, 0x2b, 0x2c, 0x2a, 0x2b, 0x2b, 0x2a, 0xff, 0x0c, 0xd0, 0x28, 0xc9, 0x28, 0xd0, 0x28, 0xd0, 0x28, 0xd0, 0x28, 0x28, 0x28, 0x28, 0x28, 0xd0, 0x28, 0xc9, 0x28, 0xc9, 0x28, 0xc9, 0x28, 0xd0, 0x28, 0xc9, 0x28, 0x28, 0x28, 0x28, 0x28, 0x28, 0x28, 0x28, 0x28, 0x28, 0x28, 0x28, 0x28, 0x28, 0x28, 0x28, 0x28, 0x28, 0x28, 0x28, 0x28, 0x28, 0x28, 0x28, 0x28, 0x28, 0x28, 0x28, 0x28, 
  0x28, 0x28, 0x28, 0x28, 0x28, 0x28, 0x28, 0x28, 0x28, 0x94, 0x8e, 0x8e, 0x8e, 0xaf, 0x28, 0x28, 0x28, 0x28, 0x28, 0x28, 0x28, 0x28, 0xe4, 0x00, 0x00, 0x00, 0x00, 0x00, 0x00, 0x00, 0x00, 0x00, 0x00, 0x00, 0x00, 0x00, 0x00, 0x00, 0x03, 0x28, 0x28, 0x28, 0x28, 0x28, 0x28, 0x28, 0x28, 0xbd, 0x8f, 0x8f, 0x8e, 0x8e, 0x72, 0x00, 0x00, 0x00, 0x00, 0x00, 0x00, 0x00, 0x00, 0x00, 0x00, 0x00, 0x00, 0x00, 0x00, 0x00, 0x00, 0x00, 0x00, 0x00, 0x00, 0x00, 0x00, 0x00, 0x00, 0xf4, 0x28, 0x24, 0x08, 0x00, 0x0b, 0x1b, 0x28, 0x28, 0x28, 0x28, 0x28, 0x28, 0x28, 0x28, 0x28, 0x28, 0x28, 0x28, 0x28, 0x28, 0x28, 0x28, 0x28, 0x28, 0x28, 0x28, 0x25, 0xf9, 0x2f, 0x0a, 0x07, 0x02, 0x00, 0x00, 0x02, 0x08, 0x0b, 0xd9, 0xeb, 0x28, 0x29, 0x00, 0x00, 0x00, 0x00, 0x00, 0x05, 0xf4, 0xf2, 0xd3, 0xd3, 0xd3, 0xd3, 0xd3, 0xca, 0xd3, 0xd3, 0xd3, 0xd3, 0xd3, 0xd3, 0xd3, 0xd3, 0xd3, 0xd3, 0xd3, 0xd3, 0xd3, 0xd3, 0x1b, 0x21, 0xd4, 0x17, 0xd0, 0x18, 0xd7, 0xd3, 0xd3, 0x28, 0xe9, 0xcf, 0xee, 0xd3, 0xd3, 0xd3, 0xd3, 0xd4, 0xdb, 0xdf, 0xf2, 0x28, 0x18, 0xd3, 0xd3, 0xd3, 0xd3, 0xd3, 0xd3, 0xd3, 0xd3, 0xe3, 0x28, 0xd7, 0xd5, 0x28, 0x28, 0x28, 0xc6, 0x94, 0x8e, 0xb2, 0xb2, 0x90, 0x8f, 0xaa, 0x28, 0x28, 0x28, 0x28, 0x97, 0x8e, 0x8f, 0x8e, 0xad, 0x28, 0x28, 0x28, 0x28, 0x28, 0x28, 0x28, 0x28, 0x28, 0x1a, 0x01, 0x00, 0x01, 0xf2, 0xcf, 0x28, 0x28, 0x28, 0x28, 0x28, 0x28, 0x28, 0xf3, 0x00, 0x01, 0x26, 0x28, 0x28, 0x28, 0x28, 0x28, 0x28, 0x28, 0xc4, 0x8e, 0x8e, 0x8f, 0x8e, 0xc1, 0x28, 0x28, 0x28, 0x28, 0x28, 0x28, 0x28, 0x28, 0x28, 0x28, 0x28, 0x28, 0x28, 0x28, 0x28, 0x28, 0x28, 0x28, 0x28, 0x28, 0x28, 0x28, 0x28, 0x28, 0x28, 0x28, 0x28, 0x28, 0x28, 0x28, 0x28, 0x28, 0x28, 0x28, 0x28, 0x28, 0x28, 0x28, 0x28, 0x28, 0x28, 0x28, 0x93, 0x8e, 0xa9, 0x28, 0x28, 0x28, 0x28, 0x94, 0x8f, 0xa5, 0x28, 0x28, 0x28, 0xaa, 0x8e, 0x9c, 0x28, 0x28, 0xbd, 0x8e, 0x8e, 0xc4, 0x28, 0xa5, 0x8e, 0x8f, 0xaa, 0xaa, 0xaa, 0xaa, 0xaa, 0xaa, 0x91, 0x8e, 0xa3, 0x28, 0xc1, 0x8e, 0x8f, 0xc4, 0x28, 0x28, 0x28, 0x28, 0xc9, 0x90, 0x8e, 0xb1, 0x28, 0x28, 0xa3, 0x8e, 0xa6, 0x28, 0x28, 0x28, 0x28, 0x28, 0x28, 0x28, 0x28, 0xb1, 0x8f, 0x91, 0x28, 0xc9, 0x27, 0x94, 0x8f, 0x8d, 0x7b, 0x8c, 0x8e, 0x87, 0x31, 0x7a, 0x7a, 0x7a, 0x7a, 0x31, 0x7a, 0x31, 0x31, 0x31, 0x7d, 0x31, 0x7a, 0x31, 0x7a, 0x2c, 0x2d, 0x2d, 0x2d, 0x2d, 0x2d, 0x2d, 0x2d, 0x2c, 0x2d, 0x2e, 0x2e, 0x2d, 0x2d, 0x2d, 0x2d, 0xfd, 0x2e, 0x2c, 0x2e, 0xfd, 0x2e, 0xfd, 0x2c, 0xfd, 0x2c, 0x2c, 0xfd, 0x2c, 0xfd, 0x0d, 0xfd, 0x2d, 0xfd, 0xfd, 0xfd, 0x2e, 0x2d, 0xff, 0x2b, 0x2b, 0xff, 0x2b, 0xff, 0x2a, 0xff, 0xff, 0xff, 0x2a, 0x2b, 0x2a, 0x2a, 0x2a, 0x2b, 0xc9, 0x28, 0xd0, 0x28, 0xc9, 0x28, 0x28, 0xc9, 0x28, 0xc9, 0x28, 0x28, 0xc9, 0x28, 0xc9, 0x28, 0xd0, 0x28, 0xd0, 0x28, 0xd0, 0x28, 0xc9, 0x28, 0xd0, 0x28, 0x28, 0x28, 0x28, 0x28, 0x28, 0x28, 0x28, 0x28, 0x28, 0x28, 0x28, 0x28, 0x28, 0x28, 0x28, 0x28, 0x28, 0x28, 0x28, 0x28, 0x28, 0x28, 0x28, 0x28, 0x28, 0x28, 0x28, 0x28, 
  0x28, 0x28, 0x28, 0x28, 0x28, 0x28, 0x28, 0x28, 0x28, 0x8f, 0x8e, 0x8f, 0x8e, 0xc0, 0x28, 0x28, 0x28, 0x28, 0x28, 0x28, 0x28, 0x28, 0xdc, 0x00, 0x00, 0x00, 0x01, 0xf8, 0xf5, 0xfa, 0xf5, 0xfa, 0x0b, 0x00, 0x00, 0x0e, 0xd9, 0x32, 0x0f, 0x28, 0x28, 0x28, 0x28, 0x28, 0x28, 0x28, 0x28, 0xb1, 0x8e, 0x8e, 0x8e, 0x86, 0x00, 0x00, 0x00, 0x00, 0x00, 0x00, 0x00, 0x00, 0x00, 0x00, 0x00, 0x00, 0x00, 0x00, 0x00, 0x00, 0x00, 0x00, 0x00, 0x00, 0x00, 0x00, 0x00, 0x00, 0x00, 0x1e, 0xcc, 0x08, 0x00, 0xf8, 0x28, 0x28, 0x28, 0x28, 0x28, 0x28, 0x28, 0x28, 0x28, 0x28, 0x28, 0x28, 0x28, 0x28, 0x28, 0x28, 0x28, 0x28, 0x28, 0x28, 0x24, 0x0f, 0x01, 0x00, 0x00, 0x00, 0x00, 0x00, 0x00, 0x00, 0x00, 0x00, 0x00, 0x00, 0x00, 0x0b, 0x00, 0x00, 0x00, 0x00, 0x00, 0x00, 0x06, 0x27, 0x23, 0xd3, 0xd3, 0xdf, 0x24, 0xf4, 0xd3, 0xd3, 0xd5, 0xd7, 0xd3, 0xd3, 0xd3, 0xd3, 0xd3, 0xd3, 0xd3, 0xd6, 0xd8, 0xd3, 0xd3, 0xd4, 0x10, 0x1f, 0x25, 0xe4, 0xd3, 0xd3, 0xd3, 0xd3, 0x23, 0xee, 0xf4, 0xf2, 0xd3, 0xd3, 0xd3, 0xd3, 0xd3, 0xd3, 0xd3, 0xd3, 0x24, 0xf0, 0xd4, 0xd3, 0xd3, 0xd3, 0xd3, 0xd3, 0xd3, 0xd3, 0xe2, 0x28, 0xde, 0xd4, 0x28, 0x28, 0xc8, 0x94, 0x8f, 0x8f, 0x94, 0x8e, 0x8f, 0x91, 0x28, 0x28, 0x28, 0x28, 0x28, 0xb8, 0x8e, 0x8f, 0x8f, 0x9a, 0x28, 0x28, 0x28, 0x28, 0x28, 0x28, 0x28, 0x28, 0x28, 0xd9, 0x00, 0x00, 0xf3, 0x28, 0x28, 0x28, 0x28, 0x28, 0x28, 0x28, 0x28, 0x28, 0x18, 0x00, 0x00, 0x26, 0x28, 0x28, 0x28, 0x28, 0x28, 0x28, 0x28, 0x28, 0x9b, 0x8f, 0x8e, 0x8e, 0xbd, 0x28, 0x28, 0x28, 0x28, 0x28, 0x28, 0x28, 0x28, 0x28, 0x28, 0x28, 0x28, 0x28, 0x28, 0x28, 0x28, 0x28, 0x28, 0x28, 0x28, 0x28, 0x28, 0x28, 0x28, 0x28, 0x28, 0x28, 0x28, 0x28, 0x28, 0x28, 0x28, 0x28, 0x28, 0x28, 0x28, 0x28, 0x28, 0x28, 0x28, 0x28, 0xbd, 0x8e, 0x8e, 0x97, 0xa3, 0xa5, 0xa5, 0xa5, 0x90, 0x8e, 0x8f, 0xc8, 0x28, 0x28, 0xbf, 0x8e, 0x8e, 0xc1, 0x28, 0xa6, 0x8f, 0x9f, 0x28, 0x28, 0x9e, 0x8f, 0x8f, 0x8e, 0x8f, 0x8e, 0x8e, 0x8e, 0x8e, 0x8e, 0x8e, 0x97, 0x28, 0xc1, 0x8e, 0x8f, 0xc9, 0x28, 0x28, 0x28, 0x28, 0x28, 0xaf, 0x8e, 0x90, 0xc9, 0xc6, 0x8e, 0x8e, 0xbd, 0x28, 0x28, 0x28, 0x28, 0x28, 0x28, 0x28, 0x28, 0xb2, 0x8e, 0x94, 0xd0, 0x28, 0xd0, 0xbf, 0x8e, 0x8e, 0x88, 0x8c, 0x8f, 0x87, 0x7a, 0x7a, 0x7a, 0x7a, 0x7a, 0x31, 0x31, 0x7a, 0x31, 0x31, 0x31, 0x31, 0x31, 0x31, 0x7a, 0x2d, 0x2b, 0x2d, 0x2d, 0x2d, 0x2d, 0x2d, 0x2d, 0x2c, 0x2d, 0x2d, 0x2d, 0x2d, 0x2d, 0x2d, 0xfd, 0xfd, 0xfd, 0xfd, 0xfd, 0xfd, 0xfd, 0xfd, 0x2c, 0x2c, 0xfd, 0x2c, 0xfd, 0x2c, 0xfd, 0x2c, 0xfd, 0xfd, 0xfd, 0x30, 0x2c, 0x2c, 0x2c, 0x2b, 0xff, 0xff, 0x2b, 0xff, 0x2a, 0xff, 0xff, 0x2a, 0xff, 0xff, 0x2b, 0x2a, 0x2b, 0x2a, 0x2c, 0x18, 0x28, 0xc9, 0x28, 0xd0, 0x28, 0xd0, 0x28, 0xd0, 0x28, 0xc9, 0x28, 0xd0, 0x28, 0xd0, 0x28, 0xc9, 0x28, 0xc9, 0x28, 0xc9, 0x28, 0xd0, 0x28, 0xc9, 0x28, 0x28, 0x28, 0x28, 0x28, 0x28, 0x28, 0x28, 0x28, 0x28, 0x28, 0x28, 0x28, 0x28, 0x28, 0x28, 0x28, 0x28, 0x28, 0x28, 0x28, 0x28, 0x28, 0x28, 0x28, 0x28, 0x28, 0x28, 0x28, 
  0x28, 0x28, 0x28, 0x28, 0x28, 0x28, 0x28, 0x28, 0xc9, 0x8e, 0x8f, 0x8e, 0x9c, 0x28, 0x28, 0x28, 0x28, 0x28, 0x28, 0x28, 0x28, 0x28, 0x28, 0xe1, 0x01, 0x00, 0x00, 0x02, 0x1f, 0x28, 0x28, 0x28, 0x08, 0x00, 0x0b, 0x28, 0x28, 0x28, 0x28, 0x28, 0x28, 0x28, 0x28, 0x28, 0x28, 0x28, 0xc7, 0x8f, 0x8f, 0x8e, 0x8e, 0x72, 0x00, 0x00, 0x00, 0x00, 0x00, 0x00, 0x00, 0x00, 0x00, 0x00, 0x00, 0x00, 0x00, 0x00, 0x00, 0x00, 0x00, 0x00, 0x00, 0x00, 0x00, 0x00, 0x00, 0x00, 0x00, 0x7f, 0x04, 0x00, 0xd9, 0x28, 0x28, 0x28, 0x28, 0x28, 0x28, 0x28, 0x28, 0x28, 0x28, 0x28, 0x28, 0x28, 0x28, 0x28, 0x28, 0x28, 0x28, 0x28, 0x28, 0x1f, 0x03, 0x00, 0x00, 0x00, 0x00, 0x00, 0x00, 0x00, 0x00, 0x00, 0x00, 0x00, 0x00, 0x00, 0x00, 0x00, 0x00, 0x00, 0x00, 0x00, 0x00, 0x00, 0x06, 0xdf, 0xd8, 0xd3, 0xd3, 0xf3, 0x25, 0xe9, 0xd3, 0xd3, 0x1b, 0x21, 0xd3, 0xd3, 0xd3, 0xdd, 0xd8, 0xd3, 0xd3, 0x1f, 0x25, 0xd3, 0xd4, 0xf9, 0x28, 0x21, 0xca, 0xd3, 0xd3, 0xd3, 0xd3, 0xd3, 0x1b, 0xf0, 0xd4, 0xd3, 0xd3, 0xd3, 0xd3, 0xd3, 0xd3, 0xd3, 0xd3, 0xd3, 0xe9, 0x28, 0xf4, 0xd3, 0xd3, 0xd3, 0xd3, 0xd3, 0xd3, 0xd3, 0xe2, 0x28, 0xdf, 0xd5, 0x28, 0xc7, 0x97, 0x8e, 0x8e, 0x8e, 0x8e, 0x8f, 0x90, 0xbe, 0x28, 0x28, 0x28, 0x28, 0x28, 0x28, 0x94, 0x8e, 0x8e, 0x8e, 0xb6, 0x28, 0x28, 0x28, 0x28, 0x28, 0x28, 0x28, 0x28, 0x2a, 0x00, 0x06, 0x28, 0x28, 0x28, 0x28, 0x28, 0x28, 0x28, 0x28, 0x28, 0x28, 0xed, 0x00, 0x00, 0x26, 0x28, 0x28, 0x28, 0x28, 0x28, 0x28, 0x28, 0x28, 0xba, 0x8e, 0x8f, 0x8e, 0xb5, 0x28, 0x28, 0x28, 0x28, 0x28, 0x28, 0x28, 0x28, 0x28, 0x28, 0x28, 0x28, 0x28, 0x28, 0x28, 0x28, 0x28, 0x28, 0x28, 0x28, 0x28, 0x28, 0x28, 0x28, 0x28, 0x28, 0x28, 0x28, 0x28, 0x28, 0x28, 0x28, 0x28, 0x28, 0x28, 0x28, 0x28, 0x28, 0x28, 0x28, 0x28, 0xaa, 0x8e, 0x8e, 0x8e, 0x8f, 0x8f, 0x8e, 0x8e, 0x8f, 0x8e, 0x8f, 0xb6, 0x28, 0x28, 0x28, 0x97, 0x8e, 0xae, 0xc6, 0x8f, 0x8e, 0xba, 0x28, 0x28, 0xac, 0x8e, 0x90, 0xba, 0xba, 0xba, 0xba, 0xba, 0xba, 0xba, 0xba, 0xbc, 0x28, 0xc1, 0x8e, 0x8e, 0xc9, 0x28, 0x28, 0x28, 0x28, 0x28, 0xc5, 0x8f, 0x8e, 0xb9, 0xb4, 0x8e, 0x93, 0x28, 0x28, 0x28, 0x28, 0x28, 0x28, 0x28, 0x28, 0x28, 0xb2, 0x8e, 0x91, 0x28, 0x28, 0x28, 0xc9, 0xaf, 0x8e, 0x8f, 0x8e, 0x8e, 0x87, 0x7a, 0x31, 0x31, 0x31, 0x31, 0x31, 0x31, 0x31, 0x7a, 0x31, 0x31, 0x31, 0x31, 0x7a, 0x31, 0x2c, 0x2d, 0x2d, 0x2d, 0x2d, 0x2d, 0x2d, 0x2c, 0xfd, 0x2d, 0x2e, 0x2d, 0x2e, 0xfd, 0x2d, 0x2e, 0xfd, 0xfd, 0x2c, 0x2c, 0x2c, 0x2c, 0x2c, 0xfd, 0x2c, 0x2c, 0xfd, 0x2b, 0x0d, 0x2c, 0xfd, 0xfd, 0x30, 0x2d, 0x2c, 0x2d, 0x2c, 0x2c, 0x2d, 0xff, 0x2b, 0xff, 0x2a, 0xff, 0x2a, 0xff, 0xff, 0xff, 0x2b, 0xff, 0x2b, 0xff, 0x2b, 0xff, 0xff, 0xc9, 0x28, 0xd0, 0x28, 0xc9, 0x28, 0xc9, 0x28, 0xc9, 0x28, 0xd0, 0x28, 0xc9, 0x28, 0xc9, 0x28, 0xd0, 0x28, 0xd0, 0x28, 0xd0, 0x28, 0xd0, 0x28, 0xd0, 0x28, 0x28, 0x28, 0x28, 0x28, 0x28, 0x28, 0x28, 0x28, 0x28, 0x28, 0x28, 0x28, 0x28, 0x28, 0x28, 0x28, 0x28, 0x28, 0x28, 0x28, 0x28, 0x28, 0x28, 0x28, 0x28, 0x28, 0x28, 
  0x28, 0x28, 0x28, 0x28, 0x28, 0x28, 0x28, 0x28, 0xb5, 0x8e, 0x8e, 0x8e, 0xb6, 0x28, 0x28, 0x28, 0x28, 0x28, 0x28, 0x28, 0x28, 0x28, 0x28, 0x28, 0x16, 0x03, 0x00, 0x00, 0x00, 0xde, 0x27, 0xd0, 0x00, 0x00, 0xe9, 0x28, 0x28, 0x28, 0x28, 0x28, 0x28, 0x28, 0x28, 0x28, 0x28, 0x28, 0xaf, 0x8f, 0x8e, 0x8e, 0x8d, 0x00, 0x00, 0x00, 0x00, 0x00, 0x00, 0x00, 0x00, 0x00, 0x00, 0x00, 0x00, 0x00, 0x00, 0x00, 0x00, 0x00, 0x00, 0x00, 0x00, 0x00, 0x00, 0x00, 0x00, 0x00, 0x00, 0x00, 0x01, 0xe4, 0x28, 0x28, 0x28, 0x28, 0x28, 0x28, 0x28, 0x28, 0x28, 0x28, 0x28, 0x28, 0x28, 0x28, 0x28, 0x28, 0x28, 0x28, 0x28, 0x28, 0xea, 0x00, 0x00, 0x00, 0x00, 0x03, 0x09, 0x32, 0xf9, 0xfa, 0xf9, 0xfe, 0x07, 0x02, 0x00, 0x00, 0x00, 0x00, 0x00, 0x00, 0x00, 0x00, 0x00, 0x00, 0x31, 0x28, 0x28, 0xcc, 0xeb, 0xf2, 0xd9, 0xd6, 0xd6, 0xd4, 0xfb, 0xfc, 0xd3, 0xd3, 0xd5, 0x28, 0x24, 0xd3, 0xd3, 0xf4, 0xe9, 0xda, 0xcd, 0x26, 0xfa, 0xd3, 0xd3, 0xd3, 0xd3, 0xd3, 0xd3, 0xd3, 0x15, 0x28, 0xe2, 0xd4, 0xd4, 0xd3, 0xd3, 0xd3, 0xd3, 0xd3, 0xd3, 0xd3, 0xdc, 0x28, 0x1f, 0xd3, 0xd3, 0xd3, 0xd3, 0xd3, 0xd3, 0xd3, 0x13, 0x28, 0xdf, 0xd5, 0x28, 0xad, 0x8e, 0x8f, 0x8e, 0x8f, 0x8e, 0x8f, 0xb4, 0x28, 0x28, 0x28, 0x28, 0x28, 0x28, 0x28, 0xa9, 0x8e, 0x8f, 0x8e, 0x97, 0x28, 0x28, 0x28, 0x28, 0x28, 0x28, 0x28, 0x28, 0x2a, 0x00, 0x09, 0x28, 0x28, 0x28, 0x28, 0x28, 0x28, 0x28, 0x28, 0x28, 0xf0, 0x0a, 0x00, 0x01, 0x26, 0x28, 0x28, 0x28, 0x28, 0x28, 0x28, 0x28, 0x28, 0xc4, 0x8f, 0x8e, 0x8e, 0x94, 0x28, 0x28, 0x28, 0x28, 0x28, 0x28, 0x28, 0x28, 0x28, 0x28, 0x28, 0x28, 0x28, 0x28, 0x28, 0x28, 0x28, 0x28, 0x28, 0x28, 0x28, 0x28, 0x28, 0x28, 0x28, 0x28, 0x28, 0x28, 0x28, 0x28, 0x28, 0x28, 0x28, 0x28, 0x28, 0x28, 0x28, 0x28, 0x28, 0x28, 0xc7, 0x8f, 0x8e, 0x9f, 0xaf, 0xaf, 0xaf, 0xaf, 0xaf, 0xaf, 0x97, 0x8e, 0x9c, 0x28, 0x28, 0x28, 0xb6, 0x8e, 0x90, 0xb4, 0x8f, 0x90, 0x28, 0x28, 0x28, 0xb6, 0x8f, 0x8e, 0xbb, 0x28, 0x28, 0x28, 0x28, 0x28, 0xbb, 0xc7, 0x28, 0x28, 0xc1, 0x8e, 0x8e, 0xc9, 0x28, 0x28, 0x28, 0x28, 0x28, 0x28, 0xaa, 0x8e, 0x9a, 0x9a, 0x8e, 0xaf, 0x28, 0x28, 0x28, 0x28, 0x28, 0x28, 0x28, 0x28, 0x28, 0xb2, 0x8f, 0x91, 0x28, 0xc9, 0xd0, 0x28, 0xd0, 0x8c, 0x8f, 0x8e, 0x8e, 0x87, 0x31, 0x7a, 0x31, 0x31, 0x31, 0x31, 0x31, 0x7d, 0x31, 0x31, 0x31, 0x31, 0x31, 0x7a, 0x30, 0x2d, 0x2c, 0x2d, 0x2d, 0x2d, 0x2c, 0x2d, 0x2c, 0x2d, 0x2d, 0x2e, 0x2d, 0x2d, 0x2d, 0x2e, 0x2d, 0x2e, 0x2e, 0x2c, 0xfd, 0xfd, 0x2c, 0xfd, 0x2c, 0xfd, 0xfd, 0x2c, 0x2c, 0xfd, 0x0d, 0x2f, 0x2c, 0x2d, 0x2c, 0x2d, 0x2c, 0x2c, 0x2b, 0x2b, 0x2d, 0x2a, 0xff, 0x2b, 0xff, 0xff, 0xff, 0x2a, 0x2a, 0x2b, 0x2a, 0x2b, 0x2b, 0x2a, 0xff, 0xff, 0x28, 0xc9, 0x28, 0xd0, 0x28, 0xd0, 0x28, 0xd0, 0x28, 0xd0, 0x28, 0xd0, 0x28, 0xd0, 0x28, 0xc9, 0x28, 0xc9, 0x28, 0xc9, 0x28, 0xd0, 0x28, 0xd0, 0x28, 0x28, 0x28, 0x28, 0x28, 0x28, 0x28, 0x28, 0x28, 0x28, 0x28, 0x28, 0x28, 0x28, 0x28, 0x28, 0x28, 0x28, 0x28, 0x28, 0x28, 0x28, 0x28, 0x28, 0x28, 0x28, 0x28, 0x28, 0x28, 
  0x28, 0x28, 0x28, 0x28, 0x28, 0x28, 0x28, 0x28, 0x90, 0x8f, 0x8f, 0x8e, 0xbc, 0x28, 0x28, 0x28, 0x28, 0x28, 0x28, 0x28, 0x28, 0x28, 0x28, 0x28, 0x28, 0xd0, 0x0c, 0x00, 0x00, 0x00, 0x02, 0x0f, 0x00, 0x00, 0xef, 0x28, 0x28, 0x28, 0x28, 0x28, 0x28, 0x28, 0x28, 0x28, 0x28, 0x28, 0x9e, 0x8e, 0x8f, 0x8e, 0x79, 0x00, 0x00, 0x00, 0x00, 0x00, 0x00, 0x00, 0x00, 0x00, 0x00, 0x00, 0x00, 0x00, 0x00, 0x00, 0x00, 0x00, 0x00, 0x00, 0x00, 0x00, 0x00, 0x00, 0x00, 0x00, 0x00, 0x00, 0xf6, 0x28, 0x28, 0x28, 0x28, 0x28, 0x28, 0x28, 0x28, 0x28, 0x28, 0x28, 0x28, 0x28, 0x28, 0x28, 0x28, 0x28, 0x28, 0x28, 0x28, 0xed, 0x00, 0x00, 0x00, 0x02, 0xcf, 0x28, 0x28, 0x28, 0x28, 0x28, 0x28, 0x28, 0x28, 0xed, 0x00, 0x00, 0x00, 0x00, 0x01, 0x00, 0x00, 0x00, 0x00, 0x00, 0x31, 0x28, 0x28, 0x28, 0x28, 0x28, 0x28, 0x28, 0x28, 0x28, 0xd0, 0xd2, 0xf4, 0xd6, 0xd3, 0xd4, 0xd4, 0xd3, 0xd3, 0xd3, 0x19, 0x28, 0xcd, 0xd4, 0xd3, 0xd3, 0xd3, 0xd3, 0xd3, 0xd3, 0xd3, 0xd3, 0xde, 0x28, 0xe5, 0x1e, 0xcf, 0xd3, 0xd3, 0xd3, 0xd3, 0xd3, 0xd3, 0xd3, 0xd3, 0x28, 0x27, 0xd3, 0xd3, 0xd3, 0xd3, 0xd3, 0xd3, 0xd3, 0xf4, 0x28, 0xda, 0xd6, 0x28, 0xaa, 0x8f, 0x8e, 0x8e, 0x8e, 0x8e, 0xae, 0x28, 0x28, 0x28, 0x28, 0x28, 0x28, 0x28, 0x28, 0xc1, 0x8f, 0x8e, 0x8f, 0x8e, 0xc4, 0x28, 0x28, 0x28, 0x28, 0x28, 0x28, 0x28, 0xe3, 0x00, 0x02, 0x28, 0x28, 0x28, 0x28, 0x28, 0x28, 0x28, 0x28, 0xcf, 0x06, 0x00, 0x00, 0x02, 0x28, 0x28, 0x28, 0x28, 0x28, 0x28, 0x28, 0x28, 0x28, 0xc9, 0x8e, 0x8f, 0x8e, 0x8f, 0xbf, 0x28, 0x28, 0x28, 0x28, 0x28, 0x28, 0x28, 0x28, 0x28, 0x28, 0x28, 0x28, 0x28, 0x28, 0x28, 0x28, 0x28, 0x28, 0x28, 0x28, 0x28, 0x28, 0x28, 0x28, 0x28, 0x28, 0x28, 0x28, 0x28, 0x28, 0x28, 0x28, 0x28, 0x28, 0x28, 0x28, 0x28, 0x28, 0x28, 0xb8, 0x8e, 0x8e, 0xc1, 0x28, 0x28, 0x28, 0x28, 0x28, 0x28, 0xb7, 0x8e, 0x8e, 0xc1, 0x28, 0x28, 0xc7, 0x8f, 0x8e, 0x8e, 0x8f, 0xae, 0x28, 0x28, 0x28, 0xc9, 0x94, 0x8f, 0x91, 0xbd, 0x28, 0x28, 0xc8, 0xad, 0x8e, 0x90, 0xc1, 0x28, 0xc1, 0x8e, 0x8f, 0xc9, 0x28, 0x28, 0x28, 0x28, 0x28, 0x28, 0xc0, 0x8e, 0x8f, 0x8e, 0x8f, 0xc4, 0x28, 0x28, 0x28, 0x28, 0x28, 0x28, 0x28, 0x28, 0x28, 0xb2, 0x8e, 0x91, 0x28, 0xd0, 0x28, 0xc9, 0x28, 0x7e, 0x8e, 0x8e, 0x8e, 0x87, 0x7a, 0x31, 0x7a, 0x31, 0x31, 0x31, 0x31, 0x31, 0x31, 0x31, 0x31, 0x31, 0x31, 0x7a, 0x7a, 0x2e, 0x2d, 0x2c, 0xfd, 0x2d, 0x2d, 0x2d, 0x2d, 0x2d, 0x2e, 0x2d, 0x2e, 0x2d, 0x2e, 0x2d, 0x2e, 0x2e, 0xfd, 0xfd, 0xfd, 0x2c, 0xfd, 0xfd, 0xfd, 0xfd, 0x2d, 0xfd, 0x2c, 0xfd, 0x2c, 0x2c, 0x2d, 0x2c, 0x2d, 0x2c, 0x2d, 0x2d, 0x2c, 0x2d, 0x2a, 0x2a, 0xff, 0x2a, 0x2a, 0x2a, 0x2a, 0x2a, 0x2b, 0x2a, 0x2c, 0x2b, 0x2b, 0x2b, 0xff, 0xff, 0x10, 0x28, 0xd0, 0x28, 0xd0, 0x28, 0xd0, 0x28, 0xc9, 0x28, 0xd0, 0x28, 0xc9, 0x28, 0xc9, 0x28, 0xd0, 0x28, 0xd0, 0x28, 0xd0, 0x28, 0xd0, 0x28, 0xd0, 0x28, 0x28, 0x28, 0x28, 0x28, 0x28, 0x28, 0x28, 0x28, 0x28, 0x28, 0x28, 0x28, 0x28, 0x28, 0x28, 0x28, 0x28, 0x28, 0x28, 0x28, 0x28, 0x28, 0x28, 0x28, 0x28, 0x28, 0x28, 
  0x28, 0x28, 0x28, 0x28, 0x28, 0x28, 0x28, 0xc7, 0x8f, 0x8e, 0x8e, 0x8f, 0xc7, 0x28, 0x28, 0x28, 0x28, 0x28, 0x28, 0x28, 0x28, 0x28, 0x28, 0x28, 0x28, 0x28, 0xd0, 0xd9, 0x00, 0x00, 0x00, 0x00, 0x00, 0x7a, 0x28, 0x28, 0x28, 0x28, 0x28, 0x28, 0x28, 0x28, 0x28, 0x28, 0x28, 0xba, 0x8e, 0x8f, 0x8e, 0x8d, 0x00, 0x00, 0x00, 0x00, 0x00, 0x00, 0x00, 0x00, 0x00, 0x00, 0x00, 0x00, 0x00, 0x00, 0x00, 0x00, 0x00, 0x00, 0x00, 0x00, 0x00, 0x00, 0x00, 0x00, 0x00, 0x00, 0x00, 0xdc, 0x28, 0x28, 0x28, 0x28, 0x28, 0x28, 0x28, 0x28, 0x28, 0x28, 0x28, 0x28, 0x28, 0x28, 0x28, 0x28, 0x28, 0x28, 0x28, 0x28, 0x28, 0x0b, 0x00, 0x00, 0x31, 0x27, 0x28, 0x28, 0x28, 0x28, 0x28, 0x28, 0x28, 0x28, 0x23, 0x06, 0x00, 0x08, 0xce, 0x26, 0x28, 0xd0, 0x25, 0xcd, 0x2e, 0x00, 0x31, 0x28, 0x28, 0x28, 0x28, 0x28, 0x28, 0x28, 0x28, 0x28, 0x28, 0x28, 0x28, 0x28, 0x26, 0x26, 0xf0, 0xce, 0xec, 0xcf, 0x28, 0xf8, 0xd4, 0xd3, 0xd3, 0xd3, 0xd3, 0xd3, 0xd3, 0xd3, 0xd3, 0xd3, 0xca, 0x28, 0x1e, 0xef, 0x25, 0xd3, 0xd3, 0xd3, 0xd3, 0xd3, 0xd3, 0xd3, 0xd3, 0xf9, 0x28, 0xf9, 0xd3, 0xd3, 0xd3, 0xd3, 0xd3, 0xd3, 0xf7, 0x28, 0xd5, 0xd7, 0x28, 0x9e, 0x8e, 0x8e, 0x8f, 0x8f, 0x97, 0xc9, 0x28, 0x28, 0x28, 0x28, 0x28, 0x28, 0x28, 0x28, 0x28, 0xa0, 0x8e, 0x8e, 0x8e, 0x9c, 0x28, 0x28, 0x28, 0x28, 0x28, 0x28, 0x28, 0x21, 0x00, 0x00, 0x07, 0x28, 0x28, 0x28, 0x28, 0x28, 0x1b, 0x08, 0x01, 0x00, 0x00, 0x01, 0xf0, 0x28, 0x28, 0x28, 0x28, 0x28, 0x28, 0x28, 0x28, 0x28, 0x28, 0xa5, 0x8e, 0x8e, 0x8e, 0xbb, 0x28, 0x28, 0x28, 0x28, 0x28, 0x28, 0x28, 0x28, 0x28, 0x28, 0x28, 0x28, 0x28, 0x28, 0x28, 0x28, 0x28, 0x28, 0x28, 0x28, 0x28, 0x28, 0x28, 0x28, 0x28, 0x28, 0x28, 0x28, 0x28, 0x28, 0x28, 0x28, 0x28, 0x28, 0x28, 0x28, 0x28, 0x28, 0x28, 0x9f, 0x8f, 0x97, 0x28, 0x28, 0x28, 0x28, 0x28, 0x28, 0x28, 0xc7, 0x8f, 0x8e, 0xae, 0x28, 0x28, 0x28, 0xaa, 0x8e, 0x8f, 0x8e, 0xc4, 0x28, 0x28, 0x28, 0x28, 0xbe, 0x8f, 0x8e, 0x8e, 0x8f, 0x91, 0x8e, 0x8e, 0x8e, 0xae, 0x28, 0x28, 0xc1, 0x8e, 0x8e, 0xc9, 0x28, 0x28, 0x28, 0x28, 0x28, 0x28, 0x28, 0x9f, 0x8e, 0x8f, 0x9f, 0x28, 0x28, 0x28, 0x28, 0x28, 0x28, 0x28, 0x28, 0x28, 0x28, 0xb2, 0x8e, 0x94, 0xd0, 0x28, 0xd0, 0x28, 0xd0, 0xca, 0x83, 0x8f, 0x8e, 0x87, 0x31, 0x7a, 0x31, 0x31, 0x31, 0x7a, 0x7d, 0x31, 0x7d, 0x31, 0x7d, 0x31, 0x31, 0x7a, 0x30, 0x30, 0x2f, 0x7a, 0x2c, 0x2d, 0x2d, 0x2d, 0x2e, 0x2e, 0x2d, 0x2d, 0x2d, 0x2e, 0x2d, 0x2d, 0x2d, 0xfd, 0x2c, 0xfd, 0xfd, 0xfd, 0xfd, 0xfd, 0xfd, 0xfd, 0xfd, 0x2e, 0x2b, 0x2b, 0x2d, 0x2d, 0x2d, 0x2d, 0x2c, 0x2d, 0x2c, 0x2d, 0x2b, 0x2b, 0x2c, 0x2d, 0xff, 0x2a, 0x2b, 0x2a, 0x2a, 0x2a, 0x2b, 0xff, 0x2b, 0x2a, 0x2a, 0x2a, 0x2a, 0xff, 0xff, 0xd0, 0x28, 0xc9, 0x28, 0xd0, 0x28, 0xd0, 0x28, 0xd0, 0x28, 0xd0, 0x28, 0xd0, 0x28, 0xc9, 0x28, 0xc9, 0x28, 0xc9, 0x28, 0xc9, 0x28, 0xc9, 0x28, 0x28, 0x28, 0x28, 0x28, 0x28, 0x28, 0x28, 0x28, 0x28, 0x28, 0x28, 0x28, 0x28, 0x28, 0x28, 0x28, 0x28, 0x28, 0x28, 0x28, 0x28, 0x28, 0x28, 0x28, 0x28, 0x28, 0x28, 0x28, 
  0x28, 0x28, 0x28, 0x28, 0x28, 0x28, 0x28, 0xc8, 0x8e, 0x8f, 0x8f, 0xa5, 0x28, 0x28, 0x28, 0x28, 0x28, 0x28, 0x28, 0x28, 0x28, 0x28, 0x28, 0x28, 0x28, 0x28, 0x28, 0xc9, 0xfc, 0x02, 0x00, 0x00, 0x00, 0xff, 0x25, 0x28, 0x28, 0x28, 0x28, 0x28, 0x28, 0x28, 0x28, 0x28, 0x28, 0x9e, 0x8f, 0x8e, 0x8f, 0x86, 0x00, 0x00, 0x00, 0x00, 0x00, 0x00, 0x00, 0x00, 0x00, 0x00, 0x00, 0x00, 0x00, 0x00, 0x00, 0x00, 0x00, 0x00, 0x00, 0x00, 0x00, 0x00, 0x00, 0x00, 0x00, 0x00, 0x0e, 0x25, 0x28, 0x28, 0x28, 0x28, 0x28, 0x28, 0x28, 0x28, 0x28, 0x28, 0x28, 0x28, 0x28, 0x28, 0x28, 0x28, 0x28, 0x28, 0x28, 0x28, 0x24, 0x01, 0x00, 0x0b, 0x27, 0x28, 0x28, 0x28, 0x28, 0x28, 0x28, 0x28, 0xea, 0x0b, 0x02, 0x06, 0x1d, 0x28, 0x28, 0x28, 0x28, 0x28, 0x28, 0x28, 0x28, 0xcc, 0xee, 0x28, 0x28, 0x28, 0x28, 0x28, 0x28, 0x28, 0x28, 0x28, 0x28, 0x28, 0x28, 0x28, 0x28, 0x28, 0x28, 0x28, 0x28, 0x28, 0xda, 0xd3, 0xd3, 0xd3, 0xd3, 0xd3, 0xd3, 0xd3, 0xd3, 0xd3, 0xd3, 0xd3, 0xd3, 0xcf, 0x24, 0xd5, 0xd6, 0xd3, 0xd3, 0xd3, 0xd3, 0xd3, 0xd3, 0xd3, 0xd3, 0xd6, 0x28, 0xd2, 0xd3, 0xd3, 0xd3, 0xd3, 0xd3, 0xd3, 0x1b, 0x28, 0xd3, 0xda, 0x28, 0x90, 0x8e, 0x8e, 0x8f, 0x90, 0xc0, 0x28, 0x28, 0x28, 0x28, 0x28, 0x28, 0x28, 0x28, 0x28, 0x28, 0xb7, 0x8e, 0x8f, 0x8e, 0x90, 0x28, 0x28, 0x28, 0x28, 0x28, 0x28, 0x28, 0x28, 0x14, 0x00, 0x00, 0x07, 0x2a, 0x31, 0x0b, 0x05, 0x00, 0x00, 0x00, 0x00, 0x00, 0xf9, 0x28, 0x28, 0x28, 0x28, 0x28, 0x28, 0x28, 0x28, 0x28, 0x28, 0x28, 0xbb, 0x8e, 0x8f, 0x8e, 0xb2, 0x28, 0x28, 0x28, 0x28, 0x28, 0x28, 0x28, 0x28, 0x28, 0x28, 0x28, 0x28, 0x28, 0x28, 0x28, 0x28, 0x28, 0x28, 0x28, 0x28, 0x28, 0x28, 0x28, 0x28, 0x28, 0x28, 0x28, 0x28, 0x28, 0x28, 0x28, 0x28, 0x28, 0x28, 0x28, 0x28, 0x28, 0x28, 0xc6, 0x8e, 0x8e, 0xb4, 0x28, 0x28, 0x28, 0x28, 0x28, 0x28, 0x28, 0x28, 0xa6, 0x8f, 0x91, 0x28, 0x28, 0x28, 0xbf, 0x8e, 0x8e, 0xa1, 0x28, 0x28, 0x28, 0x28, 0x28, 0x28, 0xc4, 0xa5, 0x8e, 0x8f, 0x8f, 0x8f, 0x94, 0xb6, 0x28, 0x28, 0x28, 0xc1, 0x8e, 0x8f, 0xc9, 0x28, 0x28, 0x28, 0x28, 0x28, 0x28, 0x28, 0xba, 0x8e, 0x8f, 0xba, 0x28, 0x28, 0x28, 0x28, 0x28, 0x28, 0x28, 0x28, 0x28, 0x28, 0xb2, 0x8e, 0x94, 0x28, 0xc9, 0x28, 0x28, 0x28, 0x31, 0x30, 0x8b, 0x8e, 0x87, 0x30, 0x31, 0x7a, 0x31, 0x7a, 0x31, 0x31, 0x31, 0x31, 0x31, 0x31, 0x31, 0x31, 0x2f, 0x30, 0x2f, 0x2f, 0x2f, 0x30, 0x30, 0x2f, 0x2d, 0x2f, 0x2d, 0x2f, 0x2d, 0x2e, 0x2d, 0x2e, 0x2e, 0x2d, 0xfd, 0x2e, 0x2d, 0xfd, 0x2e, 0xfd, 0x2e, 0x2c, 0x2f, 0xfd, 0x2c, 0x2c, 0x2c, 0x2c, 0x2c, 0x2c, 0x2c, 0x2d, 0x2c, 0x2d, 0x2d, 0x2c, 0x2b, 0x2a, 0x2c, 0x2a, 0x2b, 0x2b, 0x2b, 0xff, 0x2a, 0x2b, 0x2b, 0xff, 0x2a, 0x2a, 0x2a, 0xff, 0xff, 0xff, 0x28, 0x28, 0xd0, 0x28, 0xc9, 0x28, 0xc9, 0x28, 0xc9, 0x28, 0xc9, 0x28, 0xc9, 0x28, 0xd0, 0x28, 0xd0, 0x28, 0xd0, 0x28, 0xd0, 0x28, 0xd0, 0x28, 0x28, 0x28, 0x28, 0x28, 0x28, 0x28, 0x28, 0x28, 0x28, 0x28, 0x28, 0x28, 0x28, 0x28, 0x28, 0x28, 0x28, 0x28, 0x28, 0x28, 0x28, 0x28, 0x28, 0x28, 0x28, 0x28, 0x28, 0x28, 
  0x28, 0x28, 0x28, 0x28, 0x28, 0x28, 0x28, 0xb5, 0x8f, 0x8e, 0x8e, 0xb6, 0x28, 0x28, 0x28, 0x28, 0x28, 0x28, 0x28, 0x28, 0x28, 0x28, 0x28, 0x28, 0x28, 0x28, 0x28, 0x28, 0x28, 0xef, 0x0a, 0x00, 0x00, 0x00, 0x07, 0xe6, 0x28, 0x28, 0x28, 0x28, 0x28, 0x28, 0x28, 0x28, 0xc9, 0x8f, 0x8e, 0x8e, 0x8f, 0x73, 0x00, 0x00, 0x00, 0x00, 0x00, 0x00, 0x00, 0x00, 0x00, 0x00, 0x00, 0x00, 0x00, 0x00, 0x00, 0x00, 0x00, 0x00, 0x00, 0x00, 0x00, 0x00, 0x00, 0x00, 0x00, 0x0a, 0x25, 0x28, 0x28, 0x28, 0x28, 0x28, 0x28, 0x28, 0x28, 0x28, 0x28, 0x28, 0x28, 0x28, 0x28, 0x28, 0x28, 0x28, 0x28, 0x28, 0x28, 0x28, 0xdf, 0x00, 0x00, 0x13, 0x28, 0x28, 0x28, 0x28, 0x28, 0x28, 0xfe, 0x04, 0x00, 0x00, 0x34, 0x23, 0x28, 0x28, 0xd0, 0x0e, 0xde, 0x26, 0x28, 0x28, 0x28, 0x28, 0x28, 0x28, 0x28, 0x28, 0x28, 0x28, 0x28, 0x28, 0x28, 0x28, 0x28, 0x28, 0x28, 0x28, 0x28, 0x28, 0x28, 0x28, 0x28, 0x28, 0xd7, 0xd3, 0xd3, 0xd3, 0xd3, 0xd3, 0xd3, 0xd3, 0xd3, 0xd3, 0xd3, 0xd3, 0xd3, 0xe6, 0x28, 0xd7, 0xd3, 0xd3, 0xd3, 0xd3, 0xd3, 0xd3, 0xd3, 0xd3, 0xd3, 0xd3, 0xd1, 0x27, 0xca, 0xd3, 0xd3, 0xd3, 0xd3, 0xd4, 0x26, 0xcf, 0xd3, 0xf9, 0xc9, 0xa3, 0x90, 0x8f, 0x8e, 0xbd, 0x28, 0x28, 0x28, 0x28, 0x28, 0x28, 0x28, 0x28, 0x28, 0x28, 0x28, 0xc9, 0x9c, 0x8f, 0x8e, 0x8e, 0xbd, 0x28, 0x28, 0x28, 0x28, 0x28, 0x28, 0x28, 0xf0, 0x0d, 0x00, 0x00, 0x00, 0x00, 0x00, 0x00, 0x00, 0x00, 0x00, 0x29, 0x18, 0x28, 0x28, 0x28, 0x28, 0x28, 0x28, 0x28, 0x28, 0x28, 0x28, 0x28, 0x28, 0xc9, 0x8f, 0x8f, 0x8e, 0x91, 0x28, 0x28, 0x28, 0x28, 0x28, 0x28, 0x28, 0x28, 0x28, 0x28, 0x28, 0x28, 0x28, 0x28, 0x28, 0x28, 0x28, 0x28, 0x28, 0x28, 0x28, 0x28, 0x28, 0x28, 0x28, 0x28, 0x28, 0x28, 0x28, 0x28, 0x28, 0x28, 0x28, 0x28, 0x28, 0x28, 0x28, 0x28, 0x28, 0x28, 0x28, 0x28, 0x28, 0x28, 0x28, 0x28, 0x28, 0x28, 0x28, 0x28, 0x28, 0x28, 0x28, 0x28, 0x28, 0x28, 0x28, 0x28, 0x28, 0x28, 0x28, 0x28, 0x28, 0x28, 0x28, 0x28, 0x28, 0x28, 0xc9, 0xc1, 0xbd, 0xc7, 0x28, 0x28, 0x28, 0x28, 0x28, 0x28, 0x28, 0x28, 0x28, 0x28, 0x28, 0x28, 0x28, 0x28, 0x28, 0x28, 0xad, 0x8e, 0x90, 0xc9, 0x28, 0x28, 0x28, 0x28, 0x28, 0x28, 0x28, 0x28, 0x28, 0x28, 0x28, 0x28, 0x28, 0x28, 0xd0, 0x28, 0x28, 0x28, 0x7d, 0x7d, 0x7a, 0x30, 0x30, 0x31, 0x7a, 0x7a, 0x7a, 0x31, 0x31, 0x31, 0x31, 0x31, 0x31, 0x31, 0x7a, 0x30, 0x7a, 0x2f, 0x30, 0x30, 0x2f, 0x30, 0x30, 0x7a, 0x7a, 0x7a, 0x2e, 0x2d, 0x2e, 0x2e, 0x2e, 0x2e, 0x2d, 0x2e, 0x2e, 0x2e, 0xfd, 0x2e, 0xfd, 0x2e, 0x2f, 0xfd, 0x2d, 0xfd, 0x2c, 0xfd, 0x2c, 0x2d, 0x2c, 0x2d, 0x2c, 0x2c, 0x2d, 0x2c, 0x2d, 0x2d, 0x2b, 0x2c, 0x2b, 0x2d, 0xff, 0x2a, 0xff, 0x2a, 0x2a, 0xff, 0x2a, 0x2a, 0x2a, 0xff, 0x2a, 0x2a, 0xff, 0xff, 0xff, 0xd0, 0x28, 0xd0, 0x28, 0xd0, 0x28, 0xd0, 0x28, 0xd0, 0x28, 0xd0, 0x28, 0xc9, 0x28, 0xc9, 0x28, 0xc9, 0x28, 0xc9, 0x28, 0xc9, 0x28, 0xc9, 0x28, 0x28, 0x28, 0x28, 0x28, 0x28, 0x28, 0x28, 0x28, 0x28, 0x28, 0x28, 0x28, 0x28, 0x28, 0x28, 0x28, 0x28, 0x28, 0x28, 0x28, 0x28, 0x28, 0x28, 0x28, 0x28, 0x28, 0x28, 
  0x28, 0x28, 0x28, 0x28, 0x28, 0x28, 0x28, 0x94, 0x8e, 0x8f, 0x8e, 0xbb, 0x28, 0x28, 0x28, 0x28, 0x28, 0x28, 0x28, 0x28, 0x28, 0x28, 0x28, 0x28, 0x28, 0x28, 0x28, 0x28, 0x28, 0x28, 0x25, 0x7f, 0x00, 0x00, 0x00, 0x03, 0x26, 0x28, 0x28, 0x28, 0x28, 0x28, 0x28, 0x28, 0xbb, 0x8e, 0x8f, 0x8e, 0x86, 0x00, 0x00, 0x00, 0x00, 0x00, 0x00, 0x00, 0x00, 0x00, 0x00, 0x00, 0x00, 0x00, 0x00, 0x00, 0x00, 0x00, 0x00, 0x00, 0x00, 0x00, 0x00, 0x00, 0x00, 0x00, 0x00, 0xee, 0x28, 0x28, 0x28, 0x28, 0x28, 0x28, 0x28, 0x28, 0x28, 0x28, 0x28, 0x28, 0x28, 0x28, 0x28, 0x28, 0x28, 0x28, 0x28, 0x28, 0x28, 0x28, 0xff, 0x00, 0x00, 0xe1, 0x28, 0x28, 0x28, 0x28, 0xef, 0x2e, 0x00, 0x00, 0x00, 0xdf, 0x28, 0x28, 0x28, 0x1d, 0x0b, 0x00, 0x00, 0x06, 0x27, 0x28, 0x28, 0x28, 0x28, 0x28, 0x28, 0x28, 0x28, 0x28, 0x28, 0x28, 0x28, 0xc9, 0x69, 0xc5, 0x28, 0x28, 0x28, 0x28, 0x28, 0x28, 0x28, 0x28, 0xf1, 0xd3, 0xd3, 0xd3, 0xd3, 0xd3, 0xd3, 0xd3, 0xd3, 0xd3, 0xd3, 0xd3, 0xd3, 0xe1, 0x28, 0xf3, 0xe4, 0xe4, 0xd3, 0xd3, 0xd3, 0xd3, 0xd3, 0xd3, 0xd3, 0xd3, 0xe2, 0x28, 0xe2, 0xd3, 0xd3, 0xd3, 0xd3, 0xdf, 0x28, 0x1e, 0xd3, 0xcb, 0xc9, 0xc5, 0x8f, 0x8e, 0xb2, 0x28, 0x28, 0x28, 0x28, 0x28, 0x28, 0x28, 0x28, 0x28, 0x28, 0x28, 0x28, 0x28, 0xb2, 0x8e, 0x8f, 0x8e, 0xa3, 0x28, 0x28, 0x28, 0x28, 0x28, 0x28, 0x28, 0x28, 0x24, 0x2a, 0x00, 0x00, 0x00, 0x00, 0x00, 0x03, 0x2f, 0xfc, 0x28, 0x28, 0x28, 0x28, 0x28, 0x28, 0x28, 0x28, 0x28, 0x28, 0x28, 0x28, 0x28, 0x28, 0xc9, 0x8f, 0x8e, 0x8e, 0x8e, 0xc2, 0x28, 0x28, 0x28, 0x28, 0x28, 0x28, 0x28, 0x28, 0x28, 0x28, 0x28, 0x28, 0x28, 0x28, 0x28, 0x28, 0x28, 0x28, 0x28, 0x28, 0x28, 0x28, 0x28, 0x28, 0x28, 0x28, 0x28, 0x28, 0x28, 0x28, 0x28, 0x28, 0x28, 0x28, 0x28, 0x28, 0x28, 0x28, 0x28, 0x28, 0x28, 0x28, 0x28, 0x28, 0x28, 0x28, 0x28, 0x28, 0x28, 0x28, 0x28, 0x28, 0x28, 0x28, 0x28, 0x28, 0x28, 0x28, 0x28, 0x28, 0x28, 0x28, 0x28, 0x28, 0x28, 0x28, 0x28, 0x28, 0x28, 0x28, 0x28, 0x28, 0x28, 0x28, 0x28, 0x28, 0x28, 0x28, 0x28, 0x28, 0x28, 0x28, 0x28, 0x28, 0x28, 0x28, 0xbc, 0x8e, 0x8f, 0xb2, 0x28, 0x28, 0x28, 0x28, 0x28, 0x28, 0x28, 0x28, 0x28, 0x28, 0x28, 0x28, 0x28, 0x28, 0xc9, 0x28, 0xc9, 0x28, 0x28, 0x10, 0x7d, 0x32, 0x7d, 0x30, 0x7a, 0x7a, 0x7a, 0x30, 0x30, 0x7a, 0x7a, 0x31, 0x31, 0x7a, 0x7a, 0x30, 0x30, 0x30, 0x30, 0x30, 0x30, 0x30, 0x30, 0x2f, 0x30, 0x7a, 0xca, 0x30, 0x7a, 0x2d, 0x2d, 0x2e, 0x2d, 0x2f, 0x2d, 0x2e, 0x0d, 0x2c, 0xfd, 0x2f, 0x2d, 0x2d, 0x2d, 0x2c, 0x0d, 0x0d, 0x2c, 0x0d, 0x2c, 0x2b, 0x2c, 0x2b, 0x2d, 0x2c, 0x2d, 0x2c, 0x2d, 0x2d, 0x2c, 0x2c, 0x2c, 0xff, 0xff, 0x2b, 0x2a, 0x2a, 0x2b, 0x2b, 0x2a, 0x2b, 0xff, 0x2a, 0x2b, 0x2a, 0xff, 0x0c, 0x28, 0xd0, 0x28, 0xd0, 0x28, 0xc9, 0x28, 0xc9, 0x28, 0xc9, 0x28, 0xc9, 0x28, 0xd0, 0x28, 0x28, 0xd0, 0x28, 0xd0, 0x28, 0xd0, 0x28, 0xd0, 0x28, 0x28, 0x28, 0x28, 0x28, 0x28, 0x28, 0x28, 0x28, 0x28, 0x28, 0x28, 0x28, 0x28, 0x28, 0x28, 0x28, 0x28, 0x28, 0x28, 0x28, 0x28, 0x28, 0x28, 0x28, 0x28, 0x28, 0x28, 
  0x28, 0x28, 0x28, 0x28, 0x28, 0x28, 0xc8, 0x8e, 0x8f, 0x8e, 0x8f, 0xbe, 0x28, 0x28, 0x28, 0x28, 0x28, 0x28, 0x28, 0x28, 0x28, 0x28, 0x28, 0x28, 0x28, 0x28, 0x28, 0x28, 0x28, 0x28, 0x28, 0x28, 0xf2, 0x01, 0x00, 0x0a, 0x28, 0x28, 0x28, 0x28, 0x28, 0x28, 0x28, 0x28, 0xaa, 0x8e, 0x8f, 0x8e, 0x79, 0x00, 0x00, 0x00, 0x00, 0x00, 0x00, 0x00, 0x00, 0x00, 0x00, 0x00, 0x00, 0x00, 0x00, 0x00, 0x00, 0x00, 0x00, 0x00, 0x00, 0x00, 0x00, 0x00, 0x00, 0x00, 0x0b, 0xd0, 0x28, 0x28, 0x28, 0x28, 0x28, 0x28, 0x28, 0x28, 0x28, 0x28, 0x28, 0x28, 0x28, 0x28, 0x28, 0x28, 0x28, 0x28, 0x28, 0x28, 0x28, 0x28, 0x0c, 0x00, 0x00, 0x0b, 0x27, 0x28, 0x28, 0xd1, 0x03, 0x00, 0x00, 0x01, 0xde, 0xd0, 0x28, 0x1f, 0xdf, 0x00, 0x00, 0x00, 0x00, 0x00, 0x21, 0x28, 0x20, 0x1e, 0xd0, 0x28, 0x28, 0x28, 0x28, 0x28, 0x28, 0xc9, 0x55, 0x37, 0x36, 0x35, 0x44, 0x66, 0x28, 0x28, 0x28, 0x28, 0x28, 0x28, 0xeb, 0xd3, 0xd3, 0xd3, 0xd3, 0xd3, 0xd3, 0xd3, 0xd3, 0xd3, 0xd3, 0xd3, 0xd3, 0xd7, 0xd0, 0xfc, 0x27, 0xd0, 0xd4, 0xd3, 0xd3, 0xd3, 0xd3, 0xd3, 0xd3, 0xd3, 0xd5, 0x27, 0x25, 0xd3, 0xd3, 0xd3, 0xd3, 0xf6, 0x28, 0xf4, 0xd3, 0x28, 0x28, 0x28, 0x90, 0x9a, 0xc7, 0x28, 0x28, 0x28, 0x28, 0x28, 0x28, 0x28, 0x28, 0x28, 0x28, 0x28, 0x28, 0x28, 0xbc, 0x8f, 0x8e, 0x8e, 0x8f, 0xc9, 0x28, 0x28, 0x28, 0x28, 0x28, 0x28, 0x28, 0x28, 0x28, 0x1f, 0x12, 0xfe, 0xdb, 0xfb, 0x27, 0x28, 0x28, 0x28, 0x28, 0x28, 0x28, 0x28, 0x28, 0x28, 0x28, 0x28, 0x28, 0x28, 0x28, 0x28, 0x28, 0x28, 0x91, 0x8e, 0x8f, 0x8e, 0xb7, 0x28, 0x28, 0x28, 0x28, 0x28, 0x28, 0x28, 0x28, 0x28, 0x28, 0x28, 0x28, 0x28, 0x28, 0x28, 0x28, 0x28, 0x28, 0x28, 0x28, 0x28, 0x28, 0x28, 0x28, 0x28, 0x28, 0x28, 0x28, 0x28, 0x28, 0x28, 0x28, 0x28, 0x28, 0x28, 0x28, 0x28, 0x28, 0x28, 0x28, 0x28, 0x28, 0x28, 0x28, 0x28, 0x28, 0x28, 0x28, 0x28, 0x28, 0x28, 0x28, 0x28, 0x28, 0x28, 0x28, 0x28, 0x28, 0x28, 0x28, 0x28, 0x28, 0x28, 0x28, 0x28, 0x28, 0x28, 0x28, 0x28, 0x28, 0x28, 0x28, 0x28, 0x28, 0x28, 0x28, 0x28, 0x28, 0x28, 0x28, 0x28, 0x28, 0x28, 0x28, 0xc0, 0x97, 0x8f, 0x8e, 0x97, 0xc9, 0x28, 0x28, 0x28, 0x28, 0x28, 0x28, 0x28, 0x28, 0x28, 0x28, 0x28, 0x28, 0x28, 0x28, 0x28, 0xd0, 0x28, 0x28, 0x28, 0xc9, 0x7f, 0x7d, 0x7d, 0x7d, 0x32, 0x7a, 0x30, 0xca, 0x30, 0x7a, 0x30, 0x31, 0x7a, 0x31, 0x30, 0x30, 0x30, 0x30, 0x2f, 0x30, 0x30, 0x30, 0x7a, 0x7a, 0x7a, 0x7a, 0x7a, 0x7a, 0x30, 0x7a, 0x7a, 0x7a, 0x2e, 0x2d, 0x2e, 0xfd, 0xfd, 0x2f, 0x2b, 0x2d, 0x2c, 0x2d, 0x2d, 0x2d, 0xfd, 0xfd, 0x2c, 0x2c, 0x2c, 0x2d, 0x2c, 0x2b, 0x2c, 0x2c, 0x2d, 0x2d, 0x2d, 0x2d, 0x2c, 0x2c, 0x2b, 0x2b, 0x2b, 0xff, 0x2a, 0x2a, 0x2b, 0xff, 0x2b, 0xff, 0x2b, 0xff, 0x2a, 0x2a, 0xff, 0xff, 0x22, 0xc9, 0x28, 0xc9, 0x28, 0xd0, 0x28, 0xd0, 0x28, 0xd0, 0x28, 0xd0, 0x28, 0x28, 0x28, 0x28, 0x28, 0xc9, 0x28, 0xc9, 0x28, 0xc9, 0x28, 0x28, 0x28, 0x28, 0x28, 0x28, 0x28, 0x28, 0x28, 0x28, 0x28, 0x28, 0x28, 0x28, 0x28, 0x28, 0x28, 0x28, 0x28, 0x28, 0x28, 0x28, 0x28, 0x28, 0x28, 0x28, 0x28, 0x28, 0x28, 
  0x28, 0x28, 0x28, 0x28, 0x28, 0x28, 0xbf, 0x8e, 0x8e, 0x8e, 0x8e, 0xc9, 0x28, 0x28, 0x28, 0x28, 0x28, 0x28, 0x28, 0x28, 0x28, 0x1b, 0x0f, 0x7a, 0x15, 0x28, 0x28, 0x28, 0x28, 0x28, 0x28, 0x28, 0x28, 0xcc, 0x05, 0xdf, 0x28, 0x28, 0x28, 0x28, 0x28, 0x28, 0x28, 0x28, 0x90, 0x8e, 0x8e, 0x8e, 0x73, 0x00, 0x00, 0x00, 0x00, 0x00, 0x00, 0x00, 0x00, 0x00, 0x00, 0x00, 0x00, 0x00, 0x00, 0x00, 0x00, 0x00, 0x00, 0x00, 0x00, 0x00, 0x00, 0x00, 0x00, 0x00, 0xf0, 0x28, 0x28, 0x28, 0x28, 0x28, 0x28, 0x28, 0x28, 0x28, 0x28, 0x28, 0x28, 0x28, 0x28, 0x28, 0x28, 0x28, 0x28, 0x28, 0x28, 0x28, 0x28, 0x28, 0xf8, 0x00, 0x00, 0x00, 0xfe, 0x28, 0x21, 0x00, 0x00, 0x00, 0x03, 0x1f, 0x28, 0x1e, 0x29, 0x00, 0x00, 0x00, 0x00, 0x00, 0x00, 0x00, 0x25, 0xd0, 0x05, 0x00, 0x7f, 0x28, 0x28, 0x28, 0x28, 0x28, 0x28, 0x41, 0x35, 0x36, 0x35, 0x36, 0x35, 0x37, 0xc5, 0x28, 0x28, 0x28, 0x28, 0x28, 0x27, 0xd3, 0xd3, 0xd3, 0xd3, 0xd3, 0xd3, 0xd3, 0xd3, 0xd3, 0xd3, 0xd3, 0xd3, 0xd3, 0xd2, 0x1c, 0xd4, 0xd5, 0xd3, 0xd3, 0xd3, 0xd3, 0xd3, 0xd3, 0xd3, 0xd3, 0xd3, 0xe8, 0x28, 0xd5, 0xd3, 0xd3, 0xd3, 0xed, 0x24, 0x2f, 0xd6, 0x28, 0x28, 0x28, 0x8f, 0xc7, 0x28, 0x28, 0x28, 0x28, 0x28, 0x28, 0x28, 0x28, 0x28, 0x28, 0x28, 0x28, 0x28, 0x28, 0x28, 0x97, 0x8e, 0x8f, 0x8e, 0xc8, 0x28, 0x28, 0x28, 0x28, 0x28, 0x28, 0x28, 0x28, 0x28, 0x28, 0x28, 0x28, 0x28, 0x28, 0x28, 0x28, 0x28, 0x28, 0x28, 0x28, 0x28, 0x28, 0xf0, 0xcb, 0x28, 0x28, 0x28, 0x28, 0x28, 0x28, 0x28, 0x28, 0xae, 0x8e, 0x8e, 0x8f, 0xae, 0x28, 0x28, 0x28, 0x28, 0x28, 0x28, 0x28, 0x28, 0x28, 0x28, 0x28, 0x28, 0x28, 0x28, 0x28, 0x28, 0x28, 0x28, 0x28, 0x28, 0x28, 0x28, 0x28, 0x28, 0x28, 0x28, 0x28, 0x28, 0x28, 0x28, 0x28, 0x28, 0x28, 0x28, 0x28, 0x28, 0x28, 0x28, 0x28, 0x28, 0x28, 0x28, 0x28, 0x28, 0x28, 0x28, 0x28, 0x28, 0x28, 0x28, 0x28, 0x28, 0x28, 0x28, 0x28, 0x28, 0x28, 0x28, 0x28, 0x28, 0x28, 0x28, 0x28, 0x28, 0x28, 0x28, 0x28, 0x28, 0x28, 0x28, 0x28, 0x28, 0x28, 0x28, 0x28, 0x28, 0x28, 0x28, 0x28, 0x28, 0x28, 0x28, 0x28, 0x28, 0xbb, 0x8e, 0x8e, 0x9e, 0xc5, 0x28, 0x28, 0x28, 0x28, 0x28, 0x28, 0x28, 0x28, 0x28, 0x28, 0x28, 0x28, 0x28, 0x28, 0x28, 0xc9, 0x28, 0xc9, 0x28, 0xd0, 0x28, 0x7d, 0x7d, 0x7d, 0x7d, 0x7b, 0x31, 0x7a, 0x2f, 0x2f, 0x30, 0x30, 0x7a, 0x7a, 0x30, 0x2f, 0x2f, 0x30, 0x30, 0x30, 0x30, 0x30, 0x30, 0x7a, 0x7a, 0x31, 0x7a, 0x30, 0x30, 0x30, 0x30, 0x30, 0x30, 0x2f, 0x7a, 0x2e, 0x2e, 0x2c, 0x2d, 0x2c, 0x2d, 0x2d, 0x2d, 0x2d, 0x2c, 0xfd, 0xfd, 0x2c, 0x2c, 0x2c, 0x2c, 0x2c, 0x2c, 0x2c, 0x2d, 0x2d, 0x2d, 0x2d, 0x2c, 0x2d, 0x2b, 0x2b, 0x2c, 0xff, 0x2b, 0x2a, 0x2a, 0x2a, 0xff, 0x2a, 0xff, 0xff, 0xff, 0xff, 0xff, 0xff, 0xff, 0xee, 0x28, 0xd0, 0x28, 0x28, 0x28, 0x28, 0x28, 0xc9, 0x28, 0xc9, 0x28, 0xc9, 0x28, 0x28, 0x28, 0x28, 0x28, 0xd0, 0x28, 0xd0, 0x28, 0xc9, 0x28, 0x28, 0x28, 0x28, 0x28, 0x28, 0x28, 0x28, 0x28, 0x28, 0x28, 0x28, 0x28, 0x28, 0x28, 0x28, 0x28, 0x28, 0x28, 0x28, 0x28, 0x28, 0x28, 0x28, 0x28, 0x28, 0x28, 0x28, 
  0x28, 0x28, 0x28, 0x28, 0x28, 0x28, 0xba, 0x8e, 0x8f, 0x8e, 0xac, 0x28, 0x28, 0x28, 0x28, 0x28, 0x28, 0x28, 0x28, 0x28, 0x11, 0x00, 0x00, 0x00, 0x12, 0x28, 0x28, 0x28, 0x28, 0x26, 0xeb, 0x26, 0x28, 0x28, 0xc9, 0xcd, 0x28, 0x28, 0x28, 0x28, 0x28, 0x28, 0x28, 0xc6, 0x8e, 0x8e, 0x8f, 0x86, 0x00, 0x00, 0x00, 0x00, 0x00, 0x00, 0x00, 0x00, 0x00, 0x00, 0x00, 0x00, 0x00, 0x00, 0x00, 0x00, 0x00, 0x00, 0x00, 0x00, 0x00, 0x0a, 0x1d, 0x18, 0x00, 0x04, 0x28, 0x28, 0x28, 0x28, 0x28, 0x28, 0x28, 0x28, 0x28, 0x28, 0x28, 0x28, 0x28, 0x28, 0x28, 0x28, 0x28, 0x28, 0x28, 0x28, 0x28, 0x28, 0x28, 0x28, 0x20, 0x00, 0x00, 0x00, 0xca, 0x26, 0x03, 0x00, 0x00, 0x0b, 0x26, 0x28, 0xf2, 0x00, 0x00, 0x00, 0x00, 0x00, 0x00, 0x00, 0x00, 0x29, 0x28, 0xf2, 0x00, 0x00, 0x31, 0x28, 0x28, 0x28, 0x28, 0x28, 0x5d, 0x35, 0x36, 0x35, 0x36, 0x35, 0x36, 0x36, 0x37, 0x28, 0x28, 0x28, 0x28, 0x28, 0x28, 0xd9, 0xd3, 0xd3, 0xd3, 0xd3, 0xd3, 0xd3, 0xd3, 0xd3, 0xd3, 0xd3, 0xd3, 0xd3, 0xfc, 0x24, 0xd3, 0xd3, 0xd3, 0xd3, 0xd3, 0xd3, 0xd3, 0xd3, 0xd3, 0xd3, 0xd3, 0xe2, 0x28, 0xf9, 0xd3, 0xd3, 0xd3, 0x23, 0x1a, 0xd3, 0xde, 0x28, 0x28, 0x28, 0xc2, 0x28, 0x28, 0x28, 0x28, 0x28, 0x28, 0x28, 0x28, 0x28, 0x28, 0x28, 0x28, 0x28, 0x28, 0x28, 0x28, 0xaf, 0x8e, 0x8f, 0x8f, 0xad, 0x28, 0x28, 0x28, 0x28, 0x28, 0x28, 0x28, 0x28, 0x28, 0x28, 0x28, 0x28, 0x28, 0x28, 0x28, 0x28, 0x28, 0x24, 0x18, 0xe4, 0x0b, 0x00, 0x00, 0x01, 0xd0, 0x28, 0x28, 0x28, 0x28, 0x28, 0x28, 0x28, 0xc6, 0x8e, 0x8f, 0x8e, 0xa1, 0x28, 0x28, 0x28, 0x28, 0x28, 0x28, 0x28, 0x28, 0x28, 0x28, 0x28, 0x28, 0x28, 0x28, 0x28, 0x28, 0x28, 0x28, 0x28, 0x28, 0x28, 0x28, 0x28, 0x28, 0x28, 0x28, 0x28, 0x28, 0x28, 0x28, 0x28, 0x28, 0x28, 0x28, 0x28, 0x28, 0x28, 0x28, 0x28, 0x28, 0x28, 0x28, 0x28, 0x28, 0x28, 0x28, 0x28, 0x28, 0x28, 0x28, 0x28, 0x28, 0x28, 0x28, 0x28, 0x28, 0x28, 0x28, 0x28, 0x28, 0x28, 0x28, 0x28, 0x28, 0x28, 0x28, 0x28, 0x28, 0x28, 0x28, 0x28, 0x28, 0x28, 0x28, 0x28, 0x28, 0x28, 0x28, 0x28, 0x28, 0x28, 0x28, 0x28, 0x28, 0xc2, 0xb6, 0xbe, 0x28, 0x28, 0x28, 0x28, 0x28, 0x28, 0x28, 0x28, 0x28, 0x28, 0x28, 0x28, 0x28, 0x28, 0x28, 0x28, 0x28, 0x28, 0xd0, 0x28, 0xd0, 0x28, 0x28, 0xd9, 0x7d, 0x7d, 0x31, 0x7d, 0x31, 0x7d, 0x31, 0xca, 0x2f, 0x7a, 0x7a, 0x30, 0x30, 0x30, 0x30, 0x30, 0x2f, 0x30, 0x30, 0x7a, 0x30, 0x31, 0x7a, 0x31, 0x31, 0x7a, 0x30, 0x30, 0xca, 0xca, 0x30, 0x30, 0xca, 0x30, 0x2d, 0x2d, 0x2c, 0x2d, 0x2b, 0x2d, 0x2c, 0x2e, 0x2d, 0x2d, 0x2d, 0xfd, 0x2c, 0x2d, 0x2c, 0x2d, 0x2c, 0x2c, 0x2d, 0x2c, 0x2d, 0x2c, 0x2d, 0x2c, 0x2c, 0x2b, 0x2c, 0x2b, 0x2c, 0x2c, 0x0d, 0x2a, 0x2b, 0x2b, 0x2a, 0x2b, 0x2a, 0x2b, 0x0d, 0x2a, 0x2b, 0x28, 0xc9, 0x28, 0x28, 0x28, 0x28, 0x28, 0xc9, 0x28, 0xd0, 0x28, 0xd0, 0x28, 0xc9, 0x28, 0xd0, 0x28, 0xc9, 0x28, 0xc9, 0x28, 0xd0, 0x28, 0x28, 0x28, 0x28, 0x28, 0x28, 0x28, 0x28, 0x28, 0x28, 0x28, 0x28, 0x28, 0x28, 0x28, 0x28, 0x28, 0x28, 0x28, 0x28, 0x28, 0x28, 0x28, 0x28, 0x28, 0x28, 0x28, 0x28, 0x28, 
  0x28, 0x28, 0x28, 0x28, 0x28, 0x28, 0xac, 0x8f, 0x8e, 0x8e, 0xbc, 0x28, 0x28, 0x28, 0x28, 0x28, 0x28, 0x28, 0x28, 0xe9, 0x00, 0x00, 0x00, 0x00, 0x14, 0x28, 0x28, 0x28, 0x28, 0xea, 0x00, 0x01, 0x12, 0x28, 0x28, 0x28, 0x28, 0x28, 0x28, 0x28, 0x28, 0x28, 0x28, 0xad, 0x8e, 0x8f, 0x8e, 0x79, 0x00, 0x00, 0x00, 0x00, 0x00, 0x00, 0x00, 0x00, 0x00, 0x00, 0x00, 0x00, 0x00, 0x00, 0x00, 0x00, 0x00, 0x00, 0x00, 0x00, 0x2e, 0x28, 0x28, 0xf3, 0x00, 0xed, 0x28, 0x28, 0x28, 0x28, 0x28, 0x28, 0x28, 0x28, 0x28, 0x28, 0x28, 0x28, 0x28, 0x28, 0x28, 0x28, 0x28, 0x28, 0x28, 0x28, 0x28, 0x28, 0x28, 0x28, 0x28, 0x06, 0x00, 0x05, 0x24, 0x7d, 0x00, 0x07, 0xed, 0x28, 0x28, 0x11, 0x00, 0x00, 0x00, 0x00, 0x00, 0x00, 0x00, 0x00, 0xd9, 0x26, 0x28, 0x29, 0x00, 0x00, 0x31, 0x28, 0x28, 0x28, 0x28, 0x28, 0x41, 0x36, 0x35, 0x36, 0x35, 0x36, 0x35, 0x36, 0x37, 0x28, 0x28, 0x28, 0x28, 0x28, 0x28, 0xea, 0xd3, 0xd3, 0xd3, 0xd3, 0xd3, 0xd3, 0xd3, 0xd3, 0xd3, 0xd3, 0xd3, 0xd3, 0xe1, 0xd0, 0xd4, 0xe5, 0xdb, 0xd3, 0xd3, 0xd3, 0xd3, 0xd3, 0xd3, 0xd3, 0xd3, 0xd4, 0xd0, 0xd0, 0xd4, 0xd3, 0xf4, 0x27, 0xda, 0xd3, 0xeb, 0x28, 0x28, 0x28, 0x28, 0x28, 0x28, 0x28, 0x28, 0x28, 0x28, 0x28, 0x28, 0x28, 0x28, 0x28, 0x28, 0x28, 0x28, 0x28, 0x28, 0xbb, 0x8f, 0x8e, 0x8e, 0x8f, 0xc7, 0x28, 0x28, 0x28, 0x28, 0x28, 0x28, 0x28, 0x28, 0x28, 0x28, 0x21, 0x1a, 0xe5, 0x7a, 0x0b, 0x05, 0x00, 0x00, 0x00, 0x00, 0x00, 0x00, 0x00, 0xcb, 0x28, 0x28, 0x28, 0x28, 0x28, 0x28, 0x28, 0x28, 0x91, 0x8f, 0x8e, 0x8f, 0xc9, 0x28, 0x28, 0x28, 0x28, 0x28, 0x28, 0x28, 0x28, 0x28, 0x28, 0x28, 0x28, 0x28, 0x28, 0x28, 0x28, 0x28, 0x28, 0x28, 0x28, 0x28, 0x28, 0x28, 0x28, 0x28, 0x28, 0x28, 0x28, 0x28, 0x28, 0x28, 0x28, 0x28, 0x28, 0x28, 0x28, 0x28, 0x28, 0x28, 0x28, 0x28, 0x28, 0x28, 0x28, 0x28, 0x28, 0x28, 0x28, 0x28, 0x28, 0x28, 0x28, 0x28, 0x28, 0x28, 0x28, 0x28, 0x28, 0x28, 0x28, 0x28, 0x28, 0x28, 0x28, 0x28, 0x28, 0x28, 0x28, 0x28, 0x28, 0x28, 0x28, 0x28, 0x28, 0x28, 0x28, 0x28, 0x28, 0x28, 0x28, 0x28, 0x28, 0x28, 0x28, 0x28, 0x28, 0x28, 0x28, 0x28, 0x28, 0x28, 0x28, 0x28, 0x28, 0x28, 0x28, 0x28, 0x28, 0x28, 0x28, 0x28, 0x28, 0x28, 0xc9, 0x28, 0xc9, 0x28, 0xc9, 0x28, 0xc9, 0x31, 0x31, 0x7d, 0x7d, 0x32, 0x32, 0x7d, 0x32, 0x7d, 0x30, 0x2f, 0x30, 0x30, 0x30, 0x2f, 0x7a, 0x2f, 0x30, 0x30, 0x30, 0x7a, 0x30, 0x31, 0x7a, 0x7a, 0x7a, 0x30, 0x7a, 0x7a, 0x7a, 0x7a, 0x30, 0x30, 0x30, 0x2c, 0x2c, 0x2c, 0x2c, 0x2c, 0x2c, 0x2d, 0x2d, 0x2d, 0x2d, 0x2d, 0x2d, 0x2d, 0x2c, 0x2d, 0x2c, 0x2d, 0x2c, 0x2d, 0x2d, 0x2c, 0x2c, 0x2c, 0x2d, 0x0d, 0x2d, 0x2c, 0x2f, 0x2c, 0x0d, 0x2b, 0x2a, 0x2a, 0x2a, 0x2a, 0x0d, 0x2b, 0x2b, 0x2a, 0x2b, 0x2a, 0xd0, 0x28, 0x28, 0xc9, 0x28, 0x28, 0x28, 0x28, 0xd0, 0x28, 0xc9, 0x28, 0xc9, 0x28, 0xd0, 0x28, 0xc9, 0x28, 0xd0, 0x28, 0xd0, 0x28, 0xd0, 0x28, 0x28, 0x28, 0x28, 0x28, 0x28, 0x28, 0x28, 0x28, 0x28, 0x28, 0x28, 0x28, 0x28, 0x28, 0x28, 0x28, 0x28, 0x28, 0x28, 0x28, 0x28, 0x28, 0x28, 0x28, 0x28, 0x28, 0x28, 
  0x28, 0x28, 0x28, 0x28, 0x28, 0x28, 0x90, 0x8e, 0x8f, 0x8e, 0xc4, 0x28, 0x28, 0x28, 0x28, 0x28, 0x28, 0x28, 0x26, 0x01, 0x00, 0x01, 0x11, 0xf3, 0xcd, 0x28, 0x28, 0x28, 0x28, 0xd9, 0x00, 0x00, 0x00, 0x17, 0x28, 0x28, 0x28, 0x28, 0x28, 0x28, 0x28, 0x28, 0x28, 0x94, 0x8e, 0x8e, 0x8e, 0x77, 0x00, 0x00, 0x00, 0x00, 0x00, 0x00, 0x00, 0x00, 0x00, 0x00, 0x00, 0x00, 0x00, 0x00, 0x00, 0x00, 0x00, 0x00, 0x00, 0x06, 0x28, 0x28, 0x24, 0x01, 0x02, 0x28, 0x28, 0x28, 0x28, 0x28, 0x28, 0x28, 0x28, 0x28, 0x28, 0x28, 0x28, 0x28, 0x28, 0x28, 0x28, 0x28, 0x28, 0x28, 0x28, 0x28, 0x28, 0x28, 0x28, 0x28, 0x28, 0xfd, 0x00, 0x11, 0x17, 0x00, 0x03, 0x28, 0x28, 0x28, 0x28, 0xe9, 0x10, 0xf3, 0xf4, 0xf2, 0x2e, 0x09, 0x29, 0x1e, 0x28, 0x28, 0x28, 0x0a, 0x00, 0x00, 0x31, 0x28, 0x28, 0x28, 0x28, 0x28, 0x3c, 0x35, 0x36, 0x36, 0x36, 0x35, 0x36, 0x35, 0x36, 0x28, 0x28, 0x28, 0x28, 0x28, 0x28, 0x24, 0xd3, 0xd3, 0xd3, 0xd3, 0xd3, 0xd3, 0xd3, 0xd3, 0xd3, 0xd3, 0xd3, 0xd3, 0xd7, 0x28, 0xf5, 0x28, 0xef, 0xd3, 0xd3, 0xd3, 0xd3, 0xd3, 0xd3, 0xd3, 0xd3, 0xd3, 0xe8, 0x28, 0xd7, 0xd3, 0x1c, 0x16, 0xd3, 0xd3, 0xf0, 0x28, 0x28, 0x28, 0x28, 0x28, 0x28, 0x28, 0x28, 0x28, 0x28, 0x28, 0x28, 0x28, 0x28, 0xc9, 0x28, 0x28, 0x28, 0x28, 0x28, 0xc1, 0x8e, 0x8e, 0x8f, 0x8e, 0xc0, 0x28, 0x28, 0x28, 0x28, 0x28, 0x28, 0x28, 0x22, 0xd9, 0x03, 0x00, 0x00, 0x00, 0x00, 0x00, 0x00, 0x00, 0x00, 0x00, 0x00, 0x00, 0x01, 0x04, 0xfc, 0x28, 0x28, 0x28, 0x28, 0x28, 0x28, 0x28, 0x28, 0x94, 0x8f, 0x8e, 0x8e, 0xbe, 0x28, 0x28, 0x28, 0x28, 0x28, 0x28, 0x28, 0x28, 0x28, 0x28, 0x28, 0x28, 0x28, 0x28, 0x28, 0x28, 0x28, 0x28, 0x28, 0x28, 0x28, 0x28, 0x28, 0x28, 0x28, 0x28, 0x28, 0x28, 0x28, 0x28, 0x28, 0x28, 0x28, 0x28, 0x28, 0x28, 0x28, 0x28, 0x28, 0x28, 0x28, 0x28, 0x28, 0x28, 0x28, 0x28, 0x28, 0x28, 0x28, 0x28, 0x28, 0x28, 0x28, 0x28, 0x28, 0x28, 0x28, 0x28, 0x28, 0x28, 0x28, 0x28, 0x28, 0x28, 0x28, 0x28, 0x28, 0x28, 0x28, 0x28, 0x28, 0x28, 0x28, 0x28, 0x28, 0x28, 0x28, 0x28, 0x28, 0x28, 0x28, 0x28, 0x28, 0x28, 0x28, 0x28, 0x28, 0x28, 0x28, 0x28, 0x28, 0x28, 0x28, 0x28, 0x28, 0x28, 0x28, 0x28, 0x28, 0x28, 0x28, 0x28, 0x28, 0x28, 0xd0, 0x28, 0x28, 0x28, 0xd0, 0x28, 0x31, 0x31, 0x7d, 0x32, 0x7d, 0x32, 0x7d, 0x32, 0x7d, 0x7d, 0x2f, 0x2f, 0x2f, 0x2f, 0x30, 0x2f, 0x30, 0x7a, 0x30, 0x31, 0x7a, 0x7a, 0x7a, 0x7a, 0x7a, 0x7a, 0x30, 0x7a, 0x7a, 0x7a, 0x7a, 0x30, 0x30, 0x2f, 0x2f, 0x2b, 0x2d, 0x2c, 0x2d, 0x2d, 0x2f, 0x2d, 0x2d, 0x2d, 0x2d, 0x2d, 0x2d, 0xfd, 0xfd, 0x2d, 0x2d, 0xfd, 0x2c, 0x2c, 0x2d, 0x2c, 0x2d, 0x2c, 0x2b, 0x2d, 0x2d, 0x2d, 0x0d, 0x2c, 0x2b, 0x2b, 0x2a, 0x2a, 0x2b, 0x2b, 0x2b, 0x2a, 0x2a, 0x2a, 0xff, 0x28, 0xd0, 0x28, 0xd0, 0x28, 0xd0, 0x28, 0x28, 0x28, 0xd0, 0x28, 0xd0, 0x28, 0xc9, 0x28, 0xd0, 0x28, 0xc9, 0x28, 0xc9, 0x28, 0xd0, 0x28, 0x28, 0x28, 0x28, 0x28, 0x28, 0x28, 0x28, 0x28, 0x28, 0x28, 0x28, 0x28, 0x28, 0x28, 0x28, 0x28, 0x28, 0x28, 0x28, 0x28, 0x28, 0x28, 0x28, 0x28, 0x28, 0x28, 0x28, 0x28, 
  0x28, 0x28, 0x28, 0x28, 0x28, 0xc8, 0x8e, 0x8e, 0x8e, 0x8e, 0xc5, 0x28, 0x28, 0x28, 0x28, 0x28, 0x28, 0x28, 0xea, 0x00, 0x00, 0x1a, 0x28, 0x28, 0x28, 0x28, 0x28, 0x28, 0x28, 0xfe, 0x02, 0x00, 0x00, 0x03, 0xd0, 0x28, 0x28, 0x28, 0x28, 0x28, 0x28, 0x28, 0xc6, 0x8f, 0x8f, 0x8f, 0x8e, 0x74, 0x00, 0x00, 0x00, 0x00, 0x00, 0x00, 0x00, 0x00, 0x00, 0x00, 0x00, 0x00, 0x00, 0x00, 0x00, 0x00, 0x00, 0x00, 0x00, 0x18, 0x28, 0x28, 0xf3, 0x00, 0x04, 0x28, 0x28, 0x28, 0x28, 0x28, 0x28, 0x28, 0x28, 0x28, 0x28, 0x28, 0x28, 0x28, 0x28, 0x28, 0x28, 0x28, 0x28, 0x28, 0x28, 0x28, 0x28, 0x28, 0x28, 0x28, 0x28, 0xee, 0x29, 0x27, 0x0b, 0x00, 0x17, 0x28, 0x28, 0x28, 0x28, 0x28, 0x28, 0x28, 0x28, 0x28, 0x28, 0x28, 0x28, 0x28, 0x28, 0x28, 0x28, 0x14, 0x00, 0x00, 0x31, 0x28, 0x28, 0x28, 0x28, 0x28, 0x44, 0x36, 0x35, 0x36, 0x35, 0x36, 0x35, 0x36, 0x37, 0x28, 0x28, 0x28, 0x28, 0x28, 0x28, 0x28, 0xe0, 0xd3, 0xd3, 0xd3, 0xd3, 0xd3, 0xd3, 0xd3, 0xd3, 0xd3, 0xd3, 0xd3, 0xd3, 0xf0, 0x20, 0xe2, 0xd5, 0xd3, 0xd3, 0xd3, 0xd3, 0xd3, 0xd3, 0xd3, 0xd3, 0xd3, 0xd3, 0x28, 0xdd, 0xe0, 0x28, 0xf2, 0xd3, 0xd7, 0x28, 0x28, 0x28, 0x28, 0x28, 0x28, 0x28, 0xc6, 0xc9, 0x28, 0x28, 0x28, 0x28, 0x28, 0xc8, 0xae, 0x28, 0x28, 0x28, 0x28, 0xc7, 0xb7, 0x8f, 0x8f, 0x8e, 0x8e, 0xae, 0x28, 0x28, 0x28, 0x28, 0x28, 0x28, 0x28, 0xce, 0x00, 0x00, 0x00, 0x00, 0x00, 0x00, 0x00, 0x00, 0x01, 0x02, 0x03, 0x2e, 0xec, 0x28, 0x28, 0x28, 0x28, 0x28, 0x28, 0x28, 0x28, 0x28, 0x28, 0x28, 0x97, 0x8e, 0x8f, 0x8e, 0xb2, 0x28, 0x28, 0x28, 0x28, 0x28, 0x28, 0x28, 0x28, 0x28, 0x28, 0x28, 0x28, 0x28, 0x28, 0x28, 0x28, 0x28, 0x28, 0x28, 0x28, 0x28, 0x28, 0xac, 0x97, 0x97, 0xc5, 0x28, 0x28, 0x28, 0x28, 0x28, 0x28, 0x28, 0x28, 0xac, 0x97, 0x97, 0xc6, 0x28, 0x28, 0x28, 0x28, 0x28, 0x28, 0x28, 0x28, 0x28, 0x28, 0x28, 0x28, 0x28, 0x28, 0x28, 0x28, 0x28, 0x28, 0x28, 0x28, 0x28, 0x28, 0x28, 0x28, 0x28, 0x28, 0x28, 0x28, 0x28, 0x28, 0x28, 0x28, 0x9e, 0x97, 0xbe, 0x28, 0x28, 0x28, 0x28, 0x28, 0x28, 0x28, 0x28, 0x28, 0x28, 0x28, 0x28, 0x28, 0x28, 0x28, 0x28, 0x28, 0x28, 0x28, 0x28, 0x28, 0x28, 0x28, 0x28, 0x28, 0x28, 0x28, 0x28, 0x28, 0x28, 0xc9, 0x28, 0xc9, 0x28, 0xd0, 0x28, 0x28, 0x32, 0x7d, 0x7d, 0x7d, 0x32, 0x7f, 0x32, 0x32, 0x8c, 0x8c, 0x8d, 0x8c, 0x8c, 0x8c, 0x8c, 0x8a, 0x81, 0x7b, 0x7a, 0x7a, 0x7a, 0x30, 0x7a, 0x30, 0x7a, 0x7a, 0x7a, 0x7a, 0x7a, 0x7a, 0x30, 0x2f, 0x2f, 0x30, 0x2f, 0x2c, 0x2b, 0x2d, 0x2d, 0x2d, 0x2d, 0x2d, 0x2d, 0x2d, 0x2d, 0x2d, 0x2d, 0xfd, 0x2c, 0xfd, 0xfd, 0x2d, 0x0d, 0x2d, 0x2d, 0x2c, 0x2c, 0x2d, 0x2c, 0x2d, 0x2c, 0x2d, 0x2b, 0x0d, 0x2b, 0x0d, 0x2a, 0x2a, 0x2b, 0x0d, 0x2b, 0x2a, 0x0d, 0xff, 0x2a, 0xd0, 0x28, 0xc9, 0x28, 0xc9, 0x28, 0xc9, 0x28, 0xd0, 0x28, 0xc9, 0x28, 0xc9, 0x28, 0xd0, 0x28, 0xc9, 0x28, 0xd0, 0x28, 0xd0, 0x28, 0xc9, 0x28, 0x28, 0x28, 0x28, 0x28, 0x28, 0x28, 0x28, 0x28, 0x28, 0x28, 0x28, 0x28, 0x28, 0x28, 0x28, 0x28, 0x28, 0x28, 0x28, 0x28, 0x28, 0x28, 0x28, 0x28, 0x28, 0x28, 0x28, 
  0x28, 0x28, 0x28, 0x28, 0x28, 0xbf, 0x8e, 0x8f, 0x8e, 0x8f, 0xc7, 0x28, 0x28, 0x28, 0x28, 0x28, 0x28, 0x28, 0x0f, 0x00, 0x00, 0x28, 0x28, 0x28, 0x28, 0x28, 0x28, 0x28, 0x28, 0x28, 0x28, 0x2f, 0x00, 0x00, 0x1a, 0x28, 0x28, 0x28, 0x28, 0x28, 0x28, 0x28, 0xb7, 0x8e, 0x8e, 0x8e, 0x86, 0x00, 0x00, 0x00, 0x00, 0x00, 0x00, 0x00, 0x00, 0x00, 0x00, 0x00, 0x00, 0x00, 0x00, 0x00, 0x00, 0x00, 0x00, 0x00, 0xfe, 0x28, 0x28, 0xd0, 0x03, 0x00, 0x29, 0x28, 0x28, 0x28, 0x28, 0x28, 0x28, 0x28, 0x28, 0x28, 0x28, 0x28, 0x28, 0x28, 0x28, 0x28, 0x28, 0x28, 0x28, 0x28, 0x28, 0x28, 0x28, 0x28, 0x28, 0x28, 0x28, 0x28, 0x28, 0x17, 0x00, 0x09, 0x28, 0x28, 0x28, 0x28, 0x28, 0x28, 0x28, 0x28, 0x28, 0x28, 0x28, 0x28, 0x28, 0x28, 0x28, 0x28, 0x28, 0x28, 0x2a, 0x00, 0x31, 0x28, 0x28, 0x28, 0x28, 0x28, 0x66, 0x35, 0x36, 0x35, 0x36, 0x35, 0x36, 0x35, 0x44, 0x28, 0x28, 0x28, 0x28, 0x28, 0x28, 0x28, 0xfa, 0xd3, 0xd3, 0xd3, 0xd3, 0xd3, 0xd3, 0xd3, 0xd3, 0xd3, 0xd3, 0xd3, 0xd3, 0xfc, 0x25, 0xd3, 0xd3, 0xd3, 0xd3, 0xd3, 0xd3, 0xd3, 0xd3, 0xd3, 0xd3, 0xd3, 0xd3, 0x25, 0xcc, 0x24, 0xcb, 0xd3, 0xd3, 0xe9, 0x28, 0x28, 0x28, 0x28, 0x28, 0x28, 0xb1, 0xae, 0x28, 0x28, 0x28, 0x28, 0xd0, 0x9e, 0x8e, 0xbe, 0x28, 0x28, 0xc2, 0xa5, 0x8f, 0xad, 0xb8, 0x8e, 0x8f, 0x8e, 0xa3, 0x28, 0x28, 0x28, 0x28, 0x28, 0x28, 0x28, 0x24, 0x00, 0x00, 0x00, 0x00, 0x01, 0x2a, 0xf4, 0x22, 0xd0, 0x28, 0x28, 0x28, 0x28, 0x28, 0x28, 0x28, 0x28, 0x28, 0x28, 0x28, 0x28, 0x28, 0x28, 0x28, 0xac, 0x8e, 0x8e, 0x8e, 0xae, 0x28, 0x28, 0x28, 0x28, 0x28, 0x28, 0x28, 0x28, 0x28, 0x28, 0x28, 0x28, 0x28, 0x28, 0x28, 0x28, 0x28, 0x28, 0x28, 0x28, 0x28, 0x28, 0xa0, 0x8f, 0x8e, 0xa5, 0x28, 0x28, 0x28, 0x28, 0x28, 0x28, 0x28, 0xbc, 0x8e, 0x8e, 0x8e, 0xc5, 0x28, 0x28, 0x28, 0x28, 0x28, 0x28, 0x28, 0x28, 0x28, 0x28, 0x28, 0x28, 0x28, 0x28, 0x28, 0x28, 0x28, 0xc9, 0xbc, 0xc1, 0x28, 0x28, 0x28, 0x28, 0x28, 0xc8, 0xb9, 0xc7, 0x28, 0x28, 0x28, 0x28, 0x90, 0x8f, 0xbc, 0x28, 0x28, 0x28, 0x28, 0x28, 0x28, 0x28, 0x28, 0x28, 0x28, 0x28, 0x28, 0x28, 0x28, 0x28, 0x28, 0x28, 0x28, 0x28, 0x28, 0x28, 0x28, 0x28, 0x28, 0x28, 0x28, 0x28, 0x28, 0x28, 0x28, 0x28, 0xd0, 0x28, 0xc9, 0x28, 0x28, 0x28, 0x27, 0x7d, 0x7d, 0x7d, 0x7d, 0x32, 0x7f, 0x7f, 0x8e, 0x8e, 0x8e, 0x8e, 0x8f, 0x8f, 0x8e, 0x8e, 0x8f, 0x88, 0x30, 0xca, 0x30, 0xca, 0x30, 0x7a, 0x7a, 0x7a, 0x30, 0x7a, 0x31, 0x7a, 0x2f, 0xca, 0x2e, 0x2f, 0x2e, 0x2d, 0x2c, 0x2c, 0x2d, 0x2d, 0x2d, 0x2d, 0x2d, 0x2d, 0x2d, 0x2d, 0x2d, 0x0d, 0xfd, 0x0d, 0x2d, 0x0d, 0x2d, 0x2c, 0x2d, 0x2d, 0x2d, 0x2c, 0x2d, 0x2d, 0x2d, 0x2c, 0x2d, 0x2a, 0x0d, 0x2b, 0x0d, 0x2b, 0x0d, 0x2a, 0x2a, 0x2b, 0x2a, 0x2b, 0xff, 0x28, 0xd0, 0x28, 0xd0, 0x28, 0xd0, 0x28, 0xd0, 0x28, 0x28, 0x28, 0xd0, 0x28, 0xc9, 0x28, 0xd0, 0x28, 0xc9, 0x28, 0xc9, 0x28, 0xd0, 0x28, 0x28, 0x28, 0x28, 0x28, 0x28, 0x28, 0x28, 0x28, 0x28, 0x28, 0x28, 0x28, 0x28, 0x28, 0x28, 0x28, 0x28, 0x28, 0x28, 0x28, 0x28, 0x28, 0x28, 0x28, 0x28, 0x28, 0x28, 0x28, 
  0x28, 0x28, 0x28, 0x28, 0x28, 0xbb, 0x8e, 0x8e, 0x8f, 0x9e, 0x28, 0x28, 0x28, 0x28, 0x28, 0x28, 0x28, 0x28, 0x2e, 0x00, 0x03, 0x28, 0x28, 0x28, 0x28, 0x28, 0x28, 0x28, 0x28, 0x28, 0x28, 0x28, 0x00, 0x00, 0x1a, 0x28, 0x28, 0x28, 0x28, 0x28, 0x28, 0x28, 0xa5, 0x8e, 0x8f, 0x8e, 0x77, 0x00, 0x00, 0x00, 0x00, 0x00, 0x00, 0x00, 0x00, 0x00, 0x00, 0x00, 0x00, 0x00, 0x00, 0x00, 0x00, 0x00, 0x00, 0x01, 0xf0, 0x28, 0x28, 0x12, 0x00, 0x00, 0xea, 0x28, 0x28, 0x28, 0x28, 0x28, 0x28, 0x28, 0x28, 0x28, 0x28, 0x28, 0x28, 0x28, 0x28, 0x28, 0x28, 0x28, 0x28, 0x28, 0x28, 0x28, 0x28, 0x28, 0x28, 0x28, 0x28, 0x28, 0x28, 0x11, 0x00, 0xee, 0x28, 0x28, 0x28, 0x28, 0x28, 0x28, 0x28, 0x28, 0x28, 0x28, 0x28, 0x28, 0x28, 0x28, 0x28, 0x28, 0x28, 0x28, 0x28, 0x2a, 0x31, 0x28, 0x28, 0x28, 0x28, 0x28, 0x28, 0x66, 0x36, 0x35, 0x36, 0x35, 0x36, 0x3a, 0x28, 0x28, 0x28, 0x28, 0x28, 0x28, 0x28, 0x28, 0xef, 0xd3, 0xd3, 0xd3, 0xd3, 0xd3, 0xd3, 0xd3, 0xd3, 0xd3, 0xd3, 0xd3, 0xd3, 0xfa, 0xd0, 0xca, 0xd3, 0xd3, 0xd3, 0xd3, 0xd3, 0xd3, 0xd3, 0xd3, 0xd3, 0xd3, 0xd3, 0x14, 0x28, 0x28, 0xdf, 0xd3, 0xdd, 0x28, 0x28, 0x28, 0x28, 0x28, 0x28, 0x9e, 0x8e, 0xbf, 0x28, 0x28, 0x28, 0xb8, 0x8f, 0x8e, 0x90, 0x28, 0xbb, 0x94, 0x8e, 0x8e, 0xb9, 0x28, 0xc2, 0x8e, 0x8e, 0x8f, 0x8e, 0xc6, 0x28, 0x28, 0x28, 0x28, 0x28, 0x28, 0x27, 0x00, 0x00, 0xf2, 0xc9, 0x28, 0x28, 0x28, 0x28, 0x28, 0x28, 0x28, 0x28, 0x28, 0x28, 0x28, 0x28, 0x28, 0x28, 0x28, 0x28, 0x28, 0x28, 0x28, 0x28, 0xbe, 0x8e, 0x8f, 0x8e, 0xa6, 0x28, 0x28, 0x28, 0x28, 0x28, 0x28, 0x28, 0x28, 0x28, 0x28, 0x28, 0x28, 0x28, 0x28, 0x28, 0x28, 0x28, 0x28, 0x28, 0x28, 0x28, 0x28, 0xa0, 0x8e, 0x8f, 0x8f, 0xbc, 0x28, 0x28, 0x28, 0x28, 0x28, 0xc9, 0x91, 0x8f, 0x8f, 0x8f, 0xc5, 0x28, 0x28, 0x28, 0x28, 0x28, 0x28, 0x28, 0x28, 0x28, 0x28, 0x28, 0x28, 0x28, 0x28, 0x28, 0x28, 0x28, 0x9e, 0x8e, 0xb4, 0x28, 0x28, 0x28, 0x28, 0x28, 0x8e, 0x8e, 0xc0, 0x28, 0x28, 0x28, 0x28, 0x8f, 0x8e, 0xbc, 0x28, 0x28, 0x28, 0x28, 0x28, 0x28, 0x28, 0x28, 0x28, 0x28, 0x28, 0x28, 0x28, 0x28, 0x28, 0x28, 0x28, 0x28, 0x28, 0x28, 0x28, 0x28, 0x28, 0x28, 0x28, 0x28, 0x28, 0x28, 0x28, 0x28, 0xc9, 0x28, 0xc9, 0x28, 0xd0, 0x28, 0x28, 0x28, 0x7d, 0x7d, 0x7d, 0x32, 0x32, 0x7f, 0x33, 0x8f, 0x8e, 0x88, 0x82, 0x82, 0x82, 0x87, 0x8d, 0x8f, 0x8e, 0x82, 0xca, 0x30, 0x30, 0x2f, 0x7a, 0x30, 0x7a, 0xca, 0x7a, 0x7a, 0x7a, 0x30, 0x30, 0x30, 0x2f, 0xca, 0x2e, 0x2c, 0x2c, 0x2d, 0x2d, 0x2d, 0x2d, 0x2d, 0x2d, 0x2d, 0x2d, 0x2d, 0xfd, 0x2c, 0xfd, 0xfd, 0x2c, 0x2c, 0x2d, 0x2d, 0x2c, 0x2d, 0x2c, 0x2d, 0x2c, 0x2c, 0x2b, 0x2c, 0x2b, 0x0d, 0x2c, 0x0d, 0x2b, 0x2b, 0x2b, 0x2b, 0x2c, 0x2a, 0x2b, 0xf1, 0x28, 0xd0, 0xd0, 0x28, 0x28, 0x28, 0xc9, 0x28, 0xc9, 0x28, 0xc9, 0x28, 0xc9, 0x28, 0xd0, 0x28, 0xc9, 0x28, 0xd0, 0x28, 0xd0, 0x28, 0xc9, 0x28, 0x28, 0x28, 0x28, 0x28, 0x28, 0x28, 0x28, 0x28, 0x28, 0x28, 0x28, 0x28, 0x28, 0x28, 0x28, 0x28, 0x28, 0x28, 0x28, 0x28, 0x28, 0x28, 0x28, 0x28, 0x28, 0x28, 0x28, 
  0x28, 0x28, 0x28, 0x28, 0x28, 0xb2, 0x8e, 0x8f, 0x8e, 0xb6, 0x28, 0x28, 0x28, 0x28, 0x28, 0x28, 0x28, 0x28, 0xd9, 0x00, 0x00, 0xd0, 0x28, 0x28, 0x28, 0x28, 0x28, 0x28, 0x28, 0x28, 0x28, 0x28, 0x00, 0x00, 0x1a, 0x28, 0x28, 0x28, 0x28, 0x28, 0x28, 0x28, 0x94, 0x8f, 0x8e, 0x8f, 0x74, 0x00, 0x00, 0x00, 0x00, 0x00, 0x00, 0x00, 0x00, 0x00, 0x00, 0x00, 0x00, 0x00, 0x00, 0x00, 0x00, 0x00, 0x00, 0xdb, 0x28, 0x28, 0x28, 0x01, 0x00, 0x00, 0x26, 0x28, 0x28, 0x28, 0x28, 0x28, 0x28, 0x28, 0x28, 0x28, 0x28, 0x28, 0x28, 0x28, 0x28, 0x28, 0x28, 0x28, 0x28, 0x28, 0x28, 0x28, 0x28, 0x28, 0x28, 0x28, 0x28, 0x28, 0x25, 0x02, 0x07, 0x28, 0x28, 0x28, 0x28, 0x28, 0x28, 0x28, 0x28, 0x28, 0x28, 0x28, 0x28, 0x28, 0x28, 0x28, 0x28, 0x28, 0x28, 0x28, 0x28, 0xf0, 0xee, 0x28, 0x28, 0x28, 0x28, 0x28, 0x28, 0x28, 0x6b, 0x44, 0x36, 0x3c, 0x5d, 0xc8, 0x28, 0x28, 0x28, 0x28, 0x28, 0x28, 0x28, 0x28, 0x28, 0xd7, 0xd3, 0xd3, 0xd3, 0xd3, 0xd3, 0xd3, 0xd3, 0xd3, 0xd3, 0xd3, 0xd3, 0xe0, 0x28, 0xd7, 0x23, 0xea, 0xd3, 0xd3, 0xd3, 0xd3, 0xd3, 0xd3, 0xd3, 0xd3, 0xd3, 0xd3, 0xf0, 0xf7, 0xd3, 0xd3, 0xec, 0x28, 0x28, 0x28, 0x28, 0xc2, 0x97, 0x8e, 0x93, 0xc9, 0x28, 0xbf, 0x9a, 0x8e, 0x8f, 0x8e, 0x9a, 0x97, 0x8e, 0x8e, 0x94, 0xc2, 0x28, 0x28, 0xc5, 0x8f, 0x8f, 0x8e, 0x8e, 0xc0, 0x28, 0x28, 0x28, 0x28, 0x28, 0x28, 0x28, 0x0b, 0x00, 0x0a, 0x28, 0x28, 0x28, 0x28, 0x28, 0x28, 0x28, 0x28, 0x28, 0x28, 0x28, 0x28, 0x28, 0x28, 0x28, 0x28, 0x28, 0x28, 0x28, 0x28, 0x28, 0x28, 0x90, 0x8e, 0x8e, 0xa5, 0x28, 0x28, 0x28, 0x28, 0x28, 0x28, 0x28, 0x28, 0x28, 0x28, 0x28, 0x28, 0x28, 0x28, 0x28, 0x28, 0x28, 0x28, 0x28, 0x28, 0x28, 0x28, 0x9f, 0x8f, 0x8e, 0x8e, 0x94, 0xc9, 0x28, 0x28, 0x28, 0x28, 0xb1, 0x8f, 0x8e, 0x8f, 0x8e, 0xc5, 0x28, 0x28, 0x28, 0x28, 0x28, 0x28, 0x28, 0x28, 0x28, 0x28, 0x28, 0x28, 0x28, 0x28, 0x28, 0x28, 0x28, 0x9e, 0x8e, 0xb4, 0x28, 0x28, 0x28, 0x28, 0x28, 0x8f, 0x8e, 0xc0, 0x28, 0x28, 0x28, 0x28, 0x90, 0x8e, 0xbc, 0x28, 0x28, 0x28, 0x28, 0x28, 0x28, 0x28, 0x28, 0x28, 0x28, 0x28, 0x28, 0x28, 0x28, 0x28, 0x28, 0x28, 0x28, 0x28, 0x28, 0x28, 0x28, 0x28, 0x28, 0x28, 0x28, 0x28, 0x28, 0x28, 0x28, 0x28, 0xd0, 0x28, 0xd0, 0x28, 0x28, 0x28, 0x28, 0xdc, 0x32, 0x7d, 0x7d, 0x32, 0x7f, 0x7f, 0x8e, 0x8f, 0x85, 0x2f, 0x2f, 0x2f, 0x2f, 0x7b, 0x8e, 0x8e, 0x8a, 0x30, 0x30, 0xca, 0xca, 0x30, 0xca, 0x7a, 0x7a, 0x7a, 0x7a, 0x7a, 0xca, 0x30, 0xca, 0x2f, 0x2f, 0x2f, 0x2d, 0x2d, 0x2d, 0x2c, 0x2d, 0x2d, 0x2d, 0x2e, 0x2d, 0x2d, 0x2d, 0xfd, 0x2c, 0xfd, 0x0d, 0xfd, 0x0d, 0x2c, 0x2d, 0x2d, 0x2d, 0x2d, 0x2d, 0x2d, 0x2d, 0x2d, 0x2c, 0xfd, 0x0d, 0x0d, 0x2b, 0x2b, 0x0d, 0x2b, 0x2b, 0x2b, 0x2a, 0x2b, 0x28, 0xd0, 0x28, 0x28, 0xd0, 0x28, 0xc9, 0x28, 0xd0, 0x28, 0xd0, 0x28, 0xd0, 0x28, 0xc9, 0x28, 0xd0, 0x28, 0xc9, 0x28, 0xd0, 0x28, 0xd0, 0x28, 0x28, 0x28, 0x28, 0x28, 0x28, 0x28, 0x28, 0x28, 0x28, 0x28, 0x28, 0x28, 0x28, 0x28, 0x28, 0x28, 0x28, 0x28, 0x28, 0x28, 0x28, 0x28, 0x28, 0x28, 0x28, 0x28, 0x28, 0x28, 
  0x28, 0x28, 0x28, 0x28, 0x28, 0xae, 0x8e, 0x8e, 0x8e, 0xc1, 0x28, 0x28, 0x28, 0x28, 0x28, 0x28, 0x28, 0x28, 0xf9, 0x00, 0x00, 0x0b, 0xee, 0x28, 0x28, 0x28, 0x28, 0x28, 0x28, 0x28, 0x28, 0xf3, 0x00, 0x00, 0xef, 0x28, 0x28, 0x28, 0x28, 0x28, 0x28, 0x28, 0x8f, 0x8f, 0x8f, 0x8e, 0x74, 0x00, 0x00, 0x00, 0x00, 0x00, 0x00, 0x00, 0x00, 0x00, 0x00, 0x00, 0x00, 0x00, 0x00, 0x00, 0x00, 0x00, 0x00, 0x17, 0x28, 0x28, 0xed, 0x00, 0x00, 0x01, 0xd0, 0x28, 0x28, 0x28, 0x28, 0x28, 0x28, 0x28, 0x28, 0x28, 0x28, 0x28, 0x28, 0x28, 0x28, 0x28, 0x28, 0x28, 0x28, 0x28, 0x28, 0x28, 0x28, 0x28, 0x28, 0x28, 0x28, 0x28, 0x13, 0x00, 0x0c, 0x28, 0x28, 0x28, 0x28, 0x28, 0x28, 0x28, 0x28, 0x28, 0x28, 0x28, 0x28, 0x28, 0x28, 0x28, 0x28, 0x28, 0x28, 0x28, 0x28, 0x28, 0x27, 0x28, 0x28, 0x28, 0x28, 0x28, 0x28, 0x28, 0x28, 0x28, 0xc9, 0x28, 0x28, 0x28, 0x28, 0x28, 0x28, 0x28, 0x28, 0x28, 0x28, 0x28, 0x28, 0xf9, 0xd3, 0xd3, 0xd3, 0xd3, 0xd3, 0xd3, 0xd3, 0xd3, 0xd3, 0xd3, 0xd3, 0xd7, 0x28, 0xec, 0x1e, 0xe3, 0xd3, 0xd3, 0xd3, 0xd3, 0xd3, 0xd3, 0xd3, 0xd3, 0xd3, 0xd3, 0x23, 0xd2, 0xd3, 0xe5, 0x28, 0x28, 0x28, 0x28, 0xb4, 0x94, 0x8e, 0x8e, 0xb7, 0xc7, 0xaf, 0x94, 0x8e, 0x8e, 0x8e, 0x8f, 0x8e, 0x8e, 0x8e, 0xa5, 0xc5, 0x28, 0x28, 0x28, 0xc9, 0x91, 0x8e, 0x8f, 0x8e, 0xb7, 0x28, 0x28, 0x28, 0x28, 0x28, 0x28, 0x28, 0xe8, 0x00, 0x00, 0x25, 0x28, 0x28, 0x28, 0x28, 0x28, 0x28, 0x28, 0x28, 0x28, 0x28, 0x28, 0x28, 0x28, 0x28, 0x28, 0x28, 0x28, 0x28, 0x28, 0x28, 0x28, 0x97, 0x8e, 0x8f, 0x9e, 0x28, 0x28, 0x28, 0x28, 0x28, 0x28, 0x28, 0x28, 0x28, 0x28, 0x28, 0x28, 0x28, 0x28, 0x28, 0x28, 0x28, 0x28, 0x28, 0x28, 0x28, 0x28, 0xa0, 0x8e, 0x91, 0x8e, 0x8f, 0xb1, 0x28, 0x28, 0x28, 0xc4, 0x8f, 0x8e, 0x93, 0x8e, 0x8f, 0xc5, 0x28, 0x28, 0x28, 0x28, 0xc4, 0xb7, 0xac, 0xad, 0xb9, 0xc5, 0x28, 0xb8, 0xb8, 0xc8, 0x28, 0xba, 0xb8, 0x94, 0x8e, 0xa6, 0xb8, 0xb8, 0xc0, 0xb8, 0xb8, 0x8e, 0x8e, 0xaf, 0xb8, 0xb8, 0xc7, 0x28, 0x90, 0x8f, 0xbc, 0xc2, 0xb6, 0xac, 0xad, 0xba, 0x28, 0x28, 0x28, 0x28, 0x28, 0x28, 0x28, 0xbf, 0xb4, 0xaa, 0xad, 0xb7, 0xc5, 0x28, 0x28, 0x28, 0xbb, 0xb8, 0xc0, 0x28, 0x28, 0x28, 0x28, 0xbb, 0xb8, 0xc1, 0x28, 0x28, 0x28, 0xd0, 0xba, 0xb8, 0xc1, 0xc9, 0x32, 0x7d, 0x7d, 0x32, 0x7f, 0x7f, 0x8f, 0x8e, 0x84, 0x2e, 0x2f, 0x2f, 0x30, 0xca, 0x88, 0x8f, 0x8d, 0xca, 0x7a, 0x30, 0x30, 0xca, 0x2f, 0x7a, 0x7a, 0x7a, 0x7a, 0x30, 0x30, 0xca, 0x30, 0x2f, 0x2f, 0x2e, 0x2f, 0x2b, 0x2d, 0x2d, 0x2d, 0x2e, 0x2d, 0x2d, 0x2d, 0x2d, 0x2c, 0x2d, 0x2c, 0x2c, 0x2c, 0xfd, 0xfd, 0x2d, 0x2d, 0x2c, 0xfd, 0x2d, 0x2d, 0x2d, 0x2c, 0x2c, 0x2c, 0x2b, 0x2b, 0x2b, 0x2b, 0x0d, 0x2b, 0x2b, 0x0d, 0x2b, 0x2a, 0x0d, 0x28, 0x28, 0xd0, 0x28, 0xc9, 0x28, 0xd0, 0x28, 0xc9, 0x28, 0xc9, 0x28, 0xc9, 0x28, 0xd0, 0x28, 0xc9, 0x28, 0xd0, 0x28, 0xc9, 0x28, 0xc9, 0x28, 0x28, 0x28, 0x28, 0x28, 0x28, 0x28, 0x28, 0x28, 0x28, 0x28, 0x28, 0x28, 0x28, 0x28, 0x28, 0x28, 0x28, 0x28, 0x28, 0x28, 0x28, 0x28, 0x28, 0x28, 0x28, 0x28, 0x28, 0x28, 
  0x28, 0x28, 0x28, 0x28, 0x28, 0xac, 0x8e, 0x8f, 0x8e, 0xc6, 0x28, 0x28, 0x28, 0x28, 0x28, 0x28, 0x28, 0x28, 0xd0, 0x04, 0x00, 0x00, 0x00, 0x29, 0x34, 0x14, 0x1e, 0x28, 0x28, 0x25, 0x0f, 0x01, 0x00, 0x30, 0x28, 0x28, 0x28, 0x28, 0x28, 0x28, 0x28, 0xbe, 0x8f, 0x8e, 0x8e, 0x8d, 0x00, 0x00, 0x00, 0x00, 0x00, 0x00, 0x00, 0x00, 0x00, 0x00, 0x00, 0x00, 0x00, 0x00, 0x00, 0x00, 0x00, 0x00, 0x05, 0x26, 0x28, 0x28, 0x2f, 0x00, 0x00, 0x02, 0x28, 0x28, 0x28, 0x28, 0x28, 0x28, 0x28, 0x28, 0x28, 0x28, 0x28, 0x28, 0x28, 0x28, 0x28, 0x28, 0x28, 0x28, 0x28, 0x28, 0x28, 0x28, 0x28, 0x28, 0x28, 0x28, 0x28, 0x28, 0x2a, 0x00, 0xdf, 0x28, 0x28, 0x28, 0x28, 0x28, 0x28, 0x28, 0x28, 0x28, 0x28, 0x28, 0x29, 0x09, 0xd9, 0x28, 0x28, 0x28, 0x28, 0x28, 0x28, 0x28, 0xd1, 0xdd, 0x18, 0x28, 0x28, 0x28, 0x28, 0x28, 0x28, 0x28, 0x28, 0x28, 0x28, 0x28, 0x28, 0x28, 0x28, 0x28, 0x28, 0x28, 0x28, 0x28, 0x28, 0x1e, 0xe5, 0xf5, 0xfb, 0xe6, 0xe9, 0xeb, 0xfc, 0xfc, 0xfc, 0xfc, 0xfc, 0xec, 0x28, 0xd0, 0xd4, 0xd3, 0xd3, 0xd3, 0xd3, 0xd3, 0xd3, 0xd3, 0xd3, 0xd3, 0xd3, 0xd3, 0xe8, 0x28, 0xfa, 0x25, 0xc2, 0x28, 0xc5, 0xa3, 0x8e, 0x8e, 0x8f, 0x8e, 0xad, 0x94, 0x8e, 0x8e, 0x8f, 0x8e, 0x8f, 0x8e, 0x8f, 0x8f, 0xb4, 0x28, 0x28, 0x28, 0x28, 0x28, 0x28, 0xb1, 0x8e, 0x8f, 0x8e, 0xa9, 0x28, 0x28, 0x28, 0x28, 0x28, 0x28, 0x28, 0x26, 0x00, 0x00, 0x1e, 0x28, 0x28, 0x28, 0x28, 0x28, 0x28, 0x28, 0x28, 0x28, 0x28, 0x28, 0x28, 0x28, 0x28, 0x28, 0x28, 0x28, 0x28, 0x28, 0x28, 0x28, 0x9f, 0x8e, 0x8e, 0x90, 0x28, 0x28, 0x28, 0x28, 0x28, 0x28, 0x28, 0x28, 0x28, 0x28, 0x28, 0x28, 0x28, 0x28, 0x28, 0x28, 0x28, 0x28, 0x28, 0x28, 0x28, 0x28, 0xa0, 0x8f, 0xaa, 0xa5, 0x8e, 0x8e, 0xc4, 0x28, 0x28, 0xa5, 0x8e, 0x8f, 0xbb, 0x8e, 0x8e, 0xc5, 0x28, 0x28, 0x28, 0xb7, 0x8e, 0x8e, 0x8e, 0x8e, 0x8e, 0x8f, 0xbd, 0x8e, 0x8e, 0xbe, 0x28, 0x8e, 0x8f, 0x8e, 0x8f, 0x8e, 0x8f, 0x8e, 0xaf, 0x8e, 0x8f, 0x8f, 0x8e, 0x8e, 0x8e, 0x8f, 0xc2, 0x28, 0x90, 0x8e, 0xae, 0x8f, 0x8e, 0x8e, 0x8e, 0x8e, 0x9e, 0xc7, 0x28, 0x28, 0x28, 0xc7, 0xaa, 0x8e, 0x8e, 0x8f, 0x8e, 0x8f, 0x8f, 0xbb, 0x28, 0x28, 0xa6, 0x8f, 0xa3, 0x28, 0x28, 0x28, 0xc7, 0x8f, 0x8e, 0xa9, 0xd0, 0x28, 0xd0, 0xc5, 0x8e, 0x8e, 0xbc, 0x28, 0x31, 0x7d, 0x7d, 0x32, 0x7f, 0x7f, 0x8e, 0x8f, 0x84, 0x7d, 0x2f, 0x2f, 0x2f, 0x30, 0x8c, 0x8e, 0x8b, 0x7a, 0x7a, 0x7a, 0xca, 0x30, 0xca, 0x7a, 0x7a, 0x7a, 0x7a, 0xca, 0x7a, 0x30, 0x30, 0x2f, 0x2f, 0x2f, 0x2f, 0x2c, 0x2d, 0x2d, 0x2d, 0x2d, 0x2d, 0x2c, 0x2d, 0x2c, 0x2d, 0x2d, 0xfd, 0x2c, 0xfd, 0x2c, 0x2c, 0x2d, 0x2c, 0xfd, 0x2d, 0x2d, 0x2d, 0x2d, 0x2d, 0x2d, 0x2b, 0x2b, 0x2a, 0x2b, 0x0d, 0x0d, 0x0d, 0x2b, 0x2a, 0x2a, 0x0d, 0x2a, 0x28, 0xd0, 0x28, 0xd0, 0x28, 0xd0, 0x28, 0xd0, 0x28, 0xd0, 0x28, 0xd0, 0x28, 0xd0, 0x28, 0xd0, 0x28, 0xd0, 0x28, 0xd0, 0x28, 0xd0, 0x28, 0xd0, 0x28, 0x28, 0x28, 0x28, 0x28, 0x28, 0x28, 0x28, 0x28, 0x28, 0x28, 0x28, 0x28, 0x28, 0x28, 0x28, 0x28, 0x28, 0x28, 0x28, 0x28, 0x28, 0x28, 0x28, 0x28, 0x28, 0x28, 0x28, 
  0x28, 0x28, 0x28, 0x28, 0x28, 0x9e, 0x8e, 0x8f, 0x8e, 0xc7, 0x28, 0x28, 0x28, 0x28, 0x28, 0x28, 0x28, 0x28, 0x28, 0x24, 0x02, 0x00, 0x00, 0x00, 0x00, 0x00, 0x00, 0x03, 0x08, 0x01, 0x00, 0x00, 0x00, 0xee, 0x28, 0x28, 0x28, 0x28, 0x28, 0x28, 0x28, 0xb1, 0x8f, 0x8e, 0x8e, 0x79, 0x00, 0x00, 0x00, 0x00, 0x00, 0x00, 0x00, 0x00, 0x00, 0x00, 0x00, 0x00, 0x00, 0x00, 0x00, 0x00, 0x00, 0x00, 0xf9, 0x28, 0x28, 0x26, 0x00, 0x00, 0x00, 0x03, 0x28, 0x28, 0x28, 0x28, 0x28, 0x28, 0x28, 0x28, 0x28, 0x28, 0x28, 0x28, 0x28, 0x28, 0x28, 0x28, 0x28, 0x28, 0x28, 0x28, 0x28, 0x28, 0x28, 0x28, 0x28, 0x28, 0x28, 0xcf, 0x02, 0x00, 0xf7, 0x28, 0x28, 0x28, 0x28, 0x28, 0x28, 0x28, 0x28, 0x28, 0x28, 0x28, 0x1e, 0x0a, 0x00, 0x05, 0xf8, 0xeb, 0xec, 0x26, 0x28, 0x28, 0xd1, 0xd3, 0xca, 0xf2, 0xcb, 0x28, 0x28, 0x28, 0x28, 0x28, 0x28, 0x28, 0x28, 0x28, 0x28, 0x28, 0x28, 0x28, 0x28, 0x28, 0x28, 0x28, 0x28, 0x28, 0x28, 0x28, 0x28, 0x28, 0x28, 0x28, 0x28, 0x28, 0x28, 0x28, 0x28, 0x28, 0x28, 0x28, 0xd4, 0xd3, 0xd3, 0xd3, 0xd3, 0xd3, 0xd3, 0xd3, 0xd3, 0xd3, 0xd3, 0xd3, 0xd5, 0x26, 0x28, 0xc2, 0xa9, 0xc2, 0x9a, 0x8e, 0x8f, 0x8e, 0x8e, 0x8e, 0x8f, 0x8e, 0x8f, 0x8e, 0x8f, 0x8e, 0x8f, 0x8e, 0x8e, 0xb7, 0x28, 0x28, 0x28, 0x28, 0x28, 0x28, 0x28, 0xc1, 0x8e, 0x8f, 0x8e, 0xa5, 0x28, 0x28, 0x28, 0x28, 0x28, 0x28, 0x28, 0xd0, 0x01, 0x00, 0xfb, 0x28, 0x28, 0x28, 0x28, 0x28, 0x28, 0x28, 0x28, 0x28, 0x28, 0x28, 0x28, 0x28, 0x28, 0x28, 0x28, 0x28, 0x28, 0x28, 0x28, 0x28, 0xa3, 0x8e, 0x8f, 0x8e, 0xc7, 0x28, 0x28, 0x28, 0x28, 0x28, 0x28, 0x28, 0x28, 0x28, 0x28, 0x28, 0x28, 0x28, 0x28, 0x28, 0x28, 0x28, 0x28, 0x28, 0x28, 0x28, 0xa0, 0x8e, 0xaa, 0xc5, 0x8f, 0x8f, 0xa5, 0x28, 0xbc, 0x8e, 0x8f, 0xb2, 0xbf, 0x8e, 0x8f, 0xc5, 0x28, 0x28, 0xb4, 0x8e, 0x8f, 0x90, 0xa9, 0xad, 0x9c, 0x8e, 0x8f, 0x8e, 0x8e, 0xbe, 0x28, 0x9f, 0x9e, 0x8f, 0x8f, 0x91, 0x9e, 0x9e, 0xb8, 0x9e, 0x9e, 0x8e, 0x8f, 0x97, 0x9e, 0x9e, 0xc6, 0x28, 0x90, 0x8e, 0x8f, 0x8e, 0xa9, 0xad, 0x8f, 0x8f, 0x8e, 0xad, 0x28, 0x28, 0x28, 0x9f, 0x8e, 0x8f, 0x9e, 0xaf, 0xae, 0x91, 0x8e, 0x8e, 0xbc, 0x28, 0xb9, 0x8f, 0x8f, 0xc9, 0x28, 0x28, 0xba, 0x8e, 0x8e, 0x8f, 0xc9, 0x28, 0x28, 0xb8, 0x8e, 0x8f, 0xc9, 0x28, 0x31, 0x7d, 0x7d, 0x7d, 0x7f, 0x32, 0x8f, 0x8e, 0x83, 0x7e, 0x7c, 0x7c, 0x81, 0x8a, 0x8e, 0x8f, 0x81, 0x7a, 0x7a, 0x7a, 0x7a, 0x7a, 0x30, 0x7a, 0x31, 0x7a, 0x7a, 0x7a, 0x30, 0xca, 0x30, 0xca, 0x30, 0x2f, 0x2e, 0x2d, 0x2c, 0x2d, 0x2d, 0x2d, 0x2d, 0x2d, 0x2c, 0x2c, 0x2d, 0x0d, 0x2c, 0x2d, 0x2a, 0x2d, 0x2c, 0x2c, 0x2d, 0x2d, 0x2d, 0x2d, 0x2d, 0x2d, 0x2c, 0x2c, 0x2c, 0x2b, 0x2d, 0x0d, 0x2b, 0x0d, 0x2b, 0x0d, 0x2a, 0x2c, 0x2a, 0xff, 0xc9, 0x28, 0xd0, 0x28, 0xd0, 0x28, 0xd0, 0x28, 0xd0, 0x28, 0xc9, 0x28, 0xc9, 0x28, 0xc9, 0x28, 0xc9, 0x28, 0xc9, 0x28, 0xc9, 0x28, 0xc9, 0x28, 0x28, 0x28, 0x28, 0x28, 0x28, 0x28, 0x28, 0x28, 0x28, 0x28, 0x28, 0x28, 0x28, 0x28, 0x28, 0x28, 0x28, 0x28, 0x28, 0x28, 0x28, 0x28, 0x28, 0x28, 0x28, 0x28, 0x28, 0x28, 
  0x28, 0x28, 0x28, 0x28, 0xc9, 0x90, 0x8e, 0x8e, 0x8f, 0xc9, 0x28, 0x28, 0x28, 0x28, 0x28, 0x28, 0x28, 0x28, 0x28, 0x28, 0x1b, 0x08, 0x01, 0x00, 0x00, 0x00, 0x00, 0x00, 0x00, 0x00, 0x00, 0x00, 0x10, 0x28, 0x28, 0x28, 0x28, 0x28, 0x28, 0x28, 0x28, 0xac, 0x8e, 0x8f, 0x8e, 0x76, 0x00, 0x00, 0x00, 0x00, 0x00, 0x00, 0x00, 0x00, 0x00, 0x00, 0x00, 0x00, 0x00, 0x00, 0x00, 0x00, 0x00, 0x00, 0xcc, 0x28, 0x28, 0xf9, 0x00, 0x00, 0x03, 0x29, 0x28, 0x28, 0x28, 0x28, 0x28, 0x28, 0x28, 0x28, 0x28, 0x28, 0x28, 0x28, 0x28, 0x28, 0x28, 0x28, 0x28, 0x28, 0x28, 0x28, 0x28, 0x28, 0x28, 0x28, 0x28, 0x28, 0x28, 0xf2, 0x00, 0x00, 0xfc, 0x28, 0x28, 0x28, 0x28, 0x28, 0x28, 0x28, 0x28, 0x28, 0x28, 0x28, 0x28, 0x28, 0xf9, 0x0a, 0x06, 0x03, 0x04, 0x54, 0x28, 0x28, 0xd1, 0xd3, 0xd3, 0xd3, 0xd3, 0xfb, 0xcc, 0xd0, 0x28, 0x28, 0x28, 0x28, 0x28, 0x28, 0x28, 0x28, 0x28, 0x28, 0x28, 0x28, 0x28, 0x23, 0xd2, 0x13, 0xdd, 0x13, 0xda, 0xd8, 0xd8, 0xf8, 0x10, 0xd6, 0xd5, 0xd4, 0xdb, 0xd6, 0x19, 0x28, 0xe1, 0xf6, 0xd6, 0xd3, 0xd3, 0xd3, 0xd3, 0xd3, 0xd3, 0xd3, 0xd3, 0xd3, 0xd3, 0xef, 0x28, 0xac, 0x9a, 0x8f, 0x8e, 0x8f, 0x8e, 0x8f, 0x8e, 0x8f, 0x8e, 0x8f, 0x8e, 0x8f, 0x8e, 0x8f, 0x8e, 0x9c, 0xbd, 0x28, 0x28, 0x28, 0x28, 0x28, 0x28, 0x28, 0x28, 0xc6, 0x8e, 0x8f, 0x8e, 0x9a, 0x28, 0x28, 0x28, 0x28, 0x28, 0x28, 0x28, 0x28, 0x02, 0x00, 0x34, 0x28, 0x28, 0x28, 0x28, 0x28, 0x28, 0x28, 0x28, 0x28, 0x28, 0x28, 0x28, 0x28, 0x28, 0x28, 0x28, 0x28, 0x28, 0x28, 0x28, 0x28, 0xa3, 0x8e, 0x8e, 0x8e, 0xbf, 0x28, 0x28, 0x28, 0x28, 0x28, 0x28, 0x28, 0x28, 0x28, 0x28, 0x28, 0x28, 0x28, 0x28, 0x28, 0x28, 0x28, 0x28, 0x28, 0x28, 0x28, 0xa0, 0x8e, 0xaa, 0x28, 0xb2, 0x8e, 0x8e, 0xbb, 0x94, 0x8f, 0x94, 0xc9, 0xbf, 0x8e, 0x8e, 0xc5, 0x28, 0xc2, 0x8f, 0x8e, 0xa3, 0xc6, 0x28, 0x28, 0x28, 0xb9, 0x8e, 0x8f, 0x8e, 0xbe, 0x28, 0x28, 0x28, 0x9e, 0x8e, 0xb4, 0x28, 0x28, 0x28, 0xd0, 0x28, 0x8f, 0x8e, 0xc0, 0x28, 0x28, 0x28, 0x28, 0x90, 0x8e, 0x8e, 0xc1, 0x28, 0x28, 0x28, 0xa5, 0x8e, 0x8e, 0x28, 0x28, 0xb7, 0x8e, 0x8f, 0xb6, 0x28, 0x28, 0x28, 0xc9, 0x9e, 0x8f, 0x90, 0xc9, 0xc8, 0x8f, 0x8e, 0xbd, 0x28, 0x28, 0xa6, 0x8e, 0x8f, 0x8e, 0xbd, 0xd0, 0x28, 0xa5, 0x8f, 0xa6, 0x28, 0x28, 0x28, 0x7d, 0x7d, 0x32, 0x32, 0x7f, 0x8e, 0x8f, 0x8f, 0x8f, 0x8e, 0x8e, 0x8e, 0x8e, 0x8e, 0x88, 0x30, 0x7a, 0x7a, 0x31, 0x7a, 0x7a, 0x7a, 0x31, 0x7a, 0x31, 0x7a, 0x7a, 0x7a, 0x2f, 0x30, 0x2f, 0x30, 0xca, 0x2f, 0x2f, 0x2d, 0x2d, 0x2c, 0x2d, 0x2d, 0x2c, 0x2d, 0x2c, 0x0d, 0x2c, 0x2d, 0x2c, 0x2c, 0x0d, 0x2d, 0x2d, 0x2d, 0x2d, 0x2c, 0x2d, 0x2c, 0x2d, 0x2d, 0x2d, 0x2c, 0x2b, 0x2b, 0x2b, 0x2b, 0x2b, 0x2b, 0x2b, 0x2b, 0x2a, 0x2b, 0x0c, 0x28, 0xd0, 0x28, 0xd0, 0x28, 0xc9, 0x28, 0xc9, 0x28, 0xd0, 0x28, 0xd0, 0x28, 0xd0, 0x28, 0xd0, 0x28, 0xd0, 0x28, 0xd0, 0x28, 0xd0, 0x28, 0xd0, 0x28, 0x28, 0x28, 0x28, 0x28, 0x28, 0x28, 0x28, 0x28, 0x28, 0x28, 0x28, 0x28, 0x28, 0x28, 0x28, 0x28, 0x28, 0x28, 0x28, 0x28, 0x28, 0x28, 0x28, 0x28, 0x28, 0x28, 0x28, 
  0x28, 0x28, 0x28, 0x28, 0xc7, 0x8e, 0x8e, 0x8e, 0x8e, 0x28, 0x28, 0x28, 0x28, 0x28, 0x28, 0x28, 0x28, 0x28, 0x28, 0x28, 0x28, 0x28, 0x25, 0xf3, 0x0c, 0x06, 0x00, 0x00, 0x00, 0x00, 0x0b, 0x1f, 0x28, 0x28, 0x28, 0x28, 0x28, 0x28, 0x28, 0x28, 0x28, 0xa3, 0x8e, 0x8e, 0x8f, 0x74, 0x00, 0x00, 0x00, 0x00, 0x00, 0x00, 0x00, 0x00, 0x00, 0x00, 0x00, 0x00, 0x00, 0x00, 0x00, 0x00, 0x00, 0x00, 0x26, 0x28, 0x28, 0x08, 0x00, 0x00, 0xfa, 0x28, 0x28, 0x28, 0x28, 0x28, 0x28, 0x28, 0x28, 0x28, 0x28, 0x28, 0x28, 0x28, 0x28, 0x28, 0x28, 0x28, 0x28, 0x28, 0x28, 0x28, 0x28, 0x28, 0x28, 0x28, 0x28, 0x28, 0x28, 0x29, 0x00, 0x00, 0x54, 0x28, 0x28, 0x28, 0x28, 0x28, 0x28, 0x28, 0x28, 0x28, 0x28, 0x28, 0x28, 0x28, 0x28, 0x28, 0x28, 0x28, 0x28, 0x28, 0x28, 0x28, 0xd1, 0xd3, 0xd3, 0xd3, 0xd3, 0xd3, 0xd3, 0x33, 0xef, 0x28, 0x28, 0x28, 0x28, 0x28, 0x28, 0x28, 0x28, 0x28, 0x28, 0x25, 0xf3, 0xd3, 0xd3, 0xd3, 0xf9, 0xd0, 0xca, 0xd3, 0xd3, 0x23, 0xee, 0xd3, 0xd3, 0xde, 0x28, 0xea, 0xfc, 0x28, 0xcc, 0x28, 0xe1, 0xd3, 0x2e, 0xd3, 0xd3, 0xd3, 0xd3, 0xd3, 0xd3, 0xd3, 0xd3, 0xf3, 0x28, 0xad, 0x8e, 0x8e, 0x8f, 0x8e, 0x8e, 0x8f, 0x8e, 0x8e, 0x8e, 0x91, 0xaa, 0x8e, 0x8e, 0x8e, 0xa6, 0x28, 0x28, 0x28, 0x28, 0x28, 0x28, 0x28, 0x28, 0x28, 0x28, 0x28, 0x8e, 0x8e, 0x8f, 0x8e, 0xc8, 0x28, 0x28, 0x28, 0x28, 0x28, 0x28, 0x28, 0x05, 0x00, 0xff, 0x28, 0x28, 0x28, 0x28, 0x28, 0x28, 0x28, 0x28, 0x28, 0x28, 0x28, 0x28, 0x28, 0x28, 0x28, 0x28, 0x28, 0x28, 0x28, 0x28, 0x28, 0xac, 0x8f, 0x8e, 0x8f, 0xb1, 0x28, 0x28, 0x28, 0x28, 0x28, 0x28, 0x28, 0x28, 0x28, 0x28, 0x28, 0x28, 0x28, 0x28, 0x28, 0x28, 0x28, 0x28, 0x28, 0x28, 0x28, 0xa0, 0x8f, 0xaa, 0x28, 0xc9, 0x94, 0x8f, 0x8e, 0x8e, 0x8e, 0xbd, 0x28, 0xbf, 0x8e, 0x8f, 0xc5, 0x28, 0xb1, 0x8e, 0x90, 0xc7, 0x28, 0x28, 0x28, 0x28, 0x28, 0xaf, 0x8e, 0x8e, 0xbe, 0x28, 0x28, 0x28, 0x9e, 0x8f, 0xb2, 0x28, 0x28, 0x28, 0x28, 0x28, 0x8e, 0x8e, 0xc0, 0x28, 0x28, 0x28, 0x28, 0x90, 0x8e, 0xad, 0x28, 0x28, 0x28, 0x28, 0xbc, 0x8e, 0x8f, 0xc4, 0x28, 0x9e, 0x8f, 0x97, 0x28, 0x28, 0x28, 0x28, 0x28, 0xbe, 0x8e, 0x8f, 0xbc, 0x28, 0x9f, 0x8e, 0xad, 0x28, 0xc9, 0x8f, 0x8f, 0x97, 0x8f, 0xac, 0x28, 0xd0, 0x8f, 0x8e, 0xb9, 0xd0, 0xc9, 0x28, 0x32, 0x7f, 0x7d, 0x7f, 0x7f, 0x8f, 0x8e, 0x8e, 0x8f, 0x8e, 0x8f, 0x8e, 0x8f, 0x8e, 0x8e, 0x7e, 0x7a, 0x7a, 0x31, 0x7a, 0x7a, 0x31, 0x31, 0x31, 0x31, 0x31, 0xca, 0x7a, 0x30, 0xca, 0x30, 0x7a, 0x2f, 0x2f, 0x2f, 0x2d, 0x2d, 0x2c, 0x2d, 0x2d, 0x2c, 0x2d, 0x2c, 0x2c, 0xfd, 0x0d, 0x2d, 0x0d, 0x2c, 0x2d, 0x2d, 0x2d, 0x2d, 0x2c, 0x2d, 0x2c, 0x2c, 0x2d, 0x2c, 0x2d, 0x2a, 0x2c, 0x2c, 0x0d, 0x2a, 0x2c, 0x2c, 0x2c, 0x2b, 0x2a, 0x2a, 0xc9, 0x28, 0xd0, 0x28, 0xc9, 0x28, 0xd0, 0x28, 0xd0, 0x28, 0xc9, 0x28, 0xc9, 0x28, 0xc9, 0x28, 0xc9, 0x28, 0xc9, 0x28, 0xc9, 0x28, 0xc9, 0x28, 0x28, 0x28, 0x28, 0x28, 0x28, 0x28, 0x28, 0x28, 0x28, 0x28, 0x28, 0x28, 0x28, 0x28, 0x28, 0x28, 0x28, 0x28, 0x28, 0x28, 0x28, 0x28, 0x28, 0x28, 0x28, 0x28, 0x28, 0x28, 
  0x28, 0x28, 0x28, 0x28, 0xc1, 0x8f, 0x8e, 0x8f, 0x8f, 0x28, 0x28, 0x28, 0x28, 0x28, 0x28, 0x28, 0x28, 0x28, 0x28, 0x28, 0x28, 0x28, 0x28, 0x28, 0x28, 0x28, 0x28, 0x28, 0x28, 0x28, 0x28, 0x28, 0x28, 0x28, 0x28, 0x28, 0x28, 0x28, 0x28, 0x28, 0x28, 0x91, 0x8f, 0x8e, 0x8f, 0x71, 0x00, 0x00, 0x00, 0x00, 0x00, 0x00, 0x00, 0x00, 0x00, 0x00, 0x00, 0x00, 0x00, 0x00, 0x00, 0x00, 0x00, 0xca, 0x28, 0x28, 0x1b, 0x00, 0x00, 0x00, 0x12, 0x28, 0x28, 0x28, 0x28, 0x28, 0x28, 0x28, 0x28, 0x28, 0x28, 0x28, 0x28, 0x28, 0x28, 0x28, 0x28, 0x28, 0x28, 0x28, 0x28, 0x28, 0x28, 0x28, 0x28, 0x28, 0x28, 0x28, 0x28, 0x0b, 0x00, 0x00, 0x17, 0x28, 0x28, 0x28, 0x28, 0x28, 0x28, 0x28, 0x28, 0x28, 0x28, 0x28, 0x28, 0x28, 0x28, 0x28, 0x28, 0x28, 0x28, 0x28, 0x28, 0x28, 0xd1, 0xd3, 0xd3, 0xd3, 0xd3, 0xd3, 0xd3, 0xd3, 0xd3, 0xdd, 0x20, 0x28, 0x28, 0x28, 0x28, 0x28, 0x28, 0xcc, 0xdf, 0xd3, 0xde, 0xdd, 0xd3, 0xd3, 0xdb, 0xcc, 0xca, 0xd3, 0xd3, 0xfa, 0x13, 0xd3, 0xd3, 0xd4, 0xed, 0xe1, 0xe9, 0x28, 0xd4, 0xd3, 0xd3, 0xd3, 0xd3, 0xd3, 0xd3, 0xd3, 0xd3, 0xd3, 0xd3, 0xd3, 0xd3, 0xd3, 0x23, 0xb2, 0x8e, 0x8f, 0x8e, 0x8f, 0x8e, 0x8f, 0x8e, 0x8f, 0xa5, 0xc8, 0xb2, 0x8e, 0x8f, 0xad, 0x28, 0x28, 0x28, 0x28, 0x28, 0x28, 0x28, 0x28, 0x28, 0x28, 0x28, 0x28, 0x8f, 0x8f, 0x8e, 0x8e, 0xc2, 0x28, 0x28, 0x28, 0x28, 0x28, 0x28, 0x28, 0xcb, 0xd0, 0x28, 0x28, 0x28, 0x28, 0x28, 0x28, 0x28, 0x28, 0x28, 0x28, 0x28, 0x28, 0x28, 0x28, 0x28, 0x28, 0x28, 0x28, 0x28, 0x28, 0x28, 0x28, 0xb4, 0x8e, 0x8e, 0x8e, 0xad, 0x28, 0x28, 0x28, 0x28, 0x28, 0x28, 0x28, 0x28, 0x28, 0x28, 0x28, 0x28, 0x28, 0x28, 0x28, 0x28, 0x28, 0x28, 0x28, 0x28, 0x28, 0xa0, 0x8e, 0xaa, 0x28, 0x28, 0xbd, 0x8e, 0x8e, 0x8e, 0xa6, 0x28, 0x28, 0xbf, 0x8e, 0x8e, 0xc5, 0x28, 0xa6, 0x8e, 0xac, 0x28, 0x28, 0x28, 0x28, 0x28, 0x28, 0xc2, 0x8f, 0x8e, 0xbe, 0x28, 0x28, 0x28, 0x9e, 0x8e, 0xb4, 0x28, 0x28, 0x28, 0x28, 0x28, 0x8e, 0x8e, 0xc0, 0x28, 0x28, 0x28, 0x28, 0x90, 0x8e, 0xb9, 0x28, 0x28, 0x28, 0x28, 0xc9, 0x8f, 0x8e, 0xc0, 0x28, 0x90, 0x8e, 0x94, 0xaa, 0xaa, 0xaa, 0xaa, 0xaa, 0xaa, 0x8e, 0x8f, 0xb2, 0x28, 0xb6, 0x8f, 0x94, 0x28, 0xbc, 0x8f, 0x90, 0xbc, 0x8e, 0x91, 0xd0, 0xbd, 0x8f, 0x8e, 0xc7, 0x28, 0x28, 0x28, 0x10, 0x7f, 0x7f, 0x7f, 0x32, 0x8e, 0x8e, 0x85, 0x32, 0x32, 0x2e, 0x2f, 0x82, 0x8c, 0x8e, 0x8e, 0x31, 0x7a, 0x7a, 0x31, 0x7a, 0x7a, 0x31, 0x7a, 0x31, 0x7a, 0x7a, 0x7a, 0x2f, 0x7a, 0x30, 0x30, 0xca, 0x2f, 0x2f, 0x2e, 0x2c, 0x2d, 0x2c, 0x2c, 0x2d, 0x2c, 0x0d, 0x2c, 0x2c, 0x2c, 0x2c, 0x2c, 0x2c, 0x2c, 0x2c, 0x2d, 0x2c, 0x2c, 0x2d, 0x2c, 0x2d, 0x2d, 0x2c, 0x2c, 0x2c, 0x2b, 0x2e, 0xff, 0x2b, 0x2b, 0x2c, 0x2c, 0x2c, 0x2b, 0x16, 0xd0, 0x28, 0x28, 0xd0, 0x28, 0xc9, 0x28, 0xc9, 0x28, 0xd0, 0x28, 0xd0, 0x28, 0xd0, 0x28, 0xd0, 0x28, 0xd0, 0x28, 0xd0, 0x28, 0xd0, 0x28, 0xd0, 0x28, 0x28, 0x28, 0x28, 0x28, 0x28, 0x28, 0x28, 0x28, 0x28, 0x28, 0x28, 0x28, 0x28, 0x28, 0x28, 0x28, 0x28, 0x28, 0x28, 0x28, 0x28, 0x28, 0x28, 0x28, 0x28, 0x28, 0x28, 
  0x28, 0x28, 0x28, 0x28, 0xbe, 0x8e, 0x8e, 0x8e, 0x9c, 0x28, 0x28, 0x28, 0x28, 0x28, 0x28, 0x28, 0x28, 0x28, 0x28, 0x28, 0x28, 0x28, 0x28, 0x28, 0x28, 0x28, 0x28, 0x28, 0x28, 0x28, 0x28, 0x28, 0x28, 0x28, 0x28, 0x28, 0x28, 0x28, 0x28, 0x28, 0xc9, 0x90, 0x8e, 0x8f, 0x8e, 0x00, 0x00, 0x00, 0x00, 0x00, 0x00, 0x00, 0x00, 0x00, 0x00, 0x00, 0x00, 0x00, 0x00, 0x00, 0x00, 0x00, 0x00, 0x1d, 0x28, 0x28, 0xf9, 0x00, 0x00, 0x00, 0x2e, 0x28, 0x28, 0x28, 0x28, 0x28, 0x28, 0x28, 0x28, 0x28, 0x28, 0x28, 0x28, 0x28, 0x28, 0x28, 0x28, 0x28, 0x28, 0x28, 0x28, 0x28, 0x28, 0x28, 0x28, 0x28, 0x28, 0x28, 0x28, 0x04, 0x00, 0x00, 0xf5, 0x28, 0x28, 0x28, 0x28, 0x28, 0x28, 0x28, 0x28, 0x28, 0x28, 0x28, 0x28, 0x28, 0x28, 0x28, 0x28, 0x28, 0x28, 0x28, 0x28, 0x28, 0xd1, 0xd3, 0xd3, 0xd3, 0xd3, 0xd3, 0xd3, 0xd3, 0xd3, 0xd3, 0xd3, 0xe1, 0x1f, 0x28, 0xf0, 0xe9, 0xde, 0xd3, 0xd3, 0xd3, 0x23, 0x25, 0xd3, 0xd3, 0xd3, 0xd3, 0xd3, 0xd3, 0xd3, 0xd3, 0xd3, 0xd3, 0xd3, 0xd3, 0xd3, 0xd3, 0xfb, 0x28, 0xd5, 0xd3, 0xd3, 0xd3, 0xd3, 0xd3, 0xd3, 0xd3, 0xd3, 0xd3, 0xd3, 0xd3, 0xd3, 0xd3, 0xfc, 0xc2, 0x8f, 0x9a, 0x9f, 0x8e, 0x8e, 0x8e, 0x91, 0xba, 0xc9, 0x28, 0xa6, 0x97, 0xbd, 0x28, 0x28, 0x28, 0x28, 0x28, 0x28, 0x28, 0x28, 0x28, 0x28, 0x28, 0x28, 0x28, 0x90, 0x8f, 0x8e, 0x8f, 0xbc, 0x28, 0x28, 0x28, 0x28, 0x28, 0x28, 0x28, 0x28, 0x28, 0x28, 0x28, 0x28, 0x28, 0x28, 0x28, 0x28, 0x28, 0x28, 0x28, 0x28, 0x28, 0x28, 0x28, 0x28, 0x28, 0x28, 0x28, 0x28, 0x28, 0x28, 0x28, 0xb8, 0x8f, 0x8e, 0x8f, 0xaa, 0x28, 0x28, 0x28, 0x28, 0x28, 0x28, 0x28, 0x28, 0x28, 0x28, 0x28, 0x28, 0x28, 0x28, 0x28, 0x28, 0x28, 0x28, 0x28, 0x28, 0x28, 0xa0, 0x8e, 0xaa, 0x28, 0x28, 0x28, 0xa6, 0x8f, 0x8f, 0xc5, 0x28, 0x28, 0xbf, 0x8e, 0x8f, 0xc5, 0x28, 0x9e, 0x8e, 0xb1, 0x28, 0x28, 0x28, 0x28, 0x28, 0x28, 0xc7, 0x8e, 0x8f, 0xbe, 0x28, 0x28, 0x28, 0x9e, 0x8e, 0xb4, 0x28, 0x28, 0x28, 0x28, 0x28, 0x8e, 0x8f, 0xc0, 0x28, 0x28, 0x28, 0x28, 0x90, 0x8e, 0xbc, 0x28, 0x28, 0x28, 0x28, 0x28, 0x8e, 0x8f, 0xc0, 0xc9, 0x8e, 0x8e, 0x8f, 0x8e, 0x8e, 0x8e, 0x8e, 0x8e, 0x8f, 0x8e, 0x8f, 0xad, 0x28, 0xc4, 0x8e, 0x8f, 0xc2, 0xac, 0x8f, 0xad, 0xc9, 0x8f, 0x8e, 0xc0, 0xae, 0x8e, 0x9f, 0x28, 0xd0, 0x28, 0x28, 0xd0, 0x7f, 0x7f, 0x7f, 0x7f, 0x8e, 0x8f, 0x85, 0x32, 0x7d, 0x7a, 0x2f, 0x2e, 0x7e, 0x8e, 0x8f, 0x81, 0x31, 0x7a, 0x7a, 0x7a, 0x31, 0x31, 0x7a, 0x31, 0x7a, 0x7a, 0x7a, 0x7a, 0x7a, 0xca, 0x7a, 0x30, 0xca, 0x2f, 0x2f, 0x2d, 0x2d, 0x2c, 0x2d, 0x0d, 0x2d, 0x2b, 0x0d, 0x2c, 0x2d, 0x2c, 0x2d, 0x2c, 0x2c, 0x2c, 0x2d, 0x2d, 0x2c, 0x2c, 0x2d, 0x2d, 0x2c, 0x2d, 0x2d, 0x2d, 0x2e, 0xfd, 0x2e, 0xfd, 0x2e, 0x0d, 0x2c, 0x2c, 0x2b, 0xd0, 0x28, 0xd0, 0x28, 0xc9, 0x28, 0xd0, 0x28, 0xd0, 0x28, 0xc9, 0x28, 0xc9, 0x28, 0xc9, 0x28, 0xc9, 0x28, 0xc9, 0x28, 0xc9, 0x28, 0xc9, 0x28, 0xc9, 0x28, 0x28, 0x28, 0x28, 0x28, 0x28, 0x28, 0x28, 0x28, 0x28, 0x28, 0x28, 0x28, 0x28, 0x28, 0x28, 0x28, 0x28, 0x28, 0x28, 0x28, 0x28, 0x28, 0x28, 0x28, 0x28, 0x28, 0x28, 
  0x28, 0x28, 0x28, 0x28, 0xbc, 0x8f, 0x8e, 0x8f, 0xa5, 0x28, 0x28, 0x28, 0x28, 0x28, 0x28, 0x28, 0x28, 0x28, 0x28, 0x28, 0x28, 0x28, 0x28, 0x28, 0x28, 0x28, 0x28, 0x28, 0x28, 0x28, 0x28, 0x28, 0x28, 0x28, 0x28, 0x28, 0x28, 0x28, 0x28, 0x28, 0xc9, 0x8f, 0x8f, 0x8e, 0x8e, 0x00, 0x00, 0x00, 0x00, 0x00, 0x00, 0x00, 0x00, 0x00, 0x00, 0x00, 0x00, 0x00, 0x00, 0x00, 0x00, 0x00, 0x00, 0x25, 0x28, 0x28, 0xfd, 0x00, 0x00, 0x00, 0x29, 0x28, 0x28, 0x28, 0x28, 0x28, 0x28, 0x28, 0x28, 0x28, 0x28, 0x28, 0x28, 0x28, 0x28, 0x28, 0x28, 0x28, 0x28, 0x28, 0x28, 0x28, 0x28, 0x28, 0x28, 0x28, 0x28, 0x28, 0x20, 0x00, 0x00, 0x03, 0xcd, 0x28, 0x28, 0x28, 0x28, 0x28, 0x28, 0x28, 0x28, 0x28, 0x28, 0x28, 0x28, 0x28, 0x28, 0x28, 0x28, 0x28, 0x28, 0x28, 0x28, 0x28, 0xd1, 0xd3, 0xd3, 0xd3, 0xd3, 0xd3, 0xd3, 0xd3, 0xd3, 0xd3, 0xd3, 0xd3, 0xe5, 0xf0, 0xd4, 0xd3, 0xf7, 0xd7, 0xd3, 0xd3, 0xdd, 0xda, 0xd3, 0xd3, 0xd3, 0xd3, 0xd3, 0xd3, 0xd3, 0xd3, 0xd3, 0xd3, 0xd3, 0xd3, 0xd3, 0xca, 0xf4, 0x28, 0xd5, 0xdf, 0xd3, 0xd3, 0xd3, 0xd3, 0xd3, 0xd3, 0xd3, 0xd3, 0xd3, 0xd3, 0xd3, 0xd3, 0xde, 0x28, 0xbc, 0x28, 0x8f, 0x8e, 0x8e, 0xa5, 0xc9, 0x28, 0x28, 0xc7, 0x9e, 0xc4, 0x28, 0x28, 0x28, 0x28, 0x28, 0x28, 0x28, 0x28, 0x28, 0x28, 0x28, 0x28, 0x28, 0x28, 0xa5, 0x8f, 0x8e, 0x8e, 0xb8, 0x28, 0x28, 0x28, 0x28, 0x28, 0x28, 0x28, 0x28, 0x28, 0x28, 0x28, 0x28, 0x28, 0x28, 0x28, 0x28, 0x28, 0x28, 0x28, 0x28, 0x28, 0x28, 0x28, 0x28, 0x28, 0x28, 0x28, 0x28, 0x28, 0x28, 0x28, 0xbc, 0x8e, 0x8f, 0x8e, 0xa6, 0x28, 0x28, 0x28, 0x28, 0x28, 0x28, 0x28, 0x28, 0x28, 0x28, 0x28, 0x28, 0x28, 0x28, 0x28, 0x28, 0x28, 0x28, 0x28, 0x28, 0x28, 0xa0, 0x8e, 0xaa, 0x28, 0x28, 0x28, 0xc5, 0x8f, 0xb2, 0x28, 0x28, 0x28, 0xbf, 0x8f, 0x8e, 0xc5, 0x28, 0xac, 0x8f, 0xa5, 0x28, 0x28, 0x28, 0x28, 0x28, 0x28, 0xbe, 0x8f, 0x8e, 0xbe, 0x28, 0x28, 0x28, 0x9e, 0x8e, 0xb2, 0x28, 0x28, 0x28, 0x28, 0x28, 0x8e, 0x8e, 0xc0, 0x28, 0x28, 0x28, 0x28, 0x90, 0x8e, 0xbc, 0x28, 0x28, 0x28, 0x28, 0x28, 0x8f, 0x8e, 0xbf, 0x28, 0x94, 0x8f, 0x9f, 0xba, 0xba, 0xba, 0xba, 0xba, 0xba, 0xba, 0xba, 0xc0, 0x28, 0x28, 0x9c, 0x8e, 0xb6, 0x90, 0x8e, 0xbd, 0x28, 0xa6, 0x8f, 0xaf, 0x97, 0x8e, 0xb6, 0x28, 0x28, 0x28, 0x28, 0x28, 0x7d, 0x7f, 0x7f, 0x32, 0x8f, 0x8e, 0x84, 0x7f, 0x32, 0x31, 0x2f, 0x2f, 0x2f, 0x8e, 0x8e, 0x87, 0x7a, 0x7a, 0x7a, 0x7a, 0x7a, 0x7a, 0x7a, 0x7a, 0x7a, 0x7a, 0x7a, 0x7a, 0x7a, 0x7a, 0x30, 0x30, 0x30, 0xca, 0x2e, 0x2d, 0x2c, 0x2d, 0x2c, 0x2d, 0x2d, 0x2c, 0x2c, 0x0d, 0x2c, 0x2c, 0x2c, 0x2c, 0x2c, 0x2c, 0x2c, 0x2c, 0x2d, 0x2c, 0x2d, 0x2c, 0x2c, 0x2d, 0xfd, 0xfd, 0xfd, 0xfd, 0xfd, 0xfd, 0x2e, 0x2e, 0x2f, 0x2f, 0x2e, 0x28, 0xd0, 0x28, 0xd0, 0x28, 0xc9, 0x28, 0xc9, 0x28, 0xd0, 0x28, 0xd0, 0x28, 0xd0, 0x28, 0xd0, 0x28, 0xd0, 0x28, 0xd0, 0x28, 0xd0, 0x28, 0xd0, 0x28, 0x28, 0x28, 0x28, 0x28, 0x28, 0x28, 0x28, 0x28, 0x28, 0x28, 0x28, 0x28, 0x28, 0x28, 0x28, 0x28, 0x28, 0x28, 0x28, 0x28, 0x28, 0x28, 0x28, 0x28, 0x28, 0x28, 0x28, 0x28, 
  0x28, 0x28, 0x28, 0x28, 0xba, 0x8f, 0x8f, 0x8e, 0xad, 0x28, 0x28, 0x28, 0x28, 0x28, 0x28, 0x28, 0x28, 0x28, 0x28, 0x28, 0x28, 0x28, 0x28, 0x28, 0x28, 0x28, 0x28, 0x28, 0x28, 0x28, 0x28, 0x28, 0x28, 0x28, 0x28, 0x28, 0x28, 0x28, 0x28, 0x28, 0xc9, 0x8e, 0x8e, 0x8f, 0x89, 0x00, 0x00, 0x00, 0x00, 0x00, 0x00, 0x00, 0x00, 0x00, 0x00, 0x00, 0x00, 0x00, 0x00, 0x00, 0x00, 0x00, 0x00, 0x26, 0x28, 0x28, 0x08, 0x00, 0x00, 0x00, 0x34, 0x28, 0x28, 0x28, 0x28, 0x28, 0x28, 0x28, 0x28, 0x28, 0x28, 0x28, 0x28, 0x28, 0x28, 0x28, 0x28, 0x28, 0x28, 0x28, 0x28, 0x28, 0x28, 0x28, 0x28, 0x28, 0x28, 0x28, 0xf8, 0x00, 0x00, 0x7a, 0x28, 0x28, 0xfb, 0x28, 0x28, 0x28, 0xfd, 0xd0, 0x28, 0x28, 0x28, 0x28, 0x28, 0x28, 0x28, 0x28, 0x28, 0x28, 0x28, 0x28, 0x28, 0x28, 0xd1, 0xd3, 0xd3, 0xd3, 0xd3, 0xd3, 0xd3, 0xd3, 0xd3, 0xd3, 0xd3, 0xdc, 0x28, 0xcb, 0xd3, 0xd3, 0x28, 0xe3, 0xd3, 0xd3, 0xd3, 0xd3, 0xd3, 0xd3, 0xd3, 0xd3, 0xd3, 0x2f, 0xd3, 0xd3, 0xd3, 0xd3, 0xd3, 0xd3, 0xd3, 0xd3, 0x14, 0x28, 0xef, 0x28, 0xe2, 0xd3, 0xd3, 0xd3, 0xd3, 0xd3, 0xd3, 0xd3, 0xd3, 0xd3, 0xd3, 0xd3, 0xd3, 0x22, 0x28, 0xbd, 0x8e, 0x8f, 0xb2, 0x28, 0x28, 0x28, 0x28, 0xbf, 0xc9, 0x28, 0x28, 0x28, 0x28, 0x28, 0x28, 0x28, 0x28, 0x28, 0x28, 0x28, 0x28, 0x28, 0x28, 0x28, 0xae, 0x8e, 0x8f, 0x8e, 0xac, 0x28, 0x28, 0x28, 0x28, 0x28, 0x28, 0x28, 0x28, 0x28, 0x28, 0x28, 0x28, 0x28, 0x28, 0x28, 0x28, 0x28, 0x28, 0x28, 0x28, 0x28, 0x28, 0x28, 0x28, 0x28, 0x28, 0x28, 0x28, 0x28, 0x28, 0x28, 0xbf, 0x8f, 0x8e, 0x8e, 0x9c, 0x28, 0x28, 0x28, 0x28, 0x28, 0x28, 0x28, 0x28, 0x28, 0x28, 0x28, 0x28, 0x28, 0x28, 0x28, 0x28, 0x28, 0x28, 0x28, 0x28, 0x28, 0x9f, 0x8e, 0xaa, 0x28, 0x28, 0x28, 0x28, 0xbf, 0xc9, 0x28, 0x28, 0x28, 0xbf, 0x8e, 0x8f, 0xc5, 0x28, 0xb6, 0x8e, 0x8e, 0xbf, 0x28, 0x28, 0x28, 0x28, 0x28, 0x9e, 0x8e, 0x8e, 0xbe, 0x28, 0x28, 0x28, 0x9e, 0x8e, 0xb2, 0x28, 0x28, 0x28, 0x28, 0x28, 0x8e, 0x8f, 0xbe, 0x28, 0x28, 0x28, 0x28, 0x90, 0x8e, 0xbc, 0x28, 0x28, 0x28, 0x28, 0x28, 0x8e, 0x8e, 0xc0, 0x28, 0xa5, 0x8e, 0x8f, 0xc6, 0x28, 0x28, 0x28, 0x28, 0xc9, 0xbb, 0x28, 0x28, 0x28, 0x28, 0xb1, 0x8e, 0x90, 0x8f, 0x8f, 0x28, 0x28, 0xba, 0x8e, 0x90, 0x8e, 0x8f, 0xc4, 0xd0, 0x28, 0xd0, 0x28, 0xd0, 0x12, 0x7d, 0x7d, 0x32, 0x8e, 0x8f, 0x84, 0x32, 0x7f, 0x7d, 0x2f, 0xca, 0x81, 0x8e, 0x8f, 0x82, 0xca, 0x7a, 0x7a, 0x30, 0x7a, 0x7a, 0x31, 0x7a, 0x31, 0x7a, 0x31, 0x7a, 0x7a, 0x7a, 0x30, 0x7a, 0x7a, 0x30, 0xca, 0x2e, 0x2c, 0x2d, 0x2d, 0x2c, 0x2d, 0x2b, 0x2c, 0x0d, 0x2c, 0xfd, 0x2c, 0x2c, 0x2c, 0x2c, 0x2c, 0x2c, 0x2d, 0x2d, 0x2c, 0x2f, 0x2f, 0x2d, 0xfd, 0xfd, 0xfd, 0x2c, 0xfd, 0xfd, 0x2e, 0x2e, 0x2f, 0x2f, 0x1a, 0x28, 0xc9, 0x28, 0x28, 0x28, 0xd0, 0x28, 0xd0, 0x28, 0xc9, 0x28, 0xc9, 0x28, 0xc9, 0x28, 0xc9, 0x28, 0xc9, 0x28, 0xc9, 0x28, 0xc9, 0x28, 0xc9, 0x28, 0x28, 0x28, 0x28, 0x28, 0x28, 0x28, 0x28, 0x28, 0x28, 0x28, 0x28, 0x28, 0x28, 0x28, 0x28, 0x28, 0x28, 0x28, 0x28, 0x28, 0x28, 0x28, 0x28, 0x28, 0x28, 0x28, 0x28, 0x28, 
  0x28, 0x28, 0x28, 0x28, 0xb8, 0x8e, 0x8f, 0x8f, 0xb2, 0x28, 0x28, 0x28, 0x28, 0x28, 0x28, 0x28, 0x28, 0x28, 0x28, 0x28, 0x28, 0x28, 0x28, 0x28, 0x28, 0x28, 0x28, 0x28, 0x28, 0x28, 0x28, 0x28, 0x28, 0x28, 0x28, 0x28, 0x28, 0x28, 0x28, 0x28, 0xc1, 0x8f, 0x8e, 0x8f, 0x80, 0x00, 0x00, 0x00, 0x00, 0x00, 0x00, 0x00, 0x00, 0x00, 0x00, 0x00, 0x00, 0x00, 0x00, 0x00, 0x00, 0x00, 0x01, 0xf0, 0x28, 0xd0, 0x02, 0x00, 0x00, 0x1a, 0xd0, 0x28, 0x28, 0x28, 0x28, 0x28, 0x28, 0x28, 0x28, 0x28, 0x28, 0x28, 0x28, 0x28, 0x28, 0x28, 0x28, 0x28, 0x28, 0x28, 0x28, 0x28, 0x28, 0x28, 0x28, 0x28, 0x28, 0x28, 0x09, 0x00, 0x0c, 0xd0, 0x28, 0xf3, 0x00, 0x04, 0x28, 0xf9, 0x00, 0x16, 0x16, 0xf4, 0x28, 0x28, 0x28, 0x28, 0x28, 0x28, 0x28, 0x28, 0x28, 0x28, 0x28, 0x28, 0xd1, 0xd3, 0xd3, 0xd3, 0xd3, 0xd3, 0xd3, 0xd3, 0xd3, 0xd3, 0xd3, 0x1e, 0xee, 0xd3, 0xd3, 0xd3, 0x10, 0xd4, 0xd3, 0xd3, 0xd3, 0xd3, 0xd3, 0xd3, 0xd3, 0xd3, 0xd3, 0xd3, 0xd3, 0xd3, 0xd3, 0xd3, 0xd3, 0xd3, 0xd3, 0xd3, 0xe1, 0x28, 0xdc, 0x17, 0xd6, 0xd3, 0xd3, 0xd3, 0xd3, 0xd3, 0xd3, 0xd3, 0xd3, 0xd3, 0xd3, 0xd3, 0xd3, 0x16, 0xc9, 0x94, 0xa3, 0xc7, 0x28, 0x28, 0x28, 0x28, 0x28, 0x28, 0x28, 0x28, 0x28, 0x28, 0x28, 0x28, 0x28, 0x28, 0x28, 0x28, 0x28, 0x28, 0x28, 0x28, 0x28, 0x28, 0xb9, 0x8e, 0x8e, 0x8f, 0xa3, 0x28, 0x28, 0x28, 0x28, 0x28, 0x28, 0x28, 0x28, 0x28, 0x28, 0x28, 0x28, 0x28, 0x28, 0x28, 0x28, 0x28, 0x28, 0x28, 0x28, 0x28, 0x28, 0x28, 0x28, 0x28, 0x28, 0x28, 0x28, 0x28, 0x28, 0x28, 0xc5, 0x8e, 0x8e, 0x8f, 0x91, 0x28, 0x28, 0x28, 0x28, 0x28, 0x28, 0x28, 0x28, 0x28, 0x28, 0x28, 0x28, 0x28, 0x28, 0x28, 0x28, 0x28, 0x28, 0x28, 0x28, 0x28, 0xa0, 0x8e, 0xaa, 0x28, 0x28, 0x28, 0x28, 0x28, 0x28, 0x28, 0x28, 0x28, 0xbf, 0x8f, 0x8e, 0xc5, 0x28, 0x28, 0x94, 0x8e, 0x90, 0xba, 0xc9, 0x28, 0xc4, 0xa3, 0x8e, 0x8f, 0x8e, 0xbe, 0x28, 0x28, 0x28, 0xa9, 0x8e, 0x9e, 0xc6, 0x28, 0x28, 0x28, 0x28, 0x90, 0x8e, 0xae, 0xc9, 0x28, 0x28, 0x28, 0x90, 0x8e, 0xbc, 0x28, 0x28, 0x28, 0x28, 0x28, 0x8f, 0x8e, 0xc0, 0x28, 0xc1, 0x8e, 0x8e, 0x9e, 0xc2, 0x28, 0x28, 0xc4, 0x9e, 0x8e, 0x9c, 0xc9, 0x28, 0x28, 0xc0, 0x8e, 0x8e, 0x8e, 0xa9, 0x28, 0x28, 0xc7, 0x8e, 0x8e, 0x8e, 0x9a, 0x28, 0x28, 0x28, 0xd0, 0x28, 0x28, 0x28, 0x7d, 0x7d, 0x7d, 0x8f, 0x8e, 0x87, 0x81, 0x81, 0x81, 0x7e, 0x87, 0x8e, 0x8e, 0x8e, 0x7c, 0x7a, 0x7a, 0x30, 0x7a, 0x7a, 0x7a, 0x7a, 0x7a, 0x7a, 0x7a, 0x7a, 0x7a, 0x7a, 0x7a, 0x7a, 0x30, 0x7a, 0x30, 0x2f, 0x2f, 0x2c, 0x2c, 0x2c, 0x2d, 0x2c, 0x2d, 0x2c, 0xfd, 0x2c, 0x2c, 0x2d, 0x2c, 0x2c, 0x2b, 0x2d, 0x2c, 0x2c, 0x2e, 0x2f, 0x2e, 0x2f, 0xfd, 0x2e, 0xfd, 0xfd, 0xfd, 0x2d, 0x2e, 0x2e, 0x2e, 0x2e, 0x21, 0xd0, 0x28, 0xd0, 0x28, 0xd0, 0xc9, 0x28, 0xc9, 0x28, 0xd0, 0x28, 0xd0, 0x28, 0xd0, 0x28, 0xd0, 0x28, 0xd0, 0x28, 0xd0, 0x28, 0xd0, 0x28, 0xd0, 0x28, 0xd0, 0x28, 0x28, 0x28, 0x28, 0x28, 0x28, 0x28, 0x28, 0x28, 0x28, 0x28, 0x28, 0x28, 0x28, 0x28, 0x28, 0x28, 0x28, 0x28, 0x28, 0x28, 0x28, 0x28, 0x28, 0x28, 0x28, 0x28, 0x28, 
  0x28, 0x28, 0x28, 0x28, 0xad, 0x8e, 0x8f, 0x8e, 0xba, 0x28, 0x28, 0x28, 0x28, 0x28, 0x28, 0x28, 0x28, 0x28, 0x28, 0x28, 0x28, 0x28, 0x28, 0x28, 0x28, 0x28, 0x28, 0x28, 0x28, 0x28, 0x28, 0x28, 0x28, 0x28, 0x28, 0x28, 0x28, 0x28, 0x28, 0x28, 0xb7, 0x8e, 0x8f, 0x8e, 0x79, 0x00, 0x00, 0x00, 0x00, 0x00, 0x00, 0x00, 0x00, 0x00, 0x00, 0x00, 0x00, 0x00, 0x00, 0x00, 0x00, 0x00, 0x00, 0x26, 0x28, 0x26, 0x00, 0x00, 0x00, 0xf7, 0x28, 0x28, 0x28, 0x28, 0x28, 0x28, 0x28, 0x28, 0x28, 0x28, 0x28, 0x28, 0x28, 0x28, 0x28, 0x28, 0x28, 0x28, 0x28, 0x28, 0x28, 0x28, 0x28, 0x28, 0x28, 0x28, 0x28, 0x28, 0x04, 0x00, 0x1f, 0x28, 0xce, 0x00, 0x00, 0x03, 0x28, 0x02, 0x00, 0xcd, 0x07, 0x07, 0xe7, 0xff, 0x28, 0x28, 0x28, 0x28, 0x28, 0x28, 0x28, 0x28, 0x28, 0x28, 0xd1, 0xd3, 0xd3, 0xd3, 0xd3, 0xd3, 0xd3, 0xd3, 0xd3, 0xd3, 0x16, 0x21, 0xd7, 0xf6, 0xd3, 0xd3, 0xd3, 0xd3, 0xd3, 0xd3, 0xd3, 0xd3, 0xd3, 0xd3, 0xd3, 0xd3, 0xd3, 0xd3, 0xd3, 0xd3, 0xd3, 0xd3, 0xd3, 0xd3, 0xd3, 0xd3, 0xdd, 0x28, 0xd4, 0xd3, 0xd3, 0xd3, 0xd3, 0xd3, 0xd3, 0xd3, 0xd3, 0xd3, 0xd3, 0xd3, 0xd3, 0xd3, 0xd3, 0xe4, 0x28, 0xc0, 0x28, 0x28, 0x28, 0x28, 0x28, 0x28, 0x28, 0x28, 0x28, 0x28, 0x28, 0x28, 0x28, 0x28, 0x28, 0x28, 0x28, 0x28, 0x28, 0x28, 0x28, 0x28, 0x28, 0x28, 0xbc, 0x8e, 0x8f, 0x8e, 0x91, 0x28, 0x28, 0x28, 0x28, 0x28, 0x28, 0x28, 0x28, 0x28, 0x28, 0x28, 0x28, 0x28, 0x28, 0x28, 0x28, 0x28, 0x28, 0x28, 0x28, 0x28, 0x28, 0x28, 0x28, 0x28, 0x28, 0x28, 0x28, 0x28, 0x28, 0x28, 0x28, 0x8e, 0x8f, 0x8e, 0x8e, 0x28, 0x28, 0x28, 0x28, 0x28, 0x28, 0x28, 0x28, 0x28, 0x28, 0x28, 0x28, 0x28, 0x28, 0x28, 0x28, 0x28, 0x28, 0x28, 0x28, 0x28, 0xa1, 0x8e, 0xaa, 0x28, 0x28, 0x28, 0x28, 0x28, 0x28, 0x28, 0x28, 0x28, 0xbf, 0x8e, 0x8f, 0xc5, 0x28, 0x28, 0xbf, 0x8f, 0x8f, 0x8e, 0x8f, 0x8f, 0x8f, 0x8e, 0x9a, 0x8e, 0x8f, 0xbe, 0x28, 0x28, 0x28, 0xb7, 0x8f, 0x8e, 0x8e, 0x8e, 0xb7, 0x28, 0x28, 0xa9, 0x8f, 0x8e, 0x8f, 0x8e, 0xc2, 0x28, 0x90, 0x8e, 0xbc, 0x28, 0x28, 0x28, 0x28, 0x28, 0x8e, 0x8e, 0xc0, 0x28, 0x28, 0xb4, 0x8e, 0x8f, 0x8e, 0x90, 0x90, 0x8e, 0x8e, 0x8e, 0xbb, 0x28, 0x28, 0x28, 0x28, 0x91, 0x8f, 0x8f, 0xbb, 0x28, 0x28, 0xd0, 0xa3, 0x8e, 0x8f, 0xb1, 0xc9, 0xd0, 0x28, 0xc9, 0x28, 0xd0, 0x28, 0x32, 0x7d, 0x7d, 0x8e, 0x8f, 0x8e, 0x8f, 0x8e, 0x8f, 0x8e, 0x8e, 0x8e, 0x8e, 0x82, 0x7a, 0x7a, 0x30, 0x7a, 0x7a, 0x7a, 0x7a, 0x30, 0x30, 0x7a, 0x7a, 0x7a, 0x7a, 0x7a, 0x7a, 0x7a, 0x7a, 0x7a, 0xca, 0x2f, 0x2f, 0x2c, 0x2c, 0x2d, 0x2c, 0x2d, 0x0d, 0xfd, 0x2b, 0xfd, 0x2c, 0x2c, 0x2d, 0x2c, 0x2d, 0xff, 0x2f, 0x2e, 0x2f, 0x2e, 0x2f, 0x2e, 0x2e, 0xfd, 0x2e, 0xfd, 0x2c, 0xfd, 0x2e, 0x2e, 0x2f, 0x25, 0x28, 0xc9, 0x28, 0x28, 0x28, 0x28, 0x28, 0xd0, 0x28, 0xd0, 0x28, 0xd0, 0x28, 0xc9, 0x28, 0xc9, 0x28, 0xc9, 0x28, 0xc9, 0x28, 0xc9, 0x28, 0xc9, 0x28, 0xc9, 0x28, 0x28, 0x28, 0x28, 0x28, 0x28, 0x28, 0x28, 0x28, 0x28, 0x28, 0x28, 0x28, 0x28, 0x28, 0x28, 0x28, 0x28, 0x28, 0x28, 0x28, 0x28, 0x28, 0x28, 0x28, 0x28, 0x28, 0x28, 0x28, 
  0x28, 0x28, 0x28, 0x28, 0xa6, 0x8f, 0x8e, 0x8f, 0xbd, 0x28, 0x28, 0x28, 0x28, 0x28, 0x28, 0x28, 0x28, 0x28, 0x28, 0x28, 0x28, 0x28, 0x28, 0x28, 0x28, 0x28, 0x28, 0x28, 0x28, 0x28, 0x28, 0x28, 0x28, 0x28, 0x28, 0x28, 0x28, 0x28, 0x28, 0x28, 0xb1, 0x8e, 0x8e, 0x8f, 0x78, 0x00, 0x00, 0x00, 0x00, 0x00, 0x00, 0x00, 0x00, 0x00, 0x00, 0x00, 0x00, 0x00, 0x00, 0x00, 0x00, 0x00, 0x01, 0xf0, 0x28, 0x20, 0x00, 0x00, 0x00, 0xd9, 0x28, 0x28, 0x28, 0x28, 0x28, 0x28, 0x28, 0x28, 0x28, 0x28, 0x28, 0x28, 0x28, 0x28, 0x28, 0x28, 0x28, 0x28, 0x28, 0x28, 0x28, 0x28, 0x28, 0x28, 0x28, 0x28, 0x28, 0x1a, 0x00, 0xf4, 0x28, 0x28, 0x1b, 0x00, 0x00, 0x0b, 0x28, 0x01, 0x11, 0x28, 0x05, 0xf3, 0x0b, 0x0b, 0x10, 0x02, 0x28, 0x28, 0x28, 0x28, 0x28, 0x28, 0x28, 0x28, 0xd1, 0xd3, 0xd3, 0xd3, 0xd3, 0xd3, 0xd3, 0xd3, 0xd3, 0xe1, 0x26, 0xe3, 0xe2, 0x28, 0xd5, 0xd3, 0xd3, 0xd3, 0xd3, 0xd3, 0xd3, 0xd3, 0xd3, 0xd3, 0xd3, 0xd3, 0xd3, 0xd3, 0xd3, 0xd3, 0xd3, 0xd3, 0xd3, 0xd3, 0xd3, 0xd3, 0xd8, 0x28, 0xd5, 0xd3, 0xd3, 0xd3, 0xd3, 0xd3, 0xd3, 0xd3, 0xd3, 0xd3, 0xd3, 0xd3, 0xd3, 0xd3, 0xd3, 0xd4, 0x23, 0x28, 0x28, 0xa9, 0xc7, 0x28, 0x28, 0x28, 0x28, 0x28, 0x28, 0x28, 0x28, 0x28, 0x28, 0x28, 0x28, 0x28, 0x28, 0x28, 0x28, 0x28, 0x28, 0x28, 0x28, 0x28, 0xc4, 0x8f, 0x8e, 0x8f, 0x8f, 0x28, 0x28, 0x28, 0x28, 0x28, 0x28, 0x28, 0x28, 0x28, 0x28, 0x28, 0x28, 0x28, 0x28, 0x28, 0x28, 0x28, 0x28, 0x28, 0x28, 0x28, 0x28, 0x28, 0x28, 0x28, 0x28, 0x28, 0x28, 0x28, 0x28, 0x28, 0x28, 0x90, 0x8e, 0x8f, 0x8e, 0x28, 0x28, 0x28, 0x28, 0x28, 0x28, 0x28, 0x28, 0x28, 0x28, 0x28, 0x28, 0x28, 0x28, 0x28, 0x28, 0x28, 0x28, 0x28, 0x28, 0x28, 0xa0, 0x8e, 0xaa, 0x28, 0x28, 0x28, 0x28, 0x28, 0x28, 0x28, 0x28, 0x28, 0xc0, 0x8f, 0x8e, 0xc6, 0x28, 0x28, 0x28, 0xc5, 0x9f, 0x8f, 0x8e, 0x8e, 0x8e, 0xa5, 0xc7, 0x8f, 0x8e, 0xbe, 0x28, 0x28, 0x28, 0x28, 0xae, 0x90, 0x8f, 0x8e, 0xb7, 0x28, 0x28, 0xc8, 0xa5, 0x8f, 0x8e, 0x8e, 0xc2, 0x28, 0x90, 0x8e, 0xbc, 0x28, 0x28, 0x28, 0x28, 0x28, 0x8e, 0x8e, 0xc0, 0x28, 0x28, 0x28, 0xbe, 0x97, 0x8e, 0x8f, 0x8e, 0x8e, 0x9c, 0xbd, 0x28, 0x28, 0x28, 0x28, 0x28, 0xad, 0x8e, 0x8e, 0xc9, 0x28, 0x28, 0x28, 0xb7, 0x8f, 0x8e, 0xc0, 0x28, 0x28, 0x28, 0xd0, 0x28, 0x28, 0x28, 0xf9, 0x32, 0x7d, 0x8f, 0x8e, 0x8e, 0x8e, 0x8e, 0x8e, 0x8e, 0x8e, 0x8a, 0x81, 0x7a, 0x7a, 0x7a, 0x7a, 0x7a, 0x7a, 0x7a, 0x7a, 0x7a, 0x30, 0x7a, 0x30, 0x7a, 0x7a, 0x7a, 0x7a, 0x7a, 0x7a, 0x7a, 0x7a, 0x30, 0x7a, 0x30, 0x2d, 0x2d, 0x2d, 0x2d, 0x2d, 0x2c, 0x2d, 0x2c, 0x2c, 0x2d, 0x2c, 0x2d, 0x2f, 0x2f, 0x2e, 0x2e, 0x2e, 0x2e, 0x2f, 0x2e, 0x2e, 0x2e, 0x2e, 0x2e, 0x2e, 0xfd, 0x2e, 0x30, 0xc9, 0x28, 0xd0, 0x28, 0xd0, 0x28, 0xd0, 0x28, 0xc9, 0x28, 0xc9, 0x28, 0xc9, 0x28, 0xd0, 0x28, 0xd0, 0x28, 0xd0, 0x28, 0xd0, 0x28, 0xd0, 0x28, 0xd0, 0x28, 0xd0, 0x28, 0xd0, 0x28, 0x28, 0x28, 0x28, 0x28, 0x28, 0x28, 0x28, 0x28, 0x28, 0x28, 0x28, 0x28, 0x28, 0x28, 0x28, 0x28, 0x28, 0x28, 0x28, 0x28, 0x28, 0x28, 0x28, 0x28, 0x28, 0x28, 0x28, 
  0x28, 0x28, 0x28, 0x28, 0xa3, 0x8e, 0x8e, 0x8e, 0xbe, 0x28, 0x28, 0x28, 0x28, 0x28, 0x28, 0x28, 0x28, 0x28, 0x28, 0x28, 0x28, 0x28, 0x28, 0x28, 0x28, 0x28, 0x28, 0x28, 0x28, 0x28, 0x28, 0x28, 0x28, 0x28, 0x28, 0x28, 0x28, 0x28, 0x28, 0x28, 0xa3, 0x8f, 0x8e, 0x8e, 0x77, 0x00, 0x00, 0x00, 0x00, 0x00, 0x00, 0x00, 0x00, 0x00, 0x00, 0x00, 0x00, 0x00, 0x00, 0x00, 0x00, 0x00, 0x00, 0x26, 0x28, 0xcf, 0x00, 0x00, 0x00, 0x0a, 0x28, 0x28, 0x28, 0x28, 0x28, 0x28, 0x28, 0x28, 0x28, 0x28, 0x28, 0x28, 0x28, 0x28, 0x28, 0x28, 0x28, 0x28, 0x28, 0x28, 0x28, 0x28, 0x28, 0x28, 0x28, 0x28, 0x28, 0x0c, 0x00, 0xcc, 0x28, 0x28, 0x15, 0x00, 0x00, 0x1b, 0x28, 0xf5, 0x26, 0x28, 0xd1, 0x25, 0x33, 0xfa, 0x02, 0x01, 0xcb, 0x08, 0x24, 0x28, 0xce, 0x28, 0x28, 0x28, 0xd1, 0xd3, 0xd3, 0xd3, 0xd3, 0xd3, 0xd3, 0xd3, 0xd6, 0x23, 0x17, 0xd3, 0xfe, 0xf3, 0xd3, 0xd3, 0xd3, 0xd3, 0xd3, 0xd3, 0xd3, 0xd3, 0xd3, 0xd3, 0xd3, 0xd3, 0xd3, 0xd3, 0xd3, 0xd3, 0xd3, 0xd3, 0xd3, 0xd3, 0xd3, 0xd3, 0x33, 0x28, 0xf6, 0x18, 0xdb, 0xd3, 0xd3, 0xd3, 0xd3, 0xd3, 0xd3, 0xd3, 0xd3, 0xd3, 0xd3, 0xd3, 0xd3, 0xd3, 0xf5, 0x28, 0xaa, 0xa6, 0x28, 0x28, 0x28, 0x28, 0x28, 0x28, 0xc8, 0xb6, 0xb7, 0x28, 0x28, 0x28, 0x28, 0x28, 0x28, 0x28, 0x28, 0x28, 0x28, 0x28, 0x28, 0x28, 0xc7, 0x8e, 0x8f, 0x8e, 0x8f, 0x28, 0x28, 0x28, 0x28, 0x28, 0x28, 0x28, 0x28, 0x28, 0x28, 0x28, 0x28, 0x28, 0x28, 0x28, 0x28, 0x28, 0x28, 0x28, 0x28, 0x28, 0x28, 0x28, 0x28, 0x28, 0x28, 0x28, 0x28, 0x28, 0x28, 0x28, 0x28, 0x91, 0x8e, 0x8e, 0x8f, 0x28, 0x28, 0x28, 0x28, 0x28, 0x28, 0x28, 0x28, 0x28, 0x28, 0x28, 0x28, 0x28, 0x28, 0x28, 0x28, 0x28, 0x28, 0x28, 0x28, 0x28, 0x28, 0x28, 0x28, 0x28, 0x28, 0x28, 0x28, 0x28, 0x28, 0x28, 0x28, 0x28, 0x28, 0x28, 0x28, 0x28, 0x28, 0x28, 0x28, 0x28, 0x28, 0xc7, 0xbf, 0xc0, 0x28, 0x28, 0x28, 0x28, 0x28, 0x28, 0x28, 0x28, 0x28, 0x28, 0x28, 0x28, 0xc6, 0xc8, 0x28, 0x28, 0x28, 0x28, 0x28, 0xc9, 0xc5, 0xc7, 0x28, 0x28, 0x28, 0x28, 0x28, 0x28, 0x28, 0x28, 0x28, 0x28, 0x28, 0x28, 0x28, 0x28, 0x28, 0x28, 0x28, 0x28, 0xc7, 0xbe, 0xbf, 0xc9, 0x28, 0x28, 0x28, 0x28, 0x28, 0x28, 0x28, 0x28, 0x28, 0x28, 0x28, 0x28, 0x28, 0xd0, 0x28, 0xc9, 0x28, 0xc9, 0x28, 0xd0, 0x28, 0xc9, 0x28, 0xd0, 0x28, 0xc9, 0xce, 0x7d, 0x7f, 0x33, 0x7f, 0x7f, 0x7f, 0x32, 0x32, 0x7d, 0x7a, 0x7a, 0x7a, 0x7a, 0x7a, 0x7a, 0x7a, 0x7a, 0x7a, 0x31, 0x7a, 0x30, 0xca, 0x7a, 0x30, 0x7a, 0x30, 0x7a, 0x7a, 0x30, 0x30, 0x7a, 0x30, 0x30, 0x7a, 0x2b, 0x2c, 0x2d, 0xfd, 0xfd, 0xfd, 0x2c, 0x2d, 0x2b, 0x2c, 0x2f, 0x2e, 0x2e, 0x2e, 0x2e, 0x2e, 0x2e, 0x2f, 0x2f, 0x2e, 0x2f, 0x2e, 0x2e, 0x2e, 0xfd, 0xfd, 0x2e, 0xd0, 0x28, 0xd0, 0x28, 0xd0, 0x28, 0xd0, 0x28, 0xc9, 0x28, 0xd0, 0x28, 0xd0, 0x28, 0xd0, 0x28, 0xc9, 0x28, 0xd0, 0x28, 0xc9, 0x28, 0xc9, 0x28, 0xc9, 0x28, 0x28, 0x28, 0xc9, 0x28, 0x28, 0x28, 0x28, 0x28, 0x28, 0x28, 0x28, 0x28, 0x28, 0x28, 0x28, 0x28, 0x28, 0x28, 0x28, 0x28, 0x28, 0x28, 0x28, 0x28, 0x28, 0x28, 0x28, 0x28, 0x28, 0x28, 0x28, 0x28, 
  0x28, 0x28, 0x28, 0x28, 0xa1, 0x8e, 0x8f, 0x8e, 0xc1, 0x28, 0x28, 0x28, 0x28, 0x28, 0x28, 0x28, 0x28, 0x28, 0x28, 0x28, 0x28, 0x28, 0x28, 0x28, 0x28, 0x28, 0x28, 0x28, 0x28, 0x28, 0x28, 0x28, 0x28, 0x28, 0x28, 0x28, 0x28, 0x28, 0x28, 0x28, 0x97, 0x8e, 0x8e, 0x8f, 0x76, 0x00, 0x00, 0x00, 0x00, 0x00, 0x00, 0x00, 0x00, 0x00, 0x00, 0x00, 0x00, 0x00, 0x00, 0x00, 0x00, 0x00, 0x00, 0xf0, 0x28, 0x28, 0x00, 0x00, 0x00, 0x07, 0x28, 0x28, 0x28, 0x28, 0x28, 0x28, 0x28, 0x28, 0x28, 0x28, 0x28, 0x28, 0x28, 0x28, 0x28, 0x28, 0x28, 0x28, 0x28, 0x28, 0x28, 0x28, 0x28, 0x28, 0x28, 0x28, 0x28, 0x01, 0x0f, 0x28, 0x28, 0x28, 0xfe, 0x00, 0x02, 0x28, 0x28, 0x28, 0x28, 0x28, 0x28, 0x28, 0x28, 0x28, 0x12, 0xf9, 0xd9, 0x01, 0x25, 0x0d, 0x03, 0x28, 0x28, 0x28, 0xd1, 0xd3, 0xd3, 0xd3, 0xd3, 0xd3, 0xd3, 0xd3, 0xcb, 0x1e, 0xd5, 0xd3, 0xd3, 0xd3, 0xd3, 0xd3, 0xd3, 0xd3, 0xd3, 0xd3, 0xd3, 0xd3, 0xd3, 0xd3, 0xd3, 0xd3, 0xd3, 0xd3, 0xd3, 0xd3, 0xd3, 0xd3, 0xd3, 0xd3, 0xd3, 0xd3, 0xd6, 0x28, 0xe7, 0x24, 0xdc, 0xd3, 0xd3, 0xd3, 0xd3, 0xd3, 0xd3, 0xd3, 0xd3, 0xd3, 0xd3, 0xd3, 0xd3, 0xd3, 0xdb, 0x28, 0x97, 0xc6, 0x28, 0x28, 0x28, 0x28, 0xbb, 0xad, 0x94, 0x9e, 0xc7, 0x28, 0x28, 0x28, 0x28, 0x28, 0x28, 0xbe, 0xc1, 0x28, 0x28, 0x28, 0x28, 0x28, 0xc9, 0x8f, 0x8e, 0x8e, 0x8e, 0x28, 0x28, 0x28, 0x28, 0x28, 0x28, 0x28, 0x28, 0x28, 0x28, 0x28, 0x28, 0x28, 0x28, 0x28, 0x28, 0x28, 0x28, 0x28, 0x28, 0x28, 0x28, 0x28, 0x28, 0x28, 0x28, 0x28, 0x28, 0x28, 0x28, 0x28, 0x28, 0x94, 0x8e, 0x8f, 0x8e, 0x28, 0x28, 0x28, 0x28, 0x28, 0x28, 0x28, 0x28, 0x28, 0x28, 0x28, 0x28, 0x28, 0x28, 0x28, 0x28, 0x28, 0x28, 0x28, 0x28, 0x28, 0x28, 0x28, 0x28, 0x28, 0x28, 0x28, 0x28, 0x28, 0x28, 0x28, 0x28, 0x28, 0x28, 0x28, 0x28, 0x28, 0x28, 0x28, 0x28, 0x28, 0x28, 0x28, 0x28, 0x28, 0x28, 0x28, 0x28, 0x28, 0x28, 0x28, 0x28, 0x28, 0x28, 0x28, 0x28, 0x28, 0x28, 0x28, 0x28, 0x28, 0x28, 0x28, 0x28, 0x28, 0x28, 0x28, 0x28, 0x28, 0x28, 0x28, 0x28, 0x28, 0x28, 0x28, 0x28, 0x28, 0x28, 0x28, 0x28, 0x28, 0x28, 0x28, 0x28, 0x28, 0x28, 0x28, 0x28, 0x28, 0x28, 0x28, 0x28, 0x28, 0x28, 0x28, 0x28, 0x28, 0x28, 0x28, 0x28, 0x28, 0x28, 0x28, 0x28, 0x28, 0xc9, 0x28, 0xc9, 0x28, 0xd0, 0x28, 0x28, 0xc9, 0x28, 0xd0, 0x28, 0xc9, 0xf2, 0x34, 0x7f, 0x7f, 0x32, 0x7f, 0x7f, 0x7f, 0x7a, 0x7a, 0x7a, 0x7a, 0x7a, 0x7a, 0x7a, 0x7a, 0x7a, 0x30, 0x7a, 0x7a, 0x7a, 0x30, 0x7a, 0x30, 0x7a, 0x7a, 0x7a, 0x7a, 0x7a, 0x7a, 0x7a, 0x30, 0x30, 0x2f, 0x2d, 0x2d, 0x2c, 0x2d, 0x2d, 0x2c, 0xfd, 0x2e, 0x2f, 0x2e, 0x2e, 0x2e, 0xfd, 0x2e, 0x2e, 0x2e, 0x2e, 0x2e, 0x2f, 0x2e, 0x2f, 0x2e, 0x2e, 0xfd, 0x2c, 0xd0, 0x28, 0xc9, 0x28, 0xc9, 0x28, 0x28, 0x28, 0xd0, 0x28, 0xc9, 0x28, 0xc9, 0x28, 0xc9, 0x28, 0xd0, 0x28, 0xd0, 0x28, 0xd0, 0x28, 0xd0, 0x28, 0xd0, 0x28, 0xc9, 0x28, 0x28, 0x28, 0xd0, 0x28, 0x28, 0x28, 0x28, 0x28, 0x28, 0x28, 0x28, 0x28, 0x28, 0x28, 0x28, 0x28, 0x28, 0x28, 0x28, 0x28, 0x28, 0x28, 0x28, 0x28, 0x28, 0x28, 0x28, 0x28, 0x28, 0x28, 0x28, 
  0x28, 0x28, 0x28, 0x28, 0x9e, 0x8e, 0x8e, 0x8e, 0xc2, 0x28, 0x28, 0x28, 0x28, 0x28, 0x28, 0x28, 0x28, 0x28, 0x28, 0x28, 0x28, 0x28, 0x28, 0x28, 0x28, 0x28, 0x28, 0x28, 0x28, 0x28, 0x28, 0x28, 0x28, 0x28, 0x28, 0x28, 0x28, 0x28, 0x28, 0x28, 0x90, 0x8f, 0x8e, 0x8e, 0x76, 0x00, 0x00, 0x00, 0x00, 0x00, 0x00, 0x00, 0x00, 0x00, 0x00, 0x00, 0x00, 0x00, 0x00, 0x00, 0x00, 0x00, 0x00, 0xcc, 0x28, 0x28, 0x05, 0x00, 0x04, 0x11, 0x28, 0x28, 0x28, 0x28, 0x28, 0x28, 0x28, 0x28, 0x28, 0x28, 0x28, 0x28, 0x28, 0x28, 0x28, 0x28, 0x28, 0x28, 0x28, 0x28, 0x28, 0x28, 0x28, 0x28, 0x28, 0x28, 0xe6, 0x00, 0x1f, 0x28, 0x28, 0x28, 0x0c, 0x00, 0x0b, 0x28, 0x28, 0x28, 0x28, 0x28, 0x28, 0x28, 0x28, 0x28, 0x28, 0x28, 0xe9, 0x1f, 0xeb, 0x00, 0xfe, 0x28, 0x23, 0x24, 0xd1, 0xd3, 0xd3, 0xd3, 0xd3, 0xd3, 0xd3, 0xdd, 0xf0, 0xd8, 0xea, 0xe1, 0xd3, 0xd3, 0xd3, 0xd3, 0xd3, 0xd3, 0xd3, 0xd3, 0xd3, 0xd3, 0xd3, 0xd3, 0xd3, 0xd3, 0xd3, 0xd3, 0xd3, 0xd3, 0xd3, 0xd3, 0xd3, 0xd3, 0xd3, 0xd3, 0xd6, 0x28, 0xd5, 0xd3, 0xd3, 0xd3, 0xd3, 0xd3, 0xd3, 0xd3, 0xd3, 0xd3, 0xd3, 0xd3, 0xd3, 0xd3, 0xd3, 0xd7, 0xd3, 0xcc, 0xb7, 0x28, 0x28, 0xc7, 0xbe, 0xa9, 0x8f, 0x8e, 0x8e, 0xb9, 0x28, 0x28, 0x28, 0xc9, 0xc0, 0xb7, 0x9e, 0x90, 0xc5, 0x28, 0x28, 0x28, 0x28, 0x28, 0xc7, 0x8f, 0x8f, 0x8f, 0x8e, 0x28, 0x28, 0x28, 0x28, 0x28, 0x28, 0x28, 0x28, 0x28, 0x28, 0x28, 0x28, 0x28, 0x28, 0x28, 0x28, 0x28, 0x28, 0x28, 0x28, 0x28, 0x28, 0x28, 0x28, 0x28, 0x28, 0x28, 0x28, 0x28, 0x28, 0x28, 0x28, 0x97, 0x8e, 0x8e, 0x8f, 0x28, 0x28, 0x28, 0x28, 0x28, 0x28, 0x28, 0x28, 0x28, 0x28, 0x28, 0x28, 0x28, 0x28, 0x28, 0x28, 0x28, 0x28, 0x28, 0x28, 0x28, 0x28, 0x28, 0x28, 0x28, 0x28, 0x28, 0x28, 0x28, 0x28, 0x28, 0x28, 0x28, 0x28, 0x28, 0x28, 0x28, 0x28, 0x28, 0x28, 0x28, 0x28, 0x28, 0x28, 0x28, 0x28, 0x28, 0x28, 0x28, 0x28, 0x28, 0x28, 0x28, 0x28, 0x28, 0x28, 0x28, 0x28, 0x28, 0x28, 0x28, 0x28, 0x28, 0x28, 0x28, 0x28, 0x28, 0x28, 0x28, 0x28, 0x28, 0x28, 0x28, 0x28, 0x28, 0x28, 0x28, 0x28, 0x28, 0x28, 0x28, 0x28, 0x28, 0x28, 0x28, 0x28, 0x28, 0x28, 0x28, 0x28, 0x28, 0x28, 0x28, 0x28, 0x28, 0x28, 0x28, 0x28, 0x28, 0x28, 0x28, 0x28, 0xc9, 0x28, 0xd0, 0x28, 0x28, 0xd0, 0x28, 0x28, 0xc9, 0x28, 0xd0, 0x28, 0x28, 0xc9, 0x28, 0xd0, 0x28, 0x32, 0x7f, 0x7f, 0x7f, 0x7f, 0x32, 0x30, 0x30, 0x7a, 0x7a, 0x7a, 0x7a, 0x7a, 0x31, 0xca, 0x7a, 0x30, 0x30, 0xca, 0x7a, 0x7a, 0x7a, 0x7a, 0x7a, 0x7a, 0x7a, 0x7a, 0x7a, 0x7a, 0x30, 0x7a, 0x30, 0x2c, 0x2b, 0x0d, 0xfd, 0x2f, 0x2f, 0x2e, 0xfd, 0x2e, 0x2f, 0x2e, 0x2e, 0x2e, 0x2e, 0x2e, 0x2e, 0xfd, 0xfd, 0x2e, 0x2f, 0x2e, 0x2e, 0xfd, 0xfd, 0xd0, 0x28, 0xd0, 0x28, 0xd0, 0x28, 0xc9, 0x28, 0xd0, 0x28, 0xc9, 0x28, 0xd0, 0x28, 0xd0, 0x28, 0xd0, 0x28, 0xd0, 0x28, 0xc9, 0x28, 0xc9, 0x28, 0xc9, 0x28, 0xc9, 0x28, 0xd0, 0x28, 0xd0, 0x28, 0x28, 0x28, 0x28, 0x28, 0x28, 0x28, 0x28, 0x28, 0x28, 0x28, 0x28, 0x28, 0x28, 0x28, 0x28, 0x28, 0x28, 0x28, 0x28, 0x28, 0x28, 0x28, 0x28, 0x28, 0x28, 0x28, 0x28, 0x28, 
  0x28, 0x28, 0x28, 0x28, 0x9a, 0x8e, 0x8e, 0x8f, 0xc5, 0x28, 0x28, 0x28, 0x28, 0x28, 0x28, 0x28, 0x28, 0x28, 0x28, 0x28, 0x28, 0x28, 0x28, 0x28, 0x28, 0x28, 0x28, 0x28, 0x28, 0x28, 0x28, 0x28, 0x28, 0x28, 0x28, 0x28, 0x28, 0x28, 0x28, 0x28, 0x8f, 0x8e, 0x8e, 0x8f, 0x75, 0x00, 0x00, 0x00, 0x00, 0x00, 0x00, 0x00, 0x00, 0x00, 0x00, 0x00, 0x00, 0x00, 0x00, 0x00, 0x00, 0x00, 0x00, 0xfa, 0x28, 0x28, 0x2e, 0x00, 0xf8, 0x28, 0x28, 0x28, 0x28, 0x28, 0x28, 0x28, 0x28, 0x28, 0x28, 0x28, 0x28, 0x28, 0x28, 0x28, 0x28, 0x28, 0x28, 0x28, 0x28, 0x28, 0x28, 0x28, 0x28, 0x28, 0x28, 0x28, 0x02, 0x04, 0xd0, 0x28, 0x28, 0x28, 0x0b, 0x01, 0xce, 0x28, 0x28, 0x28, 0x28, 0x28, 0x28, 0x28, 0x28, 0x28, 0x28, 0x28, 0x28, 0x28, 0xfe, 0x00, 0xef, 0x28, 0xff, 0x05, 0x11, 0xd3, 0xd3, 0xd3, 0xd3, 0xd3, 0xd7, 0xcf, 0xf2, 0xd9, 0xcf, 0xf6, 0xd3, 0xd3, 0xd3, 0xd3, 0xd3, 0xd3, 0xd3, 0xd3, 0xd3, 0xd3, 0xd3, 0xd3, 0xd3, 0xd3, 0xd3, 0xd3, 0xd3, 0xd3, 0xd3, 0xd3, 0xd3, 0xd3, 0xd3, 0xd3, 0xd6, 0x28, 0xd5, 0xd3, 0xd3, 0xd3, 0xd3, 0xd3, 0xd3, 0xd3, 0xd3, 0xd3, 0xd3, 0xd3, 0xd3, 0xd3, 0xdb, 0xd0, 0xe5, 0xf1, 0xc9, 0xc4, 0xba, 0x97, 0x8f, 0x8f, 0x8f, 0x8e, 0xa6, 0xc9, 0xc5, 0xc0, 0xb6, 0x90, 0x8e, 0x8e, 0x8e, 0xbb, 0x28, 0xc9, 0xc5, 0xc4, 0xc0, 0xbd, 0xb8, 0x8f, 0x8f, 0x8e, 0x8f, 0x28, 0x28, 0x28, 0x28, 0x28, 0x28, 0x28, 0x28, 0x28, 0x28, 0x28, 0x28, 0x28, 0x28, 0x28, 0x28, 0x28, 0x28, 0x28, 0x28, 0x28, 0x28, 0x28, 0x28, 0x28, 0x28, 0x28, 0x28, 0x28, 0x28, 0x28, 0x28, 0x97, 0x8e, 0x8e, 0x8e, 0x28, 0x28, 0x28, 0x28, 0x28, 0x28, 0x28, 0x28, 0x28, 0x28, 0x28, 0x28, 0x28, 0x28, 0x28, 0x28, 0x28, 0x28, 0x28, 0x28, 0x28, 0x28, 0x28, 0x28, 0x28, 0x28, 0x28, 0x28, 0x28, 0x28, 0x28, 0x28, 0x28, 0x28, 0x28, 0x28, 0x28, 0x28, 0x28, 0x28, 0x28, 0x28, 0x28, 0x28, 0x28, 0x28, 0x28, 0x28, 0x28, 0x28, 0x28, 0x28, 0x28, 0x28, 0x28, 0x28, 0x28, 0x28, 0x28, 0x28, 0x28, 0x28, 0x28, 0x28, 0x28, 0x28, 0x28, 0x28, 0x28, 0x28, 0x28, 0x28, 0x28, 0x28, 0x28, 0x28, 0x28, 0x28, 0x28, 0x28, 0x28, 0x28, 0x28, 0x28, 0x28, 0x28, 0x28, 0x28, 0x28, 0x28, 0x28, 0x28, 0x28, 0x28, 0x28, 0x28, 0x28, 0x28, 0x28, 0x28, 0x28, 0x28, 0x28, 0xc9, 0x28, 0xc9, 0x28, 0x28, 0x28, 0xc9, 0x28, 0xc9, 0x28, 0xc9, 0x28, 0xd0, 0x28, 0xd0, 0x28, 0xd0, 0x27, 0x7f, 0x7f, 0x7f, 0x7f, 0x31, 0xca, 0x30, 0x7a, 0x7a, 0x7a, 0x7a, 0x7a, 0x7a, 0x30, 0x7a, 0x30, 0x7a, 0x7a, 0x30, 0x7a, 0x7a, 0x7a, 0x7a, 0x7a, 0x7a, 0x7a, 0x30, 0x7a, 0x30, 0xca, 0x2c, 0x2c, 0x2f, 0x2e, 0x2e, 0x2d, 0x2e, 0x2e, 0x2e, 0xfd, 0x2e, 0x2e, 0xfd, 0x2e, 0x2e, 0x2e, 0x2e, 0x2e, 0x2f, 0x2f, 0x2f, 0xfd, 0x2f, 0xd0, 0x28, 0xd0, 0x28, 0xc9, 0x28, 0x28, 0x28, 0xd0, 0x28, 0xd0, 0x28, 0xc9, 0x28, 0xc9, 0x28, 0xc9, 0x28, 0xd0, 0x28, 0xd0, 0x28, 0xd0, 0x28, 0xd0, 0x28, 0xd0, 0x28, 0xc9, 0x28, 0xc9, 0x28, 0xc9, 0x28, 0x28, 0x28, 0x28, 0x28, 0x28, 0x28, 0x28, 0x28, 0x28, 0x28, 0x28, 0x28, 0x28, 0x28, 0x28, 0x28, 0x28, 0x28, 0x28, 0x28, 0x28, 0x28, 0x28, 0x28, 0x28, 0x28, 0x28, 
  0x28, 0x28, 0x28, 0x28, 0x94, 0x8f, 0x8e, 0x8e, 0xc8, 0x28, 0x28, 0x28, 0x28, 0x28, 0x28, 0x28, 0x28, 0x28, 0x28, 0x28, 0x28, 0x28, 0x28, 0x28, 0x28, 0x28, 0x28, 0x28, 0x28, 0x28, 0x28, 0x28, 0x28, 0x28, 0x28, 0x28, 0x28, 0x28, 0x28, 0x28, 0x8f, 0x8e, 0x8f, 0x8e, 0x75, 0x00, 0x00, 0x00, 0x00, 0x00, 0x00, 0x00, 0x00, 0x00, 0x00, 0x00, 0x00, 0x00, 0x00, 0x00, 0x00, 0x00, 0x00, 0xcf, 0x28, 0x28, 0xf7, 0x00, 0x31, 0x28, 0x28, 0x28, 0x28, 0x28, 0x28, 0x28, 0x28, 0x28, 0x28, 0x28, 0x28, 0x28, 0x28, 0x28, 0x28, 0x28, 0x28, 0x28, 0x28, 0x28, 0x28, 0x28, 0x28, 0x28, 0x28, 0x24, 0x00, 0x18, 0x28, 0x28, 0x28, 0x28, 0x7a, 0x12, 0x28, 0x28, 0x28, 0x28, 0x28, 0x28, 0x28, 0x28, 0x28, 0x28, 0x28, 0x28, 0x28, 0x28, 0xd5, 0xfa, 0x28, 0xe6, 0x00, 0x00, 0x07, 0xd3, 0xd3, 0xd3, 0xd3, 0xd3, 0x21, 0xcb, 0xd3, 0xd3, 0xd3, 0xd3, 0xd3, 0xd3, 0xd3, 0xd3, 0xd3, 0xd3, 0xd3, 0xd3, 0xd3, 0xd3, 0xd3, 0xd3, 0xd3, 0xd3, 0xd3, 0xd3, 0xd3, 0xd3, 0xd3, 0xd3, 0xd3, 0xd3, 0xd3, 0xd3, 0xd6, 0x28, 0xd8, 0xe5, 0xd5, 0xd3, 0xd3, 0xd3, 0xd3, 0xd3, 0xd3, 0xd3, 0xd3, 0xd3, 0xd3, 0xd3, 0xd5, 0xcb, 0xf1, 0x24, 0xc7, 0x8e, 0x8f, 0x8e, 0x8e, 0x8e, 0x8e, 0x91, 0xb9, 0x9c, 0x8e, 0x8e, 0x8f, 0x8e, 0x8f, 0x8e, 0xaa, 0xb1, 0x9c, 0x8f, 0x8f, 0x8e, 0x8f, 0xa3, 0xc6, 0x90, 0x8e, 0x8f, 0x8f, 0x28, 0x28, 0x28, 0x28, 0x28, 0x28, 0x28, 0x28, 0x28, 0x28, 0x28, 0x28, 0x28, 0x28, 0x28, 0x28, 0x28, 0x28, 0x28, 0x28, 0x28, 0x28, 0x28, 0x28, 0x28, 0x28, 0x28, 0x28, 0x28, 0x28, 0x28, 0x28, 0x9c, 0x8f, 0x8e, 0x8e, 0x28, 0x28, 0x28, 0x28, 0x28, 0x28, 0x28, 0x28, 0x28, 0x28, 0x28, 0x28, 0x28, 0x28, 0x28, 0x28, 0x28, 0x28, 0x28, 0x28, 0x28, 0x28, 0x28, 0x28, 0x28, 0x28, 0x28, 0x28, 0x28, 0x28, 0x28, 0x28, 0x28, 0x28, 0x28, 0x28, 0x28, 0x28, 0x28, 0x28, 0x28, 0x28, 0x28, 0x28, 0x28, 0x28, 0x28, 0x28, 0x28, 0x28, 0x28, 0x28, 0x28, 0x28, 0x28, 0x28, 0x28, 0x28, 0x28, 0x28, 0x28, 0x28, 0x28, 0x28, 0x28, 0x28, 0x28, 0x28, 0x28, 0x28, 0x28, 0x28, 0x28, 0x28, 0x28, 0x28, 0x28, 0x28, 0x28, 0x28, 0x28, 0x28, 0x28, 0x28, 0x28, 0x28, 0x28, 0x28, 0x28, 0x28, 0x28, 0x28, 0x28, 0x28, 0x28, 0x28, 0x28, 0x28, 0x28, 0x28, 0x28, 0x28, 0xd0, 0x28, 0xd0, 0x28, 0x28, 0xc9, 0x28, 0xd0, 0xd0, 0x28, 0xd0, 0x28, 0xd0, 0x28, 0xc9, 0x28, 0xc9, 0x28, 0xd0, 0x28, 0x14, 0x7f, 0x32, 0x7d, 0x30, 0x7a, 0x7a, 0x7a, 0x7a, 0x7a, 0x7a, 0x7a, 0x7a, 0x30, 0x7a, 0x7a, 0x7a, 0x7a, 0x7a, 0x7a, 0x7a, 0x31, 0x7a, 0x7a, 0x7a, 0x30, 0xca, 0x30, 0x30, 0x2f, 0x2f, 0x2f, 0x2f, 0x2f, 0x2e, 0x2e, 0xfd, 0x2e, 0x2e, 0x2e, 0x2e, 0x2f, 0x2e, 0x2e, 0x2e, 0xfd, 0x2e, 0x2e, 0x2e, 0x2e, 0x2f, 0xd0, 0x28, 0xc9, 0x28, 0xc9, 0x28, 0x28, 0xc9, 0x28, 0x28, 0xd0, 0x28, 0xc9, 0x28, 0xd0, 0x28, 0xd0, 0x28, 0xd0, 0x28, 0xc9, 0x28, 0xc9, 0x28, 0xc9, 0x28, 0xc9, 0x28, 0xc9, 0x28, 0xd0, 0x28, 0xd0, 0x28, 0x28, 0x28, 0x28, 0x28, 0x28, 0x28, 0x28, 0x28, 0x28, 0x28, 0x28, 0x28, 0x28, 0x28, 0x28, 0x28, 0x28, 0x28, 0x28, 0x28, 0x28, 0x28, 0x28, 0x28, 0x28, 0x28, 0x28, 0x28, 
  0x28, 0x28, 0x28, 0x28, 0x94, 0x8e, 0x8f, 0x8e, 0xc7, 0x28, 0x28, 0x28, 0x28, 0x28, 0x28, 0x28, 0x28, 0x28, 0x28, 0x28, 0x28, 0x28, 0x28, 0x28, 0x28, 0x28, 0x28, 0x28, 0x28, 0x28, 0x28, 0x28, 0x28, 0x28, 0x28, 0x28, 0x28, 0x28, 0x28, 0x28, 0x8e, 0x8f, 0x8e, 0x8e, 0x75, 0x00, 0x00, 0x00, 0x00, 0x00, 0x00, 0x00, 0x00, 0x00, 0x00, 0x00, 0x00, 0x00, 0x00, 0x00, 0x00, 0x00, 0x00, 0xf0, 0x28, 0x28, 0x28, 0x03, 0x0b, 0x28, 0x28, 0x28, 0x28, 0x28, 0x28, 0x28, 0x28, 0x28, 0x28, 0x28, 0x28, 0x28, 0x28, 0x28, 0x28, 0x28, 0x28, 0x28, 0x28, 0x28, 0x28, 0x28, 0x28, 0x28, 0x27, 0x01, 0x00, 0x25, 0x28, 0x28, 0x28, 0x28, 0x28, 0x28, 0x28, 0x28, 0x28, 0x28, 0x28, 0x28, 0x28, 0x28, 0x28, 0x28, 0x28, 0x28, 0x28, 0x28, 0x28, 0x28, 0x28, 0x07, 0x00, 0x02, 0xe9, 0xd3, 0xd3, 0xd3, 0xd3, 0xee, 0x24, 0xd4, 0xd3, 0xd3, 0xd3, 0xd3, 0xd3, 0xd3, 0xd3, 0xd3, 0xd3, 0xd3, 0xd3, 0xd3, 0xd3, 0xd3, 0xd3, 0xd3, 0xd3, 0xd3, 0xd3, 0xd3, 0xd3, 0xd3, 0xd3, 0xd3, 0xd3, 0xd3, 0xd3, 0xd3, 0xd6, 0x28, 0x22, 0x28, 0xe2, 0xd3, 0xd3, 0xd3, 0xd3, 0xd3, 0xd3, 0xd3, 0xd3, 0xd9, 0x13, 0xd3, 0xd3, 0xf3, 0x28, 0x28, 0xbe, 0x8f, 0x8e, 0x8f, 0x8e, 0x8f, 0x8f, 0x8e, 0x8f, 0x8e, 0x8e, 0x8e, 0x8f, 0x8f, 0x8e, 0x8e, 0x8e, 0x8f, 0x8e, 0x8e, 0x90, 0xae, 0x28, 0x28, 0xc9, 0x8f, 0x8e, 0x8e, 0x8e, 0x28, 0x28, 0x28, 0x28, 0x28, 0x28, 0x28, 0x28, 0x28, 0x28, 0x28, 0x28, 0x28, 0x28, 0x28, 0x28, 0x28, 0x28, 0x28, 0x28, 0x28, 0x28, 0x28, 0x28, 0x28, 0x28, 0x28, 0x28, 0x28, 0x28, 0x28, 0x28, 0x9c, 0x8e, 0x8e, 0x8e, 0x28, 0x28, 0x28, 0x28, 0x28, 0x28, 0x28, 0x28, 0x28, 0x28, 0x28, 0x28, 0x28, 0x28, 0x28, 0x28, 0x28, 0x28, 0x28, 0x28, 0x28, 0x28, 0x28, 0x28, 0x28, 0x28, 0x28, 0x28, 0x28, 0x28, 0x28, 0x28, 0x28, 0x28, 0x28, 0x28, 0x28, 0x28, 0x28, 0xc6, 0x28, 0x28, 0x28, 0x28, 0x28, 0x28, 0x28, 0x28, 0x28, 0x28, 0x28, 0x28, 0x28, 0x28, 0x28, 0x28, 0x28, 0x28, 0x28, 0x28, 0x28, 0x28, 0x28, 0x28, 0x28, 0x28, 0x28, 0x28, 0x28, 0x28, 0x28, 0x28, 0x28, 0x28, 0x28, 0x28, 0x28, 0x28, 0x28, 0x28, 0x28, 0x28, 0x28, 0x28, 0x28, 0x28, 0x28, 0x28, 0x28, 0x28, 0x28, 0x28, 0x28, 0x28, 0x28, 0x28, 0x28, 0x28, 0x28, 0x28, 0x28, 0x28, 0x28, 0xc9, 0x28, 0xc9, 0x28, 0xd0, 0x28, 0xc9, 0x28, 0xd0, 0x28, 0xc9, 0x28, 0xd0, 0x28, 0xd0, 0x28, 0xc9, 0x28, 0xc9, 0x28, 0xc9, 0x7d, 0x7d, 0x7a, 0x7a, 0x31, 0x7a, 0x31, 0x31, 0x7a, 0x7a, 0x30, 0x7a, 0x7a, 0x31, 0x7a, 0x31, 0x7a, 0x7a, 0x7a, 0x30, 0x7a, 0x7a, 0x30, 0xca, 0x2f, 0x2f, 0x2f, 0x2f, 0x2f, 0x2f, 0x2f, 0x2e, 0x2e, 0x2f, 0x2e, 0x2e, 0x2e, 0x2e, 0x2e, 0x2e, 0x2f, 0x2e, 0x2e, 0x2e, 0xfd, 0x2e, 0x2e, 0xfd, 0x28, 0xc9, 0x28, 0xd0, 0x28, 0xd0, 0x28, 0xd0, 0x28, 0xd0, 0x28, 0xc9, 0x28, 0xd0, 0x28, 0xc9, 0x28, 0xc9, 0x28, 0xc9, 0x28, 0xd0, 0x28, 0xd0, 0x28, 0xd0, 0x28, 0x28, 0xd0, 0x28, 0xc9, 0x28, 0xc9, 0x28, 0xc9, 0x28, 0x28, 0x28, 0x28, 0x28, 0x28, 0x28, 0x28, 0x28, 0x28, 0x28, 0x28, 0x28, 0x28, 0x28, 0x28, 0x28, 0x28, 0x28, 0x28, 0x28, 0x28, 0x28, 0x28, 0x28, 0x28, 0x28, 0x28, 
  0x28, 0x28, 0x28, 0x28, 0x97, 0x8e, 0x8e, 0x8e, 0xc6, 0x28, 0x28, 0x28, 0x28, 0x28, 0x28, 0x28, 0x28, 0x28, 0x28, 0x28, 0x28, 0x28, 0x28, 0x28, 0x28, 0x28, 0x28, 0x28, 0x28, 0x28, 0x28, 0x28, 0x28, 0x28, 0x28, 0x28, 0x28, 0x28, 0x28, 0x28, 0x8f, 0x8f, 0x8e, 0x8f, 0x75, 0x00, 0x00, 0x00, 0x00, 0x00, 0x00, 0x00, 0x00, 0x00, 0x00, 0x00, 0x00, 0x00, 0x00, 0x00, 0x00, 0x00, 0x01, 0x27, 0x28, 0x28, 0x28, 0xeb, 0x07, 0x28, 0x28, 0x28, 0x28, 0x28, 0x28, 0x28, 0x28, 0x28, 0x28, 0x28, 0x28, 0x28, 0x28, 0x28, 0x28, 0x28, 0x28, 0x28, 0x28, 0x28, 0x28, 0x28, 0x28, 0x28, 0x12, 0x00, 0x00, 0x28, 0x28, 0x28, 0x28, 0x28, 0x28, 0x28, 0x28, 0x28, 0x28, 0x28, 0x28, 0x28, 0x28, 0x28, 0x28, 0x28, 0x28, 0x28, 0x28, 0x28, 0x28, 0x28, 0x26, 0x00, 0x00, 0xf8, 0xed, 0xd3, 0xd3, 0xd3, 0xd7, 0x26, 0xda, 0xea, 0xe8, 0xd3, 0xd3, 0xd3, 0xd3, 0xd8, 0xde, 0xf8, 0xd3, 0xd3, 0xf2, 0xdd, 0xd6, 0xd9, 0xd8, 0xca, 0xd9, 0xde, 0xdd, 0xd3, 0xd3, 0xca, 0xe2, 0xde, 0xd8, 0xd3, 0xd3, 0xd3, 0xd6, 0x28, 0xd7, 0xf2, 0xd4, 0xd3, 0xd3, 0xd3, 0xd3, 0xd3, 0xd3, 0xd3, 0xd3, 0x23, 0x28, 0xd8, 0xf7, 0x27, 0xe6, 0x27, 0xac, 0x8e, 0x8f, 0x8e, 0x8e, 0x8f, 0x8e, 0x8f, 0x8e, 0x8f, 0x8e, 0x8f, 0x8f, 0x8e, 0x8f, 0x8e, 0x8f, 0x8e, 0x9c, 0xb9, 0xc6, 0x28, 0x28, 0x28, 0xc9, 0x8f, 0x8f, 0x8e, 0x8e, 0x28, 0x28, 0x28, 0x28, 0x28, 0x28, 0x28, 0x28, 0x28, 0x28, 0x28, 0x28, 0x28, 0x28, 0x28, 0x28, 0x28, 0x28, 0x28, 0x28, 0x28, 0x28, 0x28, 0x28, 0x28, 0x28, 0x28, 0x28, 0x28, 0x28, 0x28, 0x28, 0x9a, 0x8f, 0x8f, 0x8e, 0x28, 0x28, 0x28, 0x28, 0x28, 0x28, 0x28, 0x28, 0x28, 0x28, 0x28, 0x28, 0x28, 0x28, 0x28, 0x28, 0x28, 0x28, 0x28, 0x28, 0x28, 0x28, 0x28, 0x28, 0x28, 0x28, 0x28, 0x28, 0x28, 0x28, 0x28, 0x28, 0x28, 0x28, 0x28, 0xc4, 0xad, 0x9e, 0x8f, 0x8e, 0x90, 0x9f, 0xaf, 0xc7, 0x28, 0x28, 0x28, 0x28, 0x28, 0x28, 0x28, 0x28, 0x28, 0x28, 0x28, 0x28, 0x28, 0x28, 0x28, 0x28, 0x28, 0x28, 0x28, 0x28, 0x28, 0x28, 0x28, 0x28, 0xae, 0x97, 0xb6, 0x28, 0x28, 0x28, 0x28, 0x28, 0x28, 0x28, 0x28, 0x28, 0x28, 0x28, 0x28, 0x28, 0x28, 0x28, 0x28, 0x28, 0x28, 0x28, 0x28, 0x28, 0x28, 0x28, 0x28, 0x28, 0x28, 0x28, 0x28, 0x28, 0x28, 0x28, 0xd0, 0x28, 0x28, 0x28, 0xd0, 0x28, 0xc9, 0xc7, 0x97, 0x97, 0xa3, 0xd0, 0x28, 0xc9, 0x28, 0xc9, 0x28, 0xd0, 0x28, 0xd0, 0x28, 0xd0, 0x28, 0x23, 0x32, 0x31, 0x7a, 0x31, 0x7a, 0x31, 0x31, 0x7a, 0x7a, 0x7a, 0x7a, 0x7a, 0x31, 0x7a, 0x7a, 0x7a, 0x7a, 0x30, 0x7a, 0xca, 0x30, 0x2f, 0x2f, 0x2e, 0x2e, 0x2d, 0x2f, 0x2f, 0x2f, 0x2e, 0x2e, 0x2e, 0x2e, 0x2f, 0x2e, 0x2e, 0x2e, 0x2e, 0x2e, 0x2e, 0x2e, 0xfd, 0xfd, 0x2e, 0x0d, 0x28, 0xd0, 0x28, 0xd0, 0x28, 0xc9, 0x28, 0xc9, 0x28, 0xc9, 0x28, 0xc9, 0x28, 0xd0, 0x28, 0xc9, 0xd0, 0x28, 0xd0, 0x28, 0x28, 0xd0, 0x28, 0xc9, 0x28, 0xc9, 0x28, 0xc9, 0x28, 0xc9, 0x28, 0xd0, 0x28, 0xd0, 0x28, 0xd0, 0x28, 0x28, 0x28, 0x28, 0x28, 0x28, 0x28, 0x28, 0x28, 0x28, 0x28, 0x28, 0x28, 0x28, 0x28, 0x28, 0x28, 0x28, 0x28, 0x28, 0x28, 0x28, 0x28, 0x28, 0x28, 0x28, 0x28, 0x28, 
  0x28, 0x28, 0x28, 0x28, 0x9c, 0x8e, 0x8e, 0x8f, 0xc4, 0x28, 0x28, 0x28, 0x28, 0x28, 0x28, 0x28, 0x28, 0x28, 0x28, 0x28, 0x28, 0x28, 0x28, 0x28, 0x28, 0x28, 0x28, 0x28, 0x28, 0x28, 0x28, 0x28, 0x28, 0x28, 0x28, 0x28, 0x28, 0x28, 0x28, 0x28, 0x90, 0x8e, 0x8e, 0x8e, 0x76, 0x00, 0x00, 0x00, 0x00, 0x00, 0x00, 0x00, 0x00, 0x00, 0x00, 0x00, 0x00, 0x00, 0x00, 0x00, 0x00, 0x00, 0x01, 0x28, 0x28, 0x28, 0x28, 0x28, 0x34, 0x28, 0x28, 0x28, 0x28, 0x28, 0x28, 0x28, 0x28, 0x28, 0x28, 0x28, 0x28, 0x28, 0x28, 0x28, 0x28, 0x28, 0x28, 0x28, 0x28, 0x28, 0x28, 0x28, 0x28, 0xed, 0x00, 0x00, 0xca, 0x28, 0x28, 0x28, 0x28, 0x28, 0x28, 0x28, 0x28, 0x28, 0x28, 0x28, 0x28, 0x28, 0x28, 0x28, 0x28, 0x28, 0x28, 0x28, 0x28, 0x28, 0x28, 0x28, 0x14, 0x00, 0x00, 0x1f, 0xd1, 0xd3, 0xd3, 0xd4, 0xd0, 0xda, 0xd3, 0xcd, 0xcc, 0xd3, 0xd3, 0xd3, 0xd4, 0xe9, 0x28, 0xcf, 0xd3, 0xd3, 0x25, 0x28, 0x28, 0xcf, 0xd8, 0xd5, 0xed, 0x28, 0xd1, 0xd3, 0xd3, 0xee, 0xec, 0xd4, 0x28, 0x10, 0xd3, 0xd3, 0xd6, 0x28, 0xd5, 0xd3, 0xd3, 0xd3, 0xd3, 0xd3, 0xd3, 0xd3, 0xd3, 0xd3, 0xd3, 0xd4, 0xd9, 0x24, 0xf0, 0xdd, 0xe2, 0x28, 0x9c, 0x90, 0x8e, 0x8e, 0x8f, 0x8e, 0x8e, 0x8e, 0x8e, 0x8f, 0x8f, 0x8e, 0x8e, 0x8f, 0x8e, 0x8e, 0xa5, 0xbf, 0x28, 0x28, 0x28, 0x28, 0x28, 0x28, 0xc9, 0x8f, 0x8e, 0x8e, 0x8e, 0x28, 0x28, 0x28, 0x28, 0x28, 0x28, 0x28, 0x28, 0x28, 0x28, 0x28, 0x28, 0x28, 0x28, 0x28, 0x28, 0x28, 0x28, 0x28, 0x28, 0x28, 0x28, 0x28, 0x28, 0x28, 0x28, 0x28, 0x28, 0x28, 0x28, 0x28, 0x28, 0x97, 0x8e, 0x8f, 0x8e, 0x28, 0x28, 0x28, 0x28, 0x28, 0x28, 0x28, 0x28, 0x28, 0x28, 0x28, 0x28, 0x28, 0x28, 0x28, 0x28, 0x28, 0x28, 0x28, 0x28, 0x28, 0x28, 0x28, 0x28, 0x28, 0x28, 0x28, 0x28, 0x28, 0x28, 0x28, 0x28, 0x28, 0x28, 0xb7, 0x8f, 0x8e, 0x8e, 0x8f, 0x8e, 0x8e, 0x8e, 0x8e, 0x91, 0xbd, 0x28, 0x28, 0x28, 0x28, 0x28, 0x28, 0x28, 0x28, 0x28, 0x28, 0x28, 0x28, 0x28, 0x28, 0x28, 0x28, 0x28, 0x28, 0x28, 0x28, 0x28, 0x28, 0x28, 0xa6, 0x8e, 0xae, 0x28, 0x28, 0x28, 0x28, 0x28, 0x28, 0x28, 0x28, 0x28, 0x28, 0x28, 0x28, 0x28, 0x28, 0x28, 0x28, 0x28, 0x28, 0x28, 0x28, 0x28, 0x28, 0x28, 0x28, 0x28, 0x28, 0x28, 0x28, 0x28, 0x28, 0x28, 0x28, 0xc9, 0x28, 0x28, 0xc9, 0x28, 0xc9, 0xb7, 0x8e, 0x8f, 0x8e, 0xc0, 0xd0, 0x28, 0xd0, 0x28, 0xd0, 0x28, 0xc9, 0x28, 0xc9, 0x28, 0xc9, 0x28, 0xd0, 0x13, 0x31, 0x31, 0x31, 0x7d, 0x31, 0x31, 0x31, 0x7d, 0x7a, 0x31, 0x31, 0x31, 0x7a, 0x7a, 0x30, 0x7a, 0x30, 0x30, 0x7a, 0x2f, 0x2f, 0x2d, 0x2e, 0x2d, 0x2f, 0x30, 0x2f, 0x2e, 0x2e, 0x2e, 0x2f, 0x2f, 0x2f, 0x2f, 0x2e, 0x2f, 0x2e, 0x2e, 0x2e, 0x2e, 0xd6, 0xc9, 0x28, 0xd0, 0x28, 0xc9, 0x28, 0xd0, 0x28, 0xd0, 0x28, 0xd0, 0x28, 0xd0, 0x28, 0xc9, 0x28, 0xd0, 0x28, 0xd0, 0x28, 0xc9, 0x28, 0xc9, 0x28, 0xd0, 0x28, 0xd0, 0x28, 0xd0, 0x28, 0xd0, 0x28, 0xc9, 0x28, 0xc9, 0x28, 0xc9, 0x28, 0x28, 0x28, 0x28, 0x28, 0x28, 0x28, 0x28, 0x28, 0x28, 0x28, 0x28, 0x28, 0x28, 0x28, 0x28, 0x28, 0x28, 0x28, 0x28, 0x28, 0x28, 0x28, 0x28, 0x28, 0x28, 0x28, 0x28, 0x28, 
  0x28, 0x28, 0x28, 0x28, 0x9e, 0x8f, 0x8f, 0x8e, 0xc2, 0x28, 0x28, 0x28, 0x28, 0x28, 0x28, 0x28, 0x28, 0x28, 0x28, 0x28, 0x28, 0x28, 0x28, 0x28, 0x28, 0x28, 0x28, 0x28, 0x28, 0x28, 0x28, 0x28, 0x28, 0x28, 0x28, 0x28, 0x28, 0x28, 0x28, 0x28, 0x91, 0x8f, 0x8e, 0x8e, 0x76, 0x00, 0x00, 0x00, 0x00, 0x00, 0x00, 0x00, 0x00, 0x00, 0x00, 0x00, 0x00, 0x00, 0x00, 0x00, 0x00, 0x00, 0x29, 0x28, 0x28, 0x28, 0x28, 0x28, 0x26, 0x28, 0x28, 0x28, 0x28, 0x28, 0x28, 0x28, 0x28, 0x28, 0x28, 0x28, 0x28, 0x28, 0x28, 0x28, 0x28, 0x28, 0x28, 0x28, 0x28, 0x28, 0x28, 0x28, 0x28, 0x01, 0x00, 0x00, 0xf7, 0x28, 0x28, 0x28, 0x28, 0x28, 0x28, 0x28, 0x28, 0x28, 0x28, 0x28, 0x28, 0x28, 0x28, 0x28, 0x28, 0x28, 0x28, 0x28, 0x28, 0x28, 0x28, 0x28, 0x0c, 0x00, 0x34, 0x28, 0xd1, 0xd3, 0xd3, 0xec, 0xf0, 0xca, 0xd3, 0xd4, 0xd4, 0xd3, 0xd3, 0xd3, 0xd3, 0xda, 0x28, 0x25, 0xd3, 0xd3, 0x16, 0x1a, 0xf5, 0xd4, 0xd3, 0xd3, 0xe0, 0x28, 0xd1, 0xd3, 0xf8, 0x28, 0xf7, 0xf3, 0x28, 0xf6, 0xd3, 0xd3, 0xd6, 0x28, 0xd5, 0xd3, 0xd3, 0xd3, 0xd3, 0xd3, 0xd3, 0xda, 0xcf, 0xe0, 0xd3, 0xd3, 0xf0, 0x24, 0xd7, 0xd3, 0x1b, 0x28, 0xb9, 0x8e, 0x8f, 0x8e, 0x8e, 0x8f, 0x8f, 0xae, 0xc4, 0xaf, 0x8e, 0x8f, 0x8e, 0x8e, 0x9c, 0xc2, 0x28, 0x28, 0x28, 0x28, 0x28, 0x28, 0x28, 0x28, 0xc9, 0x8e, 0x8f, 0x8f, 0x8e, 0x28, 0x28, 0x28, 0x28, 0x28, 0x28, 0x28, 0x28, 0x28, 0x28, 0x28, 0x28, 0x28, 0x28, 0x28, 0x28, 0x28, 0x28, 0x28, 0x28, 0x28, 0x28, 0x28, 0x28, 0x28, 0x28, 0x28, 0x28, 0x28, 0x28, 0x28, 0x28, 0x97, 0x8e, 0x8e, 0x8f, 0x28, 0x28, 0x28, 0x28, 0x28, 0x28, 0x28, 0x28, 0x28, 0x28, 0x28, 0x28, 0x28, 0x28, 0x28, 0x28, 0x28, 0x28, 0x28, 0x28, 0x28, 0x28, 0x28, 0x28, 0x28, 0x28, 0x28, 0x28, 0x28, 0x28, 0x28, 0x28, 0x28, 0xac, 0x8e, 0x8e, 0x8f, 0xae, 0xb9, 0xbe, 0xb7, 0xaa, 0x8e, 0x8e, 0x8e, 0xb7, 0x28, 0x28, 0x28, 0x28, 0x28, 0x28, 0x28, 0x28, 0x28, 0x28, 0x28, 0x28, 0x28, 0x28, 0x28, 0x28, 0x28, 0x28, 0x28, 0x28, 0x28, 0x28, 0xa5, 0x8f, 0xae, 0x28, 0x28, 0x28, 0x28, 0x28, 0x28, 0x28, 0x28, 0x28, 0x28, 0x28, 0x28, 0x28, 0x28, 0x28, 0x28, 0x28, 0x28, 0x28, 0x28, 0x28, 0x28, 0x28, 0x28, 0x28, 0x28, 0x28, 0x28, 0x28, 0x28, 0x28, 0xd0, 0x28, 0xd0, 0x28, 0x28, 0xd0, 0x28, 0x9c, 0x8e, 0x8f, 0x8e, 0xad, 0x28, 0xd0, 0xd0, 0x28, 0xd0, 0x28, 0xd0, 0x28, 0xd0, 0x28, 0xd0, 0x28, 0xc9, 0x28, 0x28, 0x26, 0x2e, 0x7d, 0x7d, 0x31, 0x31, 0x31, 0x31, 0x7a, 0x7a, 0x7a, 0x7a, 0x7a, 0x30, 0x7a, 0x30, 0x30, 0x30, 0xca, 0x2d, 0xfd, 0x2d, 0x2e, 0x2e, 0x2e, 0x2f, 0x2e, 0x2e, 0x2f, 0x2f, 0x2f, 0x30, 0x2f, 0x2f, 0x2e, 0x2e, 0xfd, 0xe5, 0xd0, 0x28, 0xd0, 0x28, 0xc9, 0x28, 0xd0, 0x28, 0x28, 0xc9, 0x28, 0xc9, 0x28, 0xc9, 0x28, 0xc9, 0x28, 0xd0, 0x28, 0xd0, 0x28, 0xd0, 0x28, 0xd0, 0x28, 0xd0, 0x28, 0xd0, 0x28, 0xc9, 0x28, 0xc9, 0x28, 0xc9, 0x28, 0x28, 0x28, 0xd0, 0x28, 0xc9, 0x28, 0x28, 0x28, 0x28, 0x28, 0x28, 0x28, 0x28, 0x28, 0x28, 0x28, 0x28, 0x28, 0x28, 0x28, 0x28, 0x28, 0x28, 0x28, 0x28, 0x28, 0x28, 0x28, 0x28, 0x28, 0x28, 0x28, 0x28, 
  0x28, 0x28, 0x28, 0x28, 0xa3, 0x8e, 0x8e, 0x8f, 0xc0, 0x28, 0x28, 0x28, 0x28, 0x28, 0x28, 0x28, 0x28, 0x28, 0x28, 0x28, 0x28, 0x28, 0x28, 0x28, 0x28, 0x28, 0x28, 0x28, 0x28, 0x28, 0x28, 0x28, 0x28, 0x28, 0x28, 0x28, 0x28, 0x28, 0x28, 0x28, 0x9a, 0x8f, 0x8e, 0x8f, 0x76, 0x00, 0x00, 0x00, 0x00, 0x00, 0x00, 0x00, 0x00, 0x00, 0x00, 0x00, 0x00, 0x00, 0x00, 0x00, 0x00, 0x00, 0x02, 0x28, 0x28, 0x28, 0x28, 0x28, 0x28, 0x28, 0x28, 0x28, 0x28, 0x28, 0x28, 0x28, 0x28, 0x28, 0x28, 0x28, 0x28, 0x28, 0x28, 0x28, 0x28, 0x28, 0x28, 0x28, 0x28, 0x28, 0x28, 0x28, 0xe6, 0x00, 0x00, 0x00, 0x24, 0x28, 0x28, 0x28, 0x28, 0x28, 0x28, 0x28, 0x28, 0x28, 0x28, 0x28, 0x25, 0x05, 0x08, 0xfc, 0x28, 0x28, 0x28, 0x28, 0x28, 0x28, 0x28, 0x28, 0x0a, 0x02, 0x21, 0x28, 0xd1, 0xd3, 0xe1, 0x27, 0xd4, 0xd3, 0xd3, 0xd3, 0xd3, 0xd3, 0xd3, 0xd3, 0xd3, 0x0e, 0x28, 0x25, 0xd3, 0xd9, 0xfb, 0xe2, 0xeb, 0xdd, 0xd3, 0xd3, 0xe0, 0x28, 0xd1, 0xd3, 0xee, 0x28, 0xf7, 0xca, 0xe0, 0xca, 0xd3, 0xd3, 0xd5, 0x28, 0x1a, 0x28, 0xf8, 0xd3, 0xd3, 0xd3, 0xd3, 0xe0, 0x28, 0xf4, 0xf5, 0x28, 0xfa, 0xd4, 0xd3, 0xe0, 0x28, 0xc2, 0x8f, 0x8f, 0x8e, 0x94, 0xaf, 0xc1, 0xc9, 0x28, 0xc0, 0x8f, 0x8f, 0x8f, 0xb2, 0xc6, 0x28, 0x28, 0x28, 0x28, 0x28, 0x28, 0x28, 0x28, 0x28, 0x28, 0xc8, 0x8e, 0x8e, 0x8f, 0x8e, 0x28, 0x28, 0x28, 0x28, 0x28, 0x28, 0x28, 0x28, 0x28, 0x28, 0x28, 0x28, 0x28, 0x28, 0x28, 0x28, 0x28, 0x28, 0x28, 0x28, 0x28, 0x28, 0x28, 0x28, 0x28, 0x28, 0x28, 0x28, 0x28, 0x28, 0x28, 0x28, 0x91, 0x8e, 0x8f, 0x8e, 0x28, 0x28, 0x28, 0x28, 0x28, 0x28, 0x28, 0x28, 0x28, 0x28, 0x28, 0x28, 0x28, 0x28, 0x28, 0x28, 0x28, 0x28, 0x28, 0x28, 0x28, 0x28, 0x28, 0x28, 0x28, 0x28, 0x28, 0x28, 0x28, 0x28, 0x28, 0x28, 0xbb, 0x8e, 0x8f, 0x9f, 0xc5, 0x28, 0x28, 0x28, 0x28, 0x28, 0xbe, 0x91, 0x8f, 0x8f, 0xc4, 0x28, 0x28, 0x28, 0x28, 0x28, 0x28, 0x28, 0x28, 0x28, 0x28, 0x28, 0x28, 0x28, 0x28, 0x28, 0x28, 0x28, 0x28, 0x28, 0x28, 0x28, 0xa5, 0x8e, 0xae, 0x28, 0x28, 0x28, 0x28, 0x28, 0x28, 0x28, 0x28, 0x28, 0x28, 0x28, 0x28, 0x28, 0x28, 0x28, 0x28, 0x28, 0x28, 0x28, 0x28, 0x28, 0x28, 0x28, 0x28, 0x28, 0x28, 0x28, 0x28, 0x28, 0x28, 0x28, 0xc9, 0x28, 0xc9, 0x28, 0xc9, 0x28, 0xc1, 0x8f, 0x8e, 0x97, 0x8e, 0x90, 0xc9, 0x28, 0x28, 0xd0, 0x28, 0xd0, 0x28, 0xc9, 0x28, 0xc9, 0x28, 0x28, 0x28, 0xc9, 0x28, 0xd0, 0x28, 0xd0, 0x13, 0x31, 0x7d, 0x7a, 0x31, 0x31, 0x31, 0x7a, 0x7a, 0x7a, 0x7a, 0x7a, 0xca, 0x2f, 0x7a, 0x2e, 0x2e, 0x2d, 0x2e, 0x2d, 0x2e, 0x2e, 0x2f, 0x2e, 0x2f, 0x2f, 0x2f, 0x2f, 0xca, 0x30, 0x30, 0x2f, 0x22, 0x28, 0xc9, 0xd0, 0x28, 0xc9, 0x28, 0xd0, 0x28, 0xc9, 0x28, 0xd0, 0x28, 0xd0, 0x28, 0xd0, 0x28, 0xd0, 0x28, 0xd0, 0x28, 0xd0, 0x28, 0xc9, 0x28, 0xd0, 0x28, 0xc9, 0x28, 0xd0, 0x28, 0xd0, 0x28, 0xd0, 0x28, 0xd0, 0x28, 0x28, 0x28, 0x28, 0x28, 0xd0, 0x28, 0x28, 0x28, 0x28, 0x28, 0x28, 0x28, 0x28, 0x28, 0x28, 0x28, 0x28, 0x28, 0x28, 0x28, 0x28, 0x28, 0x28, 0x28, 0x28, 0x28, 0x28, 0x28, 0x28, 0x28, 0x28, 0x28, 0x28, 0x28, 
  0x28, 0x28, 0x28, 0x28, 0xa5, 0x8e, 0x8f, 0x8e, 0xbe, 0x28, 0x28, 0x28, 0x28, 0x28, 0x28, 0x28, 0x28, 0x28, 0x28, 0x28, 0x28, 0x28, 0x28, 0x28, 0x28, 0x28, 0x28, 0x28, 0x28, 0x28, 0x28, 0x28, 0x28, 0x28, 0x28, 0x28, 0x28, 0x28, 0x28, 0x28, 0xad, 0x8e, 0x8f, 0x8e, 0x77, 0x00, 0x00, 0x00, 0x00, 0x00, 0x00, 0x00, 0x00, 0x00, 0x00, 0x00, 0x00, 0x00, 0x00, 0x00, 0x00, 0x00, 0x01, 0x26, 0x28, 0x28, 0x28, 0x28, 0x28, 0x28, 0x28, 0x28, 0x28, 0x28, 0x28, 0x28, 0x28, 0x28, 0x28, 0x28, 0x28, 0x28, 0x28, 0x28, 0x28, 0x28, 0x28, 0x28, 0x28, 0x28, 0x28, 0xcf, 0x00, 0x00, 0x00, 0x00, 0x25, 0x28, 0x28, 0x28, 0x28, 0x28, 0x28, 0x28, 0x28, 0x28, 0x28, 0x28, 0x07, 0x00, 0x00, 0x00, 0xfe, 0x28, 0x28, 0x28, 0x28, 0x28, 0x28, 0x28, 0x08, 0xcc, 0x28, 0x28, 0xd1, 0xda, 0xf0, 0xd6, 0xf0, 0x24, 0xd4, 0xd3, 0xd3, 0xd3, 0xd3, 0xd3, 0xd3, 0xda, 0x28, 0x25, 0xd3, 0xda, 0xfb, 0xd6, 0x1b, 0x28, 0xfa, 0xd3, 0xe0, 0x28, 0xd1, 0xd3, 0xcc, 0x28, 0xfc, 0xd2, 0x28, 0xe7, 0xd3, 0xd3, 0xd5, 0x28, 0xdb, 0xea, 0xd6, 0xd3, 0xda, 0x13, 0xd3, 0xd3, 0xd4, 0xcc, 0x28, 0xdd, 0xd3, 0xd3, 0xd3, 0xea, 0xc8, 0x90, 0x94, 0xba, 0xc5, 0x28, 0x28, 0x28, 0x28, 0x28, 0xa6, 0x9f, 0xbe, 0x28, 0x28, 0x28, 0x28, 0x28, 0x28, 0x28, 0x28, 0x28, 0x28, 0x28, 0x28, 0x28, 0xc7, 0x8e, 0x8f, 0x8e, 0x8e, 0x28, 0x28, 0x28, 0x28, 0x28, 0x28, 0x28, 0x28, 0x28, 0x28, 0x28, 0x28, 0x28, 0x28, 0x28, 0x28, 0x28, 0x28, 0x28, 0x28, 0x28, 0x28, 0x28, 0x28, 0x28, 0x28, 0x28, 0x28, 0x28, 0x28, 0x28, 0x28, 0x91, 0x8e, 0x8e, 0x8f, 0x28, 0x28, 0x28, 0x28, 0x28, 0x28, 0x28, 0x28, 0x28, 0x28, 0x28, 0x28, 0x28, 0x28, 0x28, 0x28, 0x28, 0x28, 0x28, 0x28, 0x28, 0x28, 0x28, 0x28, 0x28, 0x28, 0x28, 0x28, 0x28, 0x28, 0x28, 0xc8, 0x90, 0x8e, 0x97, 0xc9, 0x28, 0x28, 0x28, 0x28, 0x28, 0x28, 0x28, 0xc4, 0x8f, 0x8e, 0x9e, 0x28, 0x28, 0xc2, 0xb8, 0xbc, 0xc7, 0xb9, 0xad, 0xad, 0xbb, 0xc9, 0x28, 0xc4, 0xb6, 0xac, 0xae, 0xbb, 0x28, 0x28, 0x28, 0x28, 0xa5, 0x8f, 0xae, 0x28, 0x28, 0x28, 0xc7, 0xb8, 0xb8, 0xbc, 0x28, 0x28, 0x28, 0xbf, 0xb4, 0xaa, 0xaf, 0xbc, 0xc7, 0xc6, 0xb8, 0xb9, 0x28, 0x28, 0xc2, 0xb8, 0xbc, 0x28, 0xbf, 0xb2, 0xc5, 0x28, 0x28, 0x28, 0x28, 0xd0, 0x28, 0xd0, 0x28, 0xd0, 0xaf, 0x8e, 0x90, 0xbf, 0x8e, 0x8e, 0xbb, 0xc9, 0x28, 0xc9, 0x28, 0xd0, 0x28, 0xd0, 0x28, 0xd0, 0x28, 0xd0, 0x28, 0xd0, 0x28, 0xc9, 0x28, 0xc9, 0x28, 0xd0, 0xcf, 0x30, 0x31, 0x31, 0x31, 0x31, 0x7a, 0x31, 0x30, 0x31, 0xca, 0x7a, 0x2d, 0x2d, 0x2d, 0xfd, 0x2d, 0x2e, 0x2d, 0x2e, 0x2e, 0x2f, 0x2f, 0x2e, 0x2f, 0x30, 0x31, 0x2f, 0x26, 0x28, 0xc9, 0x28, 0xd0, 0x28, 0xc9, 0x28, 0xd0, 0x28, 0xc9, 0x28, 0xd0, 0x28, 0xc9, 0x28, 0xc9, 0x28, 0xd0, 0x28, 0xd0, 0x28, 0xd0, 0x28, 0xc9, 0x28, 0xd0, 0x28, 0xc9, 0x28, 0xd0, 0x28, 0xc9, 0x28, 0xd0, 0x28, 0xd0, 0x28, 0xd0, 0x28, 0x28, 0x28, 0x28, 0x28, 0xc9, 0x28, 0x28, 0x28, 0x28, 0x28, 0x28, 0x28, 0x28, 0x28, 0x28, 0x28, 0x28, 0x28, 0x28, 0x28, 0x28, 0x28, 0x28, 0x28, 0x28, 0x28, 0x28, 0x28, 0x28, 0x28, 0x28, 0x28, 0x28, 
  0x28, 0x28, 0x28, 0x28, 0xa9, 0x8e, 0x8f, 0x8e, 0xbb, 0x28, 0x28, 0x28, 0x28, 0x28, 0x28, 0x28, 0x28, 0x28, 0x28, 0x28, 0x28, 0x28, 0x28, 0x28, 0x28, 0x28, 0x28, 0x28, 0x28, 0x28, 0x28, 0x28, 0x28, 0x28, 0x28, 0x28, 0x28, 0x28, 0x28, 0x28, 0xb2, 0x8f, 0x8e, 0x8e, 0x79, 0x00, 0x00, 0x00, 0x00, 0x00, 0x00, 0x00, 0x00, 0x00, 0x00, 0x00, 0x00, 0x00, 0x00, 0x00, 0x00, 0x00, 0x00, 0x26, 0x28, 0x28, 0x28, 0x28, 0x28, 0x28, 0x28, 0x28, 0x28, 0x28, 0x28, 0x28, 0x28, 0x28, 0x28, 0x28, 0x28, 0x28, 0x28, 0x28, 0x28, 0x28, 0x28, 0x28, 0x28, 0x28, 0x28, 0x25, 0x1a, 0xff, 0x00, 0x00, 0x26, 0xd1, 0x21, 0x28, 0x28, 0x28, 0x28, 0x28, 0x28, 0x28, 0x28, 0xe7, 0x00, 0x00, 0x00, 0x00, 0x0a, 0x28, 0xcd, 0x2f, 0x1a, 0x28, 0x28, 0x28, 0xee, 0x28, 0x28, 0x28, 0xd1, 0xd1, 0xe5, 0xd3, 0xec, 0xe9, 0xd3, 0xd3, 0xd3, 0xd3, 0xd3, 0xd3, 0xd3, 0xda, 0x28, 0x25, 0xd3, 0xd6, 0x15, 0xd6, 0x16, 0x28, 0x1f, 0xd3, 0xe0, 0x28, 0xd1, 0xd3, 0xee, 0x28, 0xf7, 0xd8, 0x28, 0xcf, 0xd3, 0xd3, 0xd5, 0x28, 0xd5, 0xd3, 0xd3, 0xd3, 0xcc, 0x28, 0xd3, 0xde, 0xce, 0xef, 0xda, 0xd3, 0xd3, 0xd3, 0xd3, 0xef, 0xc7, 0xbf, 0xc9, 0x28, 0x28, 0x28, 0x28, 0x28, 0x28, 0xc4, 0xbd, 0xc9, 0x28, 0x28, 0x28, 0x28, 0x28, 0x28, 0x28, 0x28, 0x28, 0x28, 0x28, 0x28, 0x28, 0x28, 0xbf, 0x8e, 0x8f, 0x8e, 0x90, 0x28, 0x28, 0x28, 0x28, 0x28, 0x28, 0x28, 0x28, 0x28, 0x28, 0x28, 0x28, 0x28, 0x28, 0x28, 0x28, 0x28, 0x28, 0x28, 0x28, 0x28, 0x28, 0x28, 0x28, 0x28, 0x28, 0x28, 0x28, 0x28, 0x28, 0x28, 0x28, 0x8f, 0x8e, 0x8f, 0x8e, 0x28, 0x28, 0x28, 0x28, 0x28, 0x28, 0x28, 0x28, 0x28, 0x28, 0x28, 0x28, 0x28, 0x28, 0x28, 0x28, 0x28, 0x28, 0x28, 0x28, 0x28, 0x28, 0x28, 0x28, 0x28, 0x28, 0x28, 0x28, 0x28, 0x28, 0x28, 0xba, 0x8f, 0x8e, 0xbf, 0x28, 0x28, 0x28, 0x28, 0x28, 0x28, 0x28, 0x28, 0x28, 0xb6, 0x8f, 0x8e, 0xc4, 0x28, 0xb6, 0x8e, 0x94, 0x9c, 0x8e, 0x8e, 0x8e, 0x8e, 0xa5, 0xbe, 0x8f, 0x8e, 0x8e, 0x8e, 0x8e, 0xa3, 0xc9, 0x28, 0x28, 0xa5, 0x8e, 0xae, 0x28, 0x28, 0xc9, 0x9e, 0x8e, 0x8e, 0xbd, 0x28, 0xc7, 0xad, 0x8e, 0x8f, 0x8e, 0x8f, 0x8e, 0x94, 0xbb, 0x8e, 0x8e, 0x28, 0x28, 0xb6, 0x8e, 0x9a, 0xaa, 0x8e, 0x8e, 0xbd, 0x28, 0x28, 0x28, 0xc9, 0x28, 0xc9, 0x28, 0xc9, 0x28, 0x90, 0x8e, 0xad, 0xd0, 0x9b, 0x8e, 0xa5, 0xd0, 0x28, 0xd0, 0x28, 0xd0, 0x28, 0xc9, 0x28, 0xc9, 0x28, 0xc9, 0x28, 0xc9, 0x28, 0x28, 0x28, 0xd0, 0x28, 0x28, 0xd0, 0x28, 0xc9, 0xd9, 0x31, 0x31, 0x7a, 0x30, 0x7a, 0x30, 0x7a, 0x2d, 0x2d, 0x2d, 0x2d, 0x2e, 0x2e, 0x2d, 0x2f, 0x2e, 0x2e, 0x2e, 0x2f, 0x2e, 0x2f, 0xff, 0x28, 0xd0, 0x28, 0xc9, 0x28, 0xc9, 0x28, 0xd0, 0x28, 0xc9, 0x28, 0xd0, 0x28, 0xc9, 0x28, 0xd0, 0x28, 0xd0, 0x28, 0xd0, 0x28, 0xd0, 0x28, 0xd0, 0x28, 0xd0, 0x28, 0xc9, 0x28, 0xd0, 0x28, 0x28, 0xc9, 0x28, 0xd0, 0x28, 0x28, 0xd0, 0x28, 0xc9, 0x28, 0xc9, 0x28, 0x28, 0x28, 0xc9, 0x28, 0x28, 0x28, 0x28, 0x28, 0x28, 0x28, 0x28, 0x28, 0x28, 0x28, 0x28, 0x28, 0x28, 0x28, 0x28, 0x28, 0x28, 0x28, 0x28, 0x28, 0x28, 0x28, 0x28, 0x28, 0x28, 0x28, 0x28, 0x28, 
  0x28, 0x28, 0x28, 0x28, 0xb2, 0x8e, 0x8f, 0x8e, 0xb7, 0x28, 0x28, 0x28, 0x28, 0x28, 0x28, 0x28, 0x28, 0x28, 0x28, 0x28, 0x28, 0x28, 0x28, 0x28, 0x28, 0x28, 0x28, 0x28, 0x28, 0x28, 0x28, 0x28, 0x28, 0x28, 0x28, 0x28, 0x28, 0x28, 0x28, 0x28, 0xbb, 0x8e, 0x8e, 0x8e, 0x80, 0x00, 0x00, 0x00, 0x00, 0x00, 0x00, 0x00, 0x00, 0x00, 0x00, 0x00, 0x00, 0x00, 0x00, 0x00, 0x00, 0x00, 0x0a, 0x28, 0x28, 0x28, 0x28, 0x28, 0x28, 0x28, 0x28, 0x28, 0x28, 0x28, 0x28, 0x28, 0x28, 0x28, 0x28, 0x28, 0x28, 0x28, 0x28, 0x28, 0x28, 0x28, 0x28, 0x28, 0x28, 0x28, 0x28, 0x28, 0x28, 0xe6, 0x00, 0x01, 0x26, 0xf4, 0xfc, 0x28, 0x28, 0x28, 0x28, 0x28, 0x28, 0x28, 0xe7, 0x01, 0x00, 0x00, 0x00, 0x00, 0x0d, 0x28, 0xd9, 0x00, 0x01, 0xfa, 0x28, 0x28, 0x28, 0x28, 0x28, 0x28, 0xcf, 0xef, 0xd3, 0xd3, 0xd3, 0xd3, 0xd3, 0xd3, 0xd3, 0xd3, 0xd3, 0xd3, 0xd3, 0xda, 0x28, 0x25, 0xd3, 0xcb, 0x28, 0xfa, 0x16, 0x28, 0x1a, 0xd3, 0xe0, 0x28, 0xec, 0xd3, 0xe3, 0xd0, 0xf7, 0xd7, 0x28, 0xcd, 0xd3, 0xd3, 0xd5, 0xd0, 0xd6, 0xd5, 0xca, 0xd3, 0xf2, 0x15, 0xf9, 0xd0, 0x17, 0xd6, 0xd3, 0xd3, 0xd3, 0xd3, 0xdf, 0x28, 0x28, 0x28, 0x28, 0x28, 0x28, 0x28, 0x28, 0x28, 0x28, 0x28, 0x28, 0x28, 0x28, 0x28, 0x28, 0x28, 0x28, 0x28, 0x28, 0x28, 0x28, 0x28, 0x28, 0x28, 0x28, 0x28, 0xbb, 0x8e, 0x8e, 0x8e, 0x9b, 0x28, 0x28, 0x28, 0x28, 0x28, 0x28, 0x28, 0x28, 0x28, 0x28, 0x28, 0x28, 0x28, 0x28, 0x28, 0x28, 0x28, 0x28, 0x28, 0x28, 0x28, 0x28, 0x28, 0x28, 0x28, 0x28, 0x28, 0x28, 0x28, 0x28, 0x28, 0xc8, 0x8e, 0x8f, 0x8f, 0x90, 0x28, 0x28, 0x28, 0x28, 0x28, 0x28, 0x28, 0x28, 0x28, 0x28, 0x28, 0x28, 0x28, 0x28, 0x28, 0x28, 0x28, 0x28, 0x28, 0x28, 0x28, 0x28, 0x28, 0x28, 0x28, 0x28, 0x28, 0x28, 0x28, 0x28, 0x28, 0xaf, 0x8e, 0x94, 0x28, 0x28, 0x28, 0x28, 0x28, 0x28, 0x28, 0x28, 0x28, 0x28, 0xc7, 0x8e, 0x8f, 0xbb, 0x28, 0xb6, 0x8e, 0x8f, 0x8e, 0x9f, 0xad, 0x90, 0x8e, 0x8f, 0x8f, 0x8f, 0x9f, 0xad, 0x93, 0x8e, 0x8f, 0xb4, 0x28, 0x28, 0xa5, 0x8f, 0xae, 0x28, 0xc9, 0x9f, 0x8e, 0x8f, 0xbc, 0x28, 0x28, 0xa5, 0x8e, 0x8e, 0x94, 0xad, 0xaa, 0x94, 0x8f, 0x8e, 0x8e, 0x8e, 0x28, 0x28, 0xb6, 0x8e, 0x8f, 0x8e, 0x8f, 0x90, 0xc1, 0x28, 0x28, 0x28, 0x28, 0xd0, 0x28, 0xd0, 0x28, 0xbc, 0x8e, 0x8f, 0xbe, 0x28, 0xb2, 0x8e, 0x8e, 0xc6, 0xc9, 0x28, 0xd0, 0x28, 0xd0, 0x28, 0xd0, 0x28, 0xd0, 0x28, 0xd0, 0x28, 0xd0, 0x28, 0x28, 0x28, 0xc9, 0x28, 0xc9, 0x28, 0xd0, 0x28, 0xd0, 0x23, 0x7a, 0x7a, 0xca, 0x2f, 0x2d, 0x2d, 0x2d, 0x2d, 0x2e, 0x2d, 0x2e, 0x2d, 0x2e, 0x2e, 0x2f, 0x30, 0x30, 0xdf, 0xc9, 0xd0, 0x28, 0xc9, 0x28, 0xd0, 0x28, 0xd0, 0x28, 0xc9, 0x28, 0xd0, 0x28, 0xc9, 0x28, 0xd0, 0x28, 0xc9, 0x28, 0xd0, 0x28, 0xc9, 0x28, 0xc9, 0x28, 0xc9, 0x28, 0xc9, 0x28, 0xd0, 0x28, 0xc9, 0x28, 0xd0, 0x28, 0xd0, 0xfd, 0xff, 0x2a, 0xff, 0x15, 0x26, 0x28, 0x28, 0x28, 0xc9, 0x28, 0xd0, 0x28, 0x28, 0x28, 0x28, 0x28, 0x28, 0x28, 0x28, 0x28, 0x28, 0x28, 0x28, 0x28, 0x28, 0x28, 0x28, 0x28, 0x28, 0x28, 0x28, 0x28, 0x28, 0x28, 0x28, 0x28, 0x28, 0x28, 0x28, 0x28, 
  0x28, 0x28, 0x28, 0x28, 0xb9, 0x8f, 0x8e, 0x8e, 0xaf, 0x28, 0x28, 0x28, 0x28, 0x28, 0x28, 0x28, 0x28, 0x28, 0x28, 0x28, 0x28, 0x28, 0x28, 0x28, 0x28, 0x28, 0x28, 0x28, 0x28, 0x28, 0x28, 0x28, 0x28, 0x28, 0x28, 0x28, 0x28, 0x28, 0x28, 0x28, 0xc6, 0x8f, 0x8e, 0x8e, 0x86, 0x00, 0x00, 0x00, 0x00, 0x00, 0x00, 0x00, 0x00, 0x00, 0x00, 0x00, 0x00, 0x00, 0x00, 0x00, 0x00, 0x00, 0x0f, 0x28, 0x28, 0x28, 0x28, 0x28, 0x28, 0xd0, 0x18, 0x28, 0x28, 0x28, 0x28, 0x28, 0x28, 0x28, 0x28, 0x28, 0x28, 0x28, 0x28, 0x28, 0x28, 0x28, 0x28, 0x28, 0x28, 0x28, 0x28, 0x28, 0x28, 0xcb, 0x00, 0x01, 0xc9, 0x0c, 0xe5, 0x28, 0x28, 0x28, 0x28, 0x28, 0x28, 0xf5, 0x00, 0x00, 0x00, 0x00, 0x00, 0x00, 0x11, 0xef, 0x00, 0x00, 0x00, 0x00, 0xd0, 0x28, 0x28, 0x28, 0x28, 0x28, 0x23, 0xdd, 0xf3, 0xd3, 0xd3, 0xd3, 0xd3, 0xd3, 0xd3, 0xd3, 0xd3, 0xd3, 0xd5, 0xe6, 0x28, 0x28, 0xd5, 0xe3, 0x23, 0xf2, 0xef, 0xef, 0xdd, 0xd6, 0xfc, 0x28, 0x21, 0xd4, 0xd3, 0xd1, 0x18, 0xe4, 0x24, 0xde, 0xd3, 0xd3, 0xd5, 0xd0, 0xda, 0x27, 0xf5, 0xd3, 0xd7, 0xec, 0x23, 0xe0, 0xd3, 0xd3, 0xd3, 0xd3, 0xd3, 0xd3, 0xed, 0x28, 0x28, 0x28, 0x28, 0x28, 0xc5, 0xbb, 0x28, 0x28, 0x28, 0x28, 0x28, 0x28, 0x28, 0x28, 0x28, 0x28, 0x28, 0x28, 0x28, 0x28, 0x28, 0x28, 0x28, 0x28, 0x28, 0x28, 0xb6, 0x8f, 0x8f, 0x8f, 0xa9, 0x28, 0x28, 0x28, 0x28, 0x28, 0x28, 0x28, 0x28, 0x28, 0x28, 0x28, 0x28, 0x28, 0x28, 0x28, 0x28, 0x28, 0x28, 0x28, 0x28, 0x28, 0x28, 0x28, 0x28, 0x28, 0x28, 0x28, 0x28, 0x28, 0x28, 0x28, 0xc2, 0x8f, 0x8e, 0x8e, 0x97, 0x28, 0x28, 0x28, 0x28, 0x28, 0x28, 0x28, 0x28, 0x28, 0x28, 0x28, 0x28, 0x28, 0x28, 0x28, 0x28, 0x28, 0x28, 0x28, 0x28, 0x28, 0x28, 0x28, 0x28, 0x28, 0x28, 0x28, 0x28, 0x28, 0x28, 0x28, 0xa0, 0x8e, 0xa6, 0x28, 0x28, 0x28, 0x28, 0x28, 0x28, 0x28, 0x28, 0x28, 0x28, 0x28, 0x91, 0x8e, 0xaf, 0x28, 0xb6, 0x8f, 0x8e, 0xad, 0x28, 0x28, 0xc9, 0x97, 0x8e, 0x8e, 0xad, 0x28, 0x28, 0x28, 0x9f, 0x8e, 0x97, 0x28, 0x28, 0xa5, 0x8e, 0xae, 0xc9, 0xa0, 0x8f, 0x8e, 0xbc, 0x28, 0x28, 0xba, 0x8e, 0x8e, 0xaf, 0x28, 0x28, 0x28, 0xc9, 0xad, 0x8e, 0x8f, 0x8e, 0x28, 0x28, 0xb6, 0x8f, 0x8e, 0x9a, 0xbe, 0x28, 0x28, 0x28, 0x28, 0x28, 0x28, 0xc9, 0x28, 0x28, 0xd0, 0xa9, 0x8e, 0x94, 0xc9, 0x28, 0xc5, 0x8f, 0x8e, 0xb6, 0x28, 0xc9, 0x28, 0xd0, 0x28, 0xc9, 0x28, 0x28, 0xc9, 0x28, 0xc9, 0x28, 0x28, 0x28, 0x28, 0x28, 0x28, 0xd0, 0x28, 0xc9, 0x28, 0xc9, 0x28, 0xc9, 0x28, 0xd0, 0x11, 0x2e, 0x2e, 0x2d, 0x2e, 0x2e, 0x2d, 0x2e, 0x2d, 0x2e, 0x2e, 0x2f, 0x30, 0x1e, 0xc9, 0x28, 0xd0, 0x28, 0xc9, 0x28, 0xc9, 0x28, 0xc9, 0x28, 0xd0, 0x28, 0xd0, 0x28, 0xc9, 0x28, 0xc9, 0x28, 0xd0, 0x28, 0xd0, 0x28, 0xd0, 0x28, 0xd0, 0x28, 0xd0, 0x28, 0xd0, 0x28, 0xd0, 0x28, 0xd0, 0x28, 0xd0, 0x28, 0x0f, 0x2f, 0xff, 0x2a, 0x2a, 0x2a, 0x2a, 0xff, 0xff, 0xff, 0x2a, 0x0c, 0x32, 0x1a, 0x28, 0x28, 0x28, 0x28, 0x28, 0x28, 0x28, 0x28, 0x28, 0x28, 0x28, 0x28, 0x28, 0x28, 0x28, 0x28, 0x28, 0x28, 0x28, 0x28, 0x28, 0x28, 0x28, 0x28, 0x28, 0x28, 0x28, 0x28, 0x28, 
  0x28, 0x28, 0x28, 0x28, 0xba, 0x8e, 0x8e, 0x8f, 0xaa, 0x28, 0x28, 0x28, 0x28, 0x28, 0x28, 0x28, 0x28, 0x28, 0x28, 0x28, 0x28, 0x28, 0x28, 0x28, 0x28, 0x28, 0x28, 0x28, 0x28, 0x28, 0x28, 0x28, 0x28, 0x28, 0x28, 0x28, 0x28, 0x28, 0x28, 0x28, 0xc9, 0x8e, 0x8f, 0x8e, 0x8d, 0x00, 0x00, 0x00, 0x00, 0x00, 0x00, 0x00, 0x00, 0x00, 0x00, 0x00, 0x00, 0x00, 0x00, 0x00, 0x00, 0x00, 0x03, 0x28, 0x28, 0x28, 0x28, 0x28, 0x28, 0xcc, 0x07, 0xf0, 0x28, 0x28, 0x28, 0x28, 0x28, 0x28, 0x28, 0x28, 0x28, 0x28, 0x28, 0x28, 0x28, 0x28, 0x28, 0x28, 0x28, 0x28, 0x28, 0x28, 0x28, 0xce, 0x00, 0x00, 0x28, 0x05, 0x13, 0x28, 0x28, 0x28, 0x28, 0x28, 0x21, 0x00, 0x00, 0x00, 0x00, 0x00, 0x00, 0x01, 0x1b, 0xfc, 0x00, 0x00, 0x00, 0x01, 0x28, 0x28, 0x28, 0x28, 0x28, 0x28, 0xed, 0xe0, 0x28, 0xd7, 0xd3, 0xd3, 0xd3, 0xd3, 0xd3, 0xd3, 0xd3, 0xd3, 0xd3, 0xda, 0xdb, 0xdb, 0xca, 0xd3, 0xd4, 0xda, 0xe0, 0xd3, 0xd3, 0xca, 0xdb, 0xdb, 0xdb, 0xd3, 0xd3, 0xd3, 0xd8, 0xdd, 0xd5, 0xd3, 0xd3, 0xd3, 0xd4, 0x28, 0xd7, 0xef, 0xf3, 0xdc, 0xce, 0x23, 0xd7, 0xd3, 0xd3, 0xd3, 0xd3, 0xd3, 0xd3, 0xd4, 0xcf, 0x28, 0x28, 0x28, 0xc4, 0xb4, 0x90, 0xbb, 0x28, 0x28, 0x28, 0x28, 0x28, 0x28, 0x28, 0x28, 0x28, 0x28, 0x28, 0x28, 0x28, 0x28, 0x28, 0x28, 0x28, 0x28, 0x28, 0x28, 0xac, 0x8e, 0x8f, 0x8e, 0xaf, 0x28, 0x28, 0x28, 0x28, 0x28, 0x28, 0x28, 0x28, 0x28, 0x28, 0x28, 0x28, 0x28, 0x28, 0x28, 0x28, 0x28, 0x28, 0x28, 0x28, 0x28, 0x28, 0x28, 0x28, 0x28, 0x28, 0x28, 0x28, 0x28, 0x28, 0x28, 0xbe, 0x8e, 0x8f, 0x8e, 0x9f, 0x28, 0x28, 0x28, 0x28, 0x28, 0x28, 0x28, 0x28, 0x28, 0x28, 0x28, 0x28, 0x28, 0x28, 0x28, 0x28, 0x28, 0x28, 0x28, 0x28, 0x28, 0x28, 0x28, 0x28, 0x28, 0x28, 0x28, 0x28, 0x28, 0x28, 0x28, 0x9f, 0x8f, 0xaa, 0x28, 0x28, 0x28, 0x28, 0x28, 0x28, 0x28, 0x28, 0x28, 0x28, 0x28, 0x91, 0x8f, 0xae, 0x28, 0xb6, 0x8e, 0x8e, 0xbf, 0x28, 0x28, 0x28, 0xb1, 0x8e, 0x8f, 0xc5, 0x28, 0x28, 0x28, 0xb7, 0x8e, 0x8e, 0x28, 0x28, 0xa5, 0x8e, 0xae, 0xa3, 0x8f, 0x8e, 0xbc, 0x28, 0x28, 0x28, 0x9f, 0x8e, 0xa3, 0x28, 0x28, 0x28, 0x28, 0x28, 0x28, 0x9e, 0x8e, 0x8f, 0x28, 0x28, 0xb6, 0x8e, 0x8e, 0xc4, 0x28, 0x28, 0x28, 0x28, 0x28, 0x28, 0xc9, 0x28, 0xc9, 0x28, 0xc7, 0x8e, 0x8f, 0xb1, 0x28, 0xd0, 0x28, 0xa0, 0x8e, 0x9a, 0xc9, 0x28, 0xd0, 0x28, 0xd0, 0x28, 0xd0, 0x28, 0xd0, 0x28, 0xd0, 0x28, 0xd0, 0x28, 0x28, 0x28, 0xc9, 0x28, 0xd0, 0xd0, 0x28, 0xd0, 0x28, 0x28, 0x28, 0x28, 0xc9, 0x28, 0x27, 0xea, 0x2d, 0x2f, 0x2d, 0x2f, 0x2e, 0x2f, 0x2f, 0xd0, 0x28, 0xc9, 0x28, 0xd0, 0x28, 0xc9, 0x28, 0xd0, 0x28, 0xd0, 0x28, 0xd0, 0x28, 0x28, 0x28, 0xd0, 0x28, 0xd0, 0x28, 0xd0, 0x28, 0xc9, 0x28, 0xc9, 0x28, 0xc9, 0x28, 0xc9, 0x28, 0xd0, 0x28, 0xd0, 0x28, 0xd0, 0x28, 0xc9, 0xee, 0x7a, 0x30, 0xff, 0x2a, 0x2a, 0x2a, 0x2a, 0x2a, 0x2a, 0x2b, 0x2a, 0x2b, 0x2a, 0x2b, 0xfd, 0x2c, 0x28, 0x28, 0x28, 0x28, 0x28, 0x28, 0x28, 0x28, 0x28, 0x28, 0x28, 0x28, 0x28, 0x28, 0x28, 0x28, 0x28, 0x28, 0x28, 0x28, 0x28, 0x28, 0x28, 0x28, 0x28, 0x28, 0x28, 0x28, 
  0x28, 0x28, 0x28, 0x28, 0xbd, 0x8e, 0x8f, 0x8e, 0xa1, 0x28, 0x28, 0x28, 0x28, 0x28, 0x28, 0x28, 0x28, 0x28, 0x28, 0x28, 0x28, 0x28, 0x28, 0x28, 0x28, 0x28, 0x28, 0x28, 0x28, 0x28, 0x28, 0x28, 0x28, 0x28, 0x28, 0x28, 0x28, 0x28, 0x28, 0x28, 0xc9, 0x8f, 0x8e, 0x8f, 0x8e, 0x00, 0x00, 0x00, 0x00, 0x00, 0x00, 0x00, 0x00, 0x00, 0x00, 0x00, 0x00, 0x00, 0x00, 0x00, 0x00, 0x00, 0x01, 0x26, 0x28, 0x28, 0x28, 0x28, 0x28, 0x25, 0x01, 0x7d, 0x28, 0x28, 0x28, 0x28, 0x28, 0x28, 0x28, 0x28, 0x28, 0x28, 0x28, 0x28, 0x28, 0x28, 0x28, 0x28, 0x28, 0x28, 0x28, 0x28, 0x28, 0x24, 0x00, 0x01, 0x28, 0x01, 0xe5, 0x28, 0x28, 0x28, 0x28, 0xf0, 0x04, 0x00, 0x00, 0x00, 0x00, 0x00, 0x00, 0x7d, 0xd0, 0x32, 0x00, 0x00, 0x00, 0xd9, 0x28, 0x28, 0x28, 0x28, 0x28, 0x25, 0xe2, 0xd8, 0x1b, 0xd3, 0xd3, 0xd3, 0xd3, 0xd3, 0xd3, 0xd3, 0xd3, 0xd3, 0x2f, 0xd3, 0xd3, 0xd3, 0xd3, 0xd3, 0xd3, 0xd3, 0xd3, 0xd3, 0xd3, 0xd3, 0xd3, 0xd3, 0xd3, 0xd3, 0xd3, 0xd4, 0xd4, 0xd3, 0xd3, 0xca, 0xda, 0xd6, 0xd4, 0xd0, 0xd6, 0xd4, 0xdf, 0xcf, 0x19, 0xd3, 0xd3, 0xd3, 0xd3, 0xd3, 0xd3, 0xd3, 0xd3, 0xf6, 0x28, 0x28, 0xc4, 0xb6, 0x8f, 0x8f, 0xaf, 0x28, 0x28, 0x28, 0x28, 0x28, 0x28, 0x28, 0x28, 0x28, 0x28, 0x28, 0x28, 0x28, 0x28, 0x28, 0x28, 0x28, 0x28, 0x28, 0x28, 0x28, 0x9c, 0x8f, 0x8e, 0x8f, 0xbb, 0x28, 0x28, 0x28, 0x28, 0x28, 0x28, 0x28, 0x28, 0x28, 0x28, 0x28, 0x28, 0x28, 0x28, 0x28, 0x28, 0x28, 0x28, 0x28, 0x28, 0x28, 0x28, 0x28, 0x28, 0x28, 0x28, 0x28, 0x28, 0x28, 0x28, 0x28, 0xbb, 0x8e, 0x8e, 0x8f, 0xa9, 0x28, 0x28, 0x28, 0x28, 0x28, 0x28, 0x28, 0x28, 0x28, 0x28, 0x28, 0x28, 0x28, 0x28, 0x28, 0x28, 0x28, 0x28, 0x28, 0x28, 0x28, 0x28, 0x28, 0x28, 0x28, 0x28, 0x28, 0x28, 0x28, 0x28, 0x28, 0xae, 0x8f, 0x97, 0x28, 0x28, 0x28, 0x28, 0x28, 0x28, 0x28, 0x28, 0x28, 0x28, 0xc9, 0x8f, 0x8e, 0xba, 0x28, 0xb6, 0x8f, 0x90, 0x28, 0x28, 0x28, 0x28, 0xbc, 0x8f, 0x8f, 0x28, 0x28, 0x28, 0x28, 0xc1, 0x8e, 0x8f, 0xc9, 0x28, 0xa5, 0x8f, 0x8e, 0x8e, 0x8e, 0xbb, 0x28, 0x28, 0x28, 0x28, 0x90, 0x8e, 0xba, 0x28, 0x28, 0x28, 0x28, 0x28, 0x28, 0xb7, 0x8e, 0x8e, 0x28, 0x28, 0xb6, 0x8e, 0x91, 0x28, 0x28, 0x28, 0x28, 0x28, 0x28, 0x28, 0xd0, 0x28, 0xd0, 0x28, 0xb7, 0x8f, 0x8e, 0xc1, 0x28, 0xc9, 0x28, 0xb9, 0x8f, 0x8e, 0xc1, 0xc9, 0x28, 0xc9, 0x28, 0xd0, 0x28, 0xc9, 0x28, 0xc9, 0x28, 0xc9, 0x28, 0x28, 0x28, 0x28, 0x28, 0xc9, 0x28, 0xc9, 0x28, 0xc9, 0x28, 0xd0, 0x28, 0xd0, 0x28, 0xd0, 0x28, 0xc9, 0x28, 0xc9, 0x19, 0x2d, 0x7a, 0xd0, 0x28, 0xd0, 0x28, 0x28, 0xc9, 0x28, 0x28, 0x28, 0xc9, 0x28, 0xc9, 0x28, 0xc9, 0x28, 0xc9, 0x28, 0x28, 0xc9, 0x28, 0xc9, 0x28, 0xc9, 0x28, 0xd0, 0x28, 0xd0, 0x28, 0xd0, 0x28, 0xd0, 0x28, 0xd0, 0x28, 0xc9, 0x28, 0xc9, 0x28, 0x30, 0x7a, 0x30, 0xff, 0x2b, 0xff, 0x2a, 0x2a, 0xff, 0x2a, 0x2a, 0x2a, 0x2a, 0x0d, 0x2a, 0x2c, 0x2b, 0x2b, 0x28, 0x28, 0x28, 0x28, 0x28, 0x28, 0x28, 0x28, 0x28, 0x28, 0x28, 0x28, 0x28, 0x28, 0x28, 0x28, 0x28, 0x28, 0x28, 0x28, 0x28, 0x28, 0x28, 0x28, 0x28, 0x28, 0x28, 0x28, 
  0x28, 0x28, 0x28, 0x28, 0xc0, 0x8e, 0x8e, 0x8f, 0x94, 0x28, 0x28, 0x28, 0x28, 0x28, 0x28, 0x28, 0x28, 0x28, 0x28, 0x28, 0x28, 0x28, 0x28, 0x28, 0x28, 0x28, 0x28, 0x28, 0x28, 0x28, 0x28, 0x28, 0x28, 0x28, 0x28, 0x28, 0x28, 0x28, 0x28, 0x28, 0x28, 0x90, 0x8e, 0x8e, 0x8e, 0x00, 0x00, 0x00, 0x00, 0x00, 0x00, 0x00, 0x00, 0x00, 0x00, 0x00, 0x00, 0x00, 0x00, 0x00, 0x00, 0x00, 0x00, 0xf0, 0x28, 0x28, 0x28, 0x28, 0x28, 0x28, 0x0c, 0x03, 0xd0, 0x28, 0x28, 0x28, 0x28, 0x28, 0x28, 0x28, 0x28, 0x28, 0x28, 0x28, 0x28, 0x28, 0x28, 0x28, 0x28, 0x28, 0x28, 0x28, 0x28, 0xd0, 0x00, 0x05, 0xcf, 0x00, 0x17, 0x28, 0x28, 0x28, 0xd0, 0x0a, 0x00, 0x00, 0x00, 0x00, 0x00, 0x00, 0x00, 0xea, 0xe9, 0x00, 0x00, 0x00, 0x00, 0x28, 0x28, 0x28, 0x28, 0x28, 0x28, 0x2e, 0x05, 0xd3, 0xd3, 0xd3, 0xd3, 0xd3, 0xd3, 0xd3, 0xd3, 0xd3, 0xd3, 0xd3, 0xd3, 0xd3, 0xd3, 0xd3, 0xd3, 0xd3, 0xd3, 0xd3, 0xd4, 0xd3, 0xd3, 0xd3, 0xd7, 0x17, 0xd3, 0xd3, 0xd3, 0xcb, 0xcb, 0xd3, 0xd3, 0xdc, 0x28, 0x17, 0xd4, 0xd0, 0xd7, 0xcd, 0x27, 0xdf, 0xd3, 0xd3, 0xd3, 0xd3, 0xd3, 0xd3, 0xd3, 0xd3, 0xd3, 0xce, 0x28, 0xc7, 0x8e, 0x8e, 0x8f, 0xae, 0x28, 0x28, 0x28, 0x28, 0x28, 0x28, 0x28, 0x28, 0x28, 0xc9, 0x28, 0x28, 0x28, 0x28, 0x28, 0x28, 0x28, 0x28, 0x28, 0x28, 0x28, 0x28, 0x8f, 0x8e, 0x8f, 0x8e, 0xbf, 0x28, 0x28, 0x28, 0x28, 0x28, 0x28, 0x28, 0x28, 0x28, 0x28, 0x28, 0x28, 0x28, 0x28, 0x28, 0x28, 0x28, 0x28, 0x28, 0x28, 0x28, 0x28, 0x28, 0x28, 0x28, 0x28, 0x28, 0x28, 0x28, 0x28, 0x28, 0xb6, 0x8e, 0x8f, 0x8e, 0xac, 0x28, 0x28, 0x28, 0x28, 0x28, 0x28, 0x28, 0x28, 0x28, 0x28, 0x28, 0x28, 0x28, 0x28, 0x28, 0x28, 0x28, 0x28, 0x28, 0x28, 0x28, 0x28, 0x28, 0x28, 0x28, 0x28, 0x28, 0x28, 0x28, 0x28, 0x28, 0xb8, 0x8e, 0x8e, 0xc4, 0x28, 0x28, 0x28, 0x28, 0x28, 0x28, 0x28, 0x28, 0x28, 0xba, 0x8e, 0x8e, 0xc1, 0x28, 0xb6, 0x8e, 0x9c, 0x28, 0x28, 0x28, 0x28, 0xbc, 0x8e, 0x90, 0x28, 0x28, 0x28, 0x28, 0xc1, 0x8f, 0x8e, 0xc9, 0x28, 0xa5, 0x8f, 0x8e, 0x8f, 0x90, 0xc5, 0x28, 0x28, 0x28, 0xc9, 0x8e, 0x8e, 0xbd, 0x28, 0x28, 0x28, 0x28, 0x28, 0x28, 0xbb, 0x8e, 0x8e, 0x28, 0x28, 0xb6, 0x8e, 0x9a, 0x28, 0x28, 0x28, 0x28, 0x28, 0x28, 0x28, 0x28, 0xc9, 0x28, 0xc9, 0x9e, 0x8e, 0x8f, 0xa5, 0xa3, 0xa5, 0xa3, 0xa0, 0x8e, 0x8e, 0xae, 0x28, 0xd0, 0x28, 0xd0, 0x28, 0x28, 0xd0, 0x28, 0xd0, 0x28, 0xd0, 0x28, 0x28, 0xc9, 0x28, 0xc9, 0x28, 0xd0, 0x28, 0xd0, 0x28, 0xd0, 0x28, 0xc9, 0x28, 0xc9, 0x28, 0xc9, 0x28, 0xd0, 0x28, 0xd0, 0x28, 0xd0, 0x28, 0xd0, 0x28, 0xd0, 0x28, 0xd0, 0x28, 0x28, 0xc9, 0x28, 0xd0, 0x28, 0xd0, 0x28, 0xd0, 0x28, 0x28, 0xc9, 0x28, 0xd0, 0x28, 0xd0, 0x28, 0xd0, 0x28, 0x28, 0xd0, 0x28, 0xd0, 0x28, 0xc9, 0x28, 0xc9, 0x28, 0xd0, 0x28, 0xec, 0x31, 0x30, 0x30, 0xff, 0xff, 0xff, 0xff, 0x2a, 0x2a, 0xff, 0x2b, 0x2a, 0x2a, 0x2a, 0x2b, 0x2a, 0x2b, 0x2a, 0x2a, 0x28, 0x28, 0x28, 0x28, 0x28, 0x28, 0x28, 0x28, 0x28, 0x28, 0x28, 0x28, 0x28, 0x28, 0x28, 0x28, 0x28, 0x28, 0x28, 0x28, 0x28, 0x28, 0x28, 0x28, 0x28, 0x28, 0x28, 0x28, 
  0x28, 0x28, 0x28, 0x28, 0xc8, 0x8f, 0x8f, 0x8e, 0x8e, 0x28, 0x28, 0x28, 0x28, 0x28, 0x28, 0x28, 0x28, 0x28, 0x28, 0x28, 0x28, 0x28, 0x28, 0x28, 0x28, 0x28, 0x28, 0x28, 0x28, 0x28, 0x28, 0x28, 0x28, 0x28, 0x28, 0x28, 0x28, 0x28, 0x28, 0x28, 0x28, 0x9b, 0x8e, 0x8f, 0x8e, 0x73, 0x00, 0x00, 0x00, 0x00, 0x00, 0x00, 0x00, 0x00, 0x00, 0x00, 0x00, 0x00, 0x00, 0x00, 0x00, 0x00, 0x00, 0x1f, 0x28, 0x28, 0x28, 0x28, 0x28, 0x28, 0xfe, 0x00, 0x0a, 0x28, 0x28, 0x28, 0x28, 0x28, 0x28, 0x28, 0x28, 0x28, 0x28, 0x28, 0x28, 0x28, 0x28, 0x28, 0x28, 0x28, 0x28, 0x28, 0x28, 0x28, 0x00, 0xf8, 0x0e, 0x00, 0x1a, 0x28, 0x28, 0x28, 0xe5, 0x00, 0x00, 0x00, 0x00, 0x00, 0x00, 0x00, 0x02, 0x27, 0x7f, 0x00, 0x00, 0x00, 0x02, 0x28, 0x28, 0x28, 0x28, 0x28, 0xf3, 0x00, 0x04, 0xd3, 0xd3, 0xd3, 0xd3, 0xd3, 0xd3, 0xd3, 0xd3, 0xd3, 0xd3, 0xd4, 0xd3, 0xd3, 0xd3, 0xdf, 0xe6, 0xd3, 0x2f, 0xd3, 0x28, 0xe6, 0xd3, 0xd3, 0xec, 0xd0, 0xd4, 0xd3, 0xd3, 0xee, 0xef, 0xd3, 0xd3, 0xd3, 0xe1, 0xd6, 0xd5, 0xc9, 0x28, 0xcf, 0x33, 0xd3, 0xd3, 0xd3, 0xd3, 0xd3, 0xd3, 0xd3, 0xd3, 0xd3, 0xdd, 0x28, 0x21, 0xc8, 0x8f, 0x8e, 0x9e, 0x28, 0xc9, 0xc9, 0xc7, 0xbe, 0xb1, 0xa3, 0x90, 0x8e, 0x8f, 0xb2, 0x28, 0x28, 0x28, 0x28, 0x28, 0x28, 0x28, 0x28, 0x28, 0x28, 0x28, 0x28, 0x8f, 0x8e, 0x8f, 0x8e, 0xc4, 0x28, 0x28, 0x28, 0x28, 0x28, 0x28, 0x28, 0x28, 0x28, 0x28, 0x28, 0x28, 0x28, 0x28, 0x28, 0x28, 0x28, 0x28, 0x28, 0x28, 0x28, 0x28, 0x28, 0x28, 0x28, 0x28, 0x28, 0x28, 0x28, 0x28, 0x28, 0xae, 0x8f, 0x8e, 0x8e, 0xae, 0x28, 0x28, 0x28, 0x28, 0x28, 0x28, 0x28, 0x28, 0x28, 0x28, 0x28, 0x28, 0x28, 0x28, 0x28, 0x28, 0x28, 0x28, 0x28, 0x28, 0x28, 0x28, 0x28, 0x28, 0x28, 0x28, 0x28, 0x28, 0x28, 0x28, 0x28, 0xc5, 0x8f, 0x8e, 0xa1, 0x28, 0x28, 0x28, 0x28, 0x28, 0x28, 0x28, 0x28, 0xc8, 0x90, 0x8f, 0x94, 0x28, 0x28, 0xb6, 0x8e, 0x9c, 0x28, 0x28, 0x28, 0x28, 0xbc, 0x8e, 0x90, 0x28, 0x28, 0x28, 0x28, 0xc1, 0x8e, 0x8f, 0xc9, 0x28, 0xa5, 0x8e, 0xa6, 0x93, 0x8e, 0x94, 0xc6, 0x28, 0x28, 0x28, 0x94, 0x8f, 0xb6, 0x28, 0x28, 0x28, 0x28, 0x28, 0x28, 0xb1, 0x8f, 0x8e, 0x28, 0x28, 0xb6, 0x8e, 0x9c, 0x28, 0x28, 0x28, 0x28, 0x28, 0x28, 0x28, 0xc9, 0x28, 0xd0, 0xc4, 0x8e, 0x8f, 0x8e, 0x8f, 0x8e, 0x8e, 0x8e, 0x8e, 0x8f, 0x8e, 0x90, 0xd0, 0xc9, 0x28, 0xd0, 0x28, 0xc9, 0x28, 0xc9, 0x28, 0xc9, 0x28, 0xc9, 0x28, 0xd0, 0x28, 0xd0, 0x28, 0xc9, 0x28, 0xc9, 0x28, 0xc9, 0x28, 0xd0, 0x28, 0xd0, 0x28, 0x28, 0xc9, 0x28, 0xd0, 0x28, 0xd0, 0x28, 0xc9, 0x28, 0xc9, 0x28, 0xc9, 0x28, 0x28, 0x28, 0xd0, 0x28, 0xc9, 0x28, 0xc9, 0x28, 0xc9, 0x28, 0xd0, 0x28, 0xc9, 0x28, 0xc9, 0x28, 0xc9, 0x28, 0x28, 0x28, 0x28, 0xc9, 0x28, 0xd0, 0x28, 0x28, 0x28, 0xc9, 0x28, 0x2f, 0x7a, 0x30, 0x30, 0x0d, 0x2c, 0xff, 0xff, 0x2a, 0x2a, 0x2a, 0x2b, 0x2a, 0x2b, 0x2a, 0x2b, 0x2a, 0x2a, 0x2a, 0x2a, 0x2a, 0x28, 0x28, 0x28, 0x28, 0x28, 0x28, 0x28, 0x28, 0x28, 0x28, 0x28, 0x28, 0x28, 0x28, 0x28, 0x28, 0x28, 0x28, 0x28, 0x28, 0x28, 0x28, 0x28, 0x28, 0x28, 0x28, 0x28, 0x28, 
  0x28, 0x28, 0x28, 0x28, 0xc9, 0x8e, 0x8e, 0x8f, 0x8f, 0x28, 0x28, 0x28, 0x28, 0x28, 0x28, 0x28, 0x28, 0x28, 0x28, 0x28, 0x28, 0x28, 0x28, 0x28, 0x28, 0x28, 0x28, 0x28, 0x28, 0x28, 0x28, 0x28, 0x28, 0x28, 0x28, 0x28, 0x28, 0x28, 0x28, 0x28, 0x28, 0xaa, 0x8e, 0x8e, 0x8e, 0x75, 0x00, 0x00, 0x00, 0x00, 0x00, 0x00, 0x00, 0x00, 0x00, 0x00, 0x00, 0x00, 0x00, 0x00, 0x00, 0x00, 0x00, 0x23, 0x28, 0x28, 0x28, 0x28, 0x28, 0x28, 0x1e, 0x00, 0x01, 0xed, 0x28, 0x28, 0x28, 0x28, 0x28, 0x28, 0x28, 0x28, 0x28, 0x28, 0x28, 0x28, 0x28, 0x28, 0x28, 0x28, 0x28, 0x28, 0x28, 0x28, 0x05, 0x22, 0x02, 0x00, 0xee, 0x28, 0x28, 0xee, 0x01, 0x00, 0x00, 0x00, 0x00, 0x00, 0x00, 0x00, 0xf7, 0x18, 0x00, 0x00, 0x00, 0x00, 0x03, 0x28, 0x28, 0x28, 0x28, 0xcb, 0x03, 0x00, 0x05, 0xd3, 0xd3, 0xd3, 0xd3, 0xd3, 0xd3, 0xd3, 0xd3, 0xd3, 0xe9, 0x27, 0xda, 0xd3, 0xca, 0xd0, 0x28, 0xd7, 0xd3, 0xd3, 0x23, 0xf2, 0xd3, 0xd3, 0xd5, 0xe3, 0xd6, 0xde, 0xe4, 0xe9, 0x18, 0xd1, 0x18, 0xee, 0x25, 0xd0, 0xd0, 0x28, 0xfa, 0xd4, 0xd3, 0xd3, 0xd3, 0xd3, 0xd3, 0xd3, 0xd3, 0xd3, 0xd3, 0xd3, 0xee, 0x26, 0xe6, 0xc9, 0x8e, 0x8f, 0x90, 0x90, 0x90, 0x8e, 0x8f, 0x8e, 0x8e, 0x8f, 0x8e, 0x9a, 0xbe, 0x28, 0x28, 0x28, 0x28, 0x28, 0x28, 0x28, 0x28, 0x28, 0x28, 0x28, 0x28, 0xc7, 0x8e, 0x8e, 0x8e, 0x90, 0x28, 0x28, 0x28, 0x28, 0x28, 0x28, 0x28, 0x28, 0x28, 0x28, 0x28, 0x28, 0x28, 0x28, 0x28, 0x28, 0x28, 0x28, 0x28, 0x28, 0x28, 0x28, 0x28, 0x28, 0x28, 0x28, 0x28, 0x28, 0x28, 0x28, 0x28, 0x28, 0xa6, 0x8e, 0x8f, 0x8e, 0xb7, 0x28, 0x28, 0x28, 0x28, 0x28, 0x28, 0x28, 0x28, 0x28, 0x28, 0x28, 0x28, 0x28, 0x28, 0x28, 0x28, 0x28, 0x28, 0x28, 0x28, 0x28, 0x28, 0x28, 0x28, 0x28, 0x28, 0x28, 0x28, 0x28, 0x28, 0x28, 0x28, 0xb6, 0x8f, 0x8e, 0xad, 0xc9, 0x28, 0x28, 0x28, 0x28, 0x28, 0xc5, 0x9f, 0x8e, 0x8e, 0xbe, 0x28, 0x28, 0xb6, 0x8e, 0x9a, 0x28, 0x28, 0x28, 0x28, 0xbc, 0x8e, 0x90, 0x28, 0x28, 0x28, 0x28, 0xc1, 0x8e, 0x8e, 0xc9, 0x28, 0xa5, 0x8f, 0xae, 0xc2, 0x90, 0x8f, 0x97, 0xc6, 0x28, 0x28, 0xa6, 0x8e, 0x90, 0xc7, 0x28, 0x28, 0x28, 0x28, 0xc6, 0x90, 0x8e, 0x8f, 0x28, 0x28, 0xb6, 0x8e, 0x9a, 0x28, 0x28, 0x28, 0x28, 0x28, 0x28, 0x28, 0x28, 0xd0, 0x28, 0xaf, 0x8e, 0x8e, 0xae, 0xaf, 0xae, 0xaf, 0xae, 0xaf, 0xac, 0x8e, 0x8f, 0xbc, 0x28, 0xd0, 0x28, 0xd0, 0x28, 0xd0, 0x28, 0xd0, 0x28, 0xd0, 0x28, 0xd0, 0x28, 0xd0, 0x28, 0xc9, 0x28, 0xd0, 0x28, 0xd0, 0x28, 0xc9, 0x28, 0x28, 0x28, 0xc9, 0x28, 0xd0, 0x28, 0xc9, 0x28, 0xc9, 0x28, 0xd0, 0x28, 0xd0, 0x28, 0x28, 0x28, 0xc9, 0x28, 0xc9, 0x28, 0x28, 0xd0, 0x28, 0xd0, 0x28, 0xd0, 0x28, 0xc9, 0x28, 0xd0, 0x28, 0xd0, 0x28, 0x28, 0x28, 0x28, 0x28, 0x28, 0x28, 0x28, 0x28, 0x28, 0xd0, 0xcc, 0x2e, 0x2f, 0x30, 0x30, 0xfd, 0xfd, 0xfd, 0x0d, 0xfd, 0x2b, 0x2a, 0x2c, 0x2a, 0x2b, 0xff, 0x2a, 0x2a, 0x2b, 0x2a, 0x2b, 0xff, 0x2a, 0x28, 0x28, 0x28, 0x28, 0x28, 0x28, 0x28, 0x28, 0x28, 0x28, 0x28, 0x28, 0x28, 0x28, 0x28, 0x28, 0x28, 0x28, 0x28, 0x28, 0x28, 0x28, 0x28, 0x28, 0x28, 0x28, 0x28, 0x28, 
  0x28, 0x28, 0x28, 0x28, 0x28, 0x94, 0x8f, 0x8e, 0x8e, 0xc9, 0x28, 0x28, 0x28, 0x28, 0x28, 0x28, 0x28, 0x28, 0x28, 0x28, 0x28, 0x28, 0x28, 0x28, 0x28, 0x28, 0x28, 0x28, 0x28, 0x28, 0x28, 0x28, 0x28, 0x28, 0x28, 0x28, 0x28, 0x28, 0x28, 0x28, 0x28, 0xad, 0x8e, 0x8f, 0x8e, 0x78, 0x00, 0x00, 0x00, 0x00, 0x00, 0x00, 0x00, 0x00, 0x00, 0x00, 0x00, 0x00, 0x00, 0x00, 0x00, 0x00, 0x00, 0x08, 0x24, 0x28, 0x28, 0x28, 0x28, 0x28, 0x28, 0x0d, 0x00, 0x01, 0x21, 0x28, 0x28, 0x28, 0x28, 0x28, 0x28, 0x28, 0x28, 0x28, 0x28, 0x28, 0x28, 0x28, 0x28, 0x28, 0x28, 0x28, 0x28, 0x28, 0x0d, 0xd0, 0x01, 0x00, 0xef, 0x28, 0x28, 0xf8, 0x00, 0x00, 0x00, 0x00, 0x00, 0x00, 0x00, 0x03, 0xcf, 0xfd, 0x00, 0x00, 0x00, 0x00, 0x06, 0x28, 0x28, 0x28, 0x28, 0x04, 0x00, 0x03, 0xfb, 0xd3, 0xd3, 0xd3, 0xd3, 0xd3, 0xd2, 0x1f, 0xd3, 0xd3, 0x10, 0xe7, 0xd4, 0xd3, 0xd3, 0xd5, 0xe2, 0xe5, 0xf5, 0xf5, 0xeb, 0xee, 0x24, 0xcf, 0x26, 0xd0, 0x28, 0x28, 0x28, 0x1f, 0x17, 0xea, 0xe6, 0xe2, 0xd9, 0xe3, 0x28, 0xed, 0xd3, 0xd3, 0xd3, 0xd3, 0xd3, 0xd3, 0xd3, 0xd3, 0xd3, 0xd3, 0xd3, 0xd3, 0x25, 0xf4, 0xfa, 0xc9, 0x8e, 0x8e, 0x8f, 0x8e, 0x8e, 0x8f, 0x8e, 0x8f, 0x8e, 0x8e, 0x9f, 0xc4, 0x28, 0x28, 0x28, 0x28, 0x28, 0x28, 0x28, 0x28, 0x28, 0x28, 0x28, 0x28, 0x28, 0xc5, 0x8e, 0x8f, 0x8e, 0xa3, 0x28, 0x28, 0x28, 0x28, 0x28, 0x28, 0x28, 0x28, 0x28, 0x28, 0x28, 0x28, 0x28, 0x28, 0x28, 0x28, 0x28, 0x28, 0x28, 0x28, 0x28, 0x28, 0x28, 0x28, 0x28, 0x28, 0x28, 0x28, 0x28, 0x28, 0x28, 0x28, 0xa3, 0x8e, 0x8e, 0x8f, 0xc5, 0x28, 0x28, 0x28, 0x28, 0x28, 0x28, 0x28, 0x28, 0x28, 0x28, 0x28, 0x28, 0x28, 0x28, 0x28, 0x28, 0x28, 0x28, 0x28, 0x28, 0x28, 0x28, 0x28, 0x28, 0x28, 0x28, 0x28, 0x28, 0x28, 0x28, 0x28, 0x28, 0x28, 0x9f, 0x8e, 0x8e, 0x94, 0xb8, 0xc0, 0xc8, 0xbe, 0xb5, 0x8f, 0x8e, 0x8f, 0xae, 0x28, 0x28, 0x28, 0xb6, 0x8e, 0x9c, 0x28, 0x28, 0x28, 0x28, 0xbc, 0x8e, 0x90, 0x28, 0x28, 0x28, 0x28, 0xc1, 0x8e, 0x8f, 0xc9, 0x28, 0xa5, 0x8e, 0xae, 0x28, 0xc1, 0x90, 0x8e, 0x9a, 0xc7, 0x28, 0xc2, 0x8e, 0x8f, 0x97, 0xbf, 0x28, 0x28, 0xbe, 0x94, 0x8e, 0x8f, 0x8e, 0x28, 0x28, 0xb6, 0x8e, 0x9c, 0x28, 0x28, 0x28, 0x28, 0x28, 0x28, 0x28, 0x28, 0xc9, 0x28, 0x91, 0x8e, 0xa5, 0xd0, 0x28, 0xd0, 0x28, 0xd0, 0x28, 0xc9, 0x91, 0x8e, 0xa5, 0x28, 0xc9, 0x28, 0xd0, 0x28, 0xc9, 0x28, 0xc9, 0x28, 0xc9, 0x28, 0xc9, 0x28, 0xc9, 0x28, 0xd0, 0x28, 0xc9, 0x28, 0xc9, 0x28, 0xd0, 0x28, 0x28, 0xd0, 0x28, 0xd0, 0x28, 0xd0, 0x28, 0xd0, 0x28, 0xd0, 0x28, 0x28, 0x28, 0x28, 0x28, 0x28, 0x28, 0xd0, 0x28, 0xd0, 0x28, 0xc9, 0x28, 0xc9, 0x28, 0xc9, 0x28, 0xd0, 0x28, 0xc9, 0x28, 0xc9, 0x28, 0xc9, 0x28, 0x28, 0x28, 0x28, 0x28, 0x28, 0xc9, 0x28, 0x2c, 0x2f, 0x2f, 0x30, 0x2e, 0x0d, 0x0d, 0xfd, 0x0d, 0xfd, 0x0d, 0xfd, 0x2e, 0x2a, 0x2b, 0x2a, 0x2b, 0x2a, 0x2b, 0x2b, 0x2a, 0x2a, 0x2a, 0xff, 0x28, 0x28, 0x28, 0x28, 0x28, 0x28, 0x28, 0x28, 0x28, 0x28, 0x28, 0x28, 0x28, 0x28, 0x28, 0x28, 0x28, 0x28, 0x28, 0x28, 0x28, 0x28, 0x28, 0x28, 0x28, 0x28, 0x28, 0x28, 
  0x28, 0x28, 0x28, 0x28, 0x28, 0xa0, 0x8e, 0x8f, 0x8e, 0xc8, 0x28, 0x28, 0x28, 0x28, 0x28, 0x28, 0x28, 0x28, 0x28, 0x28, 0x28, 0x28, 0x28, 0x28, 0x28, 0x28, 0x28, 0x28, 0x28, 0x28, 0x28, 0x28, 0x28, 0x28, 0x28, 0x28, 0x28, 0x28, 0x28, 0x28, 0x28, 0xb9, 0x8f, 0x8e, 0x8e, 0x86, 0x00, 0x00, 0x00, 0x00, 0x00, 0x00, 0x00, 0x00, 0x00, 0x00, 0x00, 0x00, 0x00, 0x00, 0x00, 0x00, 0x00, 0x00, 0x02, 0xd1, 0x28, 0x28, 0x28, 0x28, 0x28, 0x19, 0x00, 0x00, 0x01, 0xcf, 0x28, 0x28, 0x28, 0x28, 0x28, 0x28, 0x28, 0x28, 0x28, 0x28, 0x28, 0x28, 0x28, 0x28, 0x28, 0x28, 0x28, 0x28, 0xe3, 0x26, 0x00, 0x00, 0xce, 0x28, 0x26, 0x02, 0x00, 0x00, 0x00, 0x00, 0x00, 0x00, 0x00, 0xe8, 0x28, 0x04, 0x00, 0x00, 0x00, 0x00, 0x07, 0x28, 0x28, 0x28, 0x13, 0x00, 0x00, 0xf2, 0xd1, 0xd3, 0xd3, 0xd3, 0xd3, 0xd3, 0xcf, 0x28, 0xd4, 0xfa, 0xec, 0xee, 0x21, 0x24, 0xf0, 0x28, 0x28, 0x28, 0x28, 0x28, 0x28, 0xcf, 0x1b, 0xf7, 0xe2, 0xdd, 0xd8, 0xd6, 0xca, 0xd3, 0xd3, 0xd3, 0xd3, 0xd3, 0xd5, 0x24, 0x25, 0xd3, 0xd3, 0xca, 0xd3, 0xd3, 0xd3, 0xd3, 0xd3, 0xd3, 0xd3, 0xd3, 0xd3, 0x33, 0x28, 0xdb, 0xf5, 0xc9, 0x8f, 0x8e, 0x8e, 0x8e, 0x8e, 0x8e, 0x8f, 0x8e, 0x8f, 0xa0, 0xc2, 0xc5, 0xc2, 0xc1, 0xbf, 0xbd, 0xbc, 0xbb, 0xba, 0xb9, 0xb9, 0x28, 0x28, 0x28, 0x28, 0xbb, 0x8e, 0x8e, 0x8f, 0xa3, 0x28, 0x28, 0x28, 0x28, 0x28, 0x28, 0x28, 0x28, 0x28, 0x28, 0x28, 0x28, 0x28, 0x28, 0x28, 0x28, 0x28, 0x28, 0x28, 0x28, 0x28, 0x28, 0x28, 0x28, 0x28, 0x28, 0x28, 0x28, 0x28, 0x28, 0x28, 0x28, 0xa0, 0x8f, 0x8e, 0x8e, 0xc9, 0x28, 0x28, 0x28, 0x28, 0x28, 0x28, 0x28, 0x28, 0x28, 0x28, 0x28, 0x28, 0x28, 0x28, 0x28, 0x28, 0x28, 0x28, 0x28, 0x28, 0x28, 0x28, 0x28, 0x28, 0x28, 0x28, 0x28, 0x28, 0x28, 0x28, 0x28, 0x28, 0x28, 0xc7, 0xac, 0x8f, 0x8e, 0x8f, 0x8e, 0x8e, 0x8e, 0x8e, 0x8f, 0x8e, 0xb4, 0x28, 0x28, 0x28, 0x28, 0xb6, 0x8e, 0x9a, 0x28, 0x28, 0x28, 0x28, 0xbc, 0x8e, 0x90, 0x28, 0x28, 0x28, 0x28, 0xc1, 0x8e, 0x8f, 0xc9, 0x28, 0xa5, 0x8f, 0xae, 0x28, 0x28, 0xc0, 0x8f, 0x8e, 0x9c, 0xc9, 0x28, 0xb7, 0x8e, 0x8e, 0x8e, 0x8f, 0x8f, 0x8e, 0x8f, 0x97, 0x8e, 0x8f, 0x28, 0x28, 0xb6, 0x8e, 0x9a, 0x28, 0x28, 0x28, 0x28, 0x28, 0x28, 0x28, 0xd0, 0x28, 0xbd, 0x8e, 0x8f, 0xbb, 0xd0, 0x28, 0xc9, 0x28, 0xd0, 0x28, 0xd0, 0xaf, 0x8e, 0x8e, 0xc6, 0x28, 0xd0, 0x28, 0xc9, 0x28, 0xd0, 0x28, 0xd0, 0x28, 0xd0, 0x28, 0xd0, 0x28, 0xd0, 0x28, 0xc9, 0x28, 0xd0, 0x28, 0xd0, 0x28, 0xc9, 0x28, 0xc9, 0x28, 0xc9, 0x28, 0xc9, 0x28, 0xc9, 0x28, 0xc9, 0x28, 0x28, 0x28, 0x28, 0x28, 0x28, 0x28, 0x28, 0x28, 0x28, 0xd0, 0x28, 0xd0, 0x28, 0xd0, 0x28, 0xd0, 0x28, 0xc9, 0x28, 0xd0, 0x28, 0xd0, 0x28, 0x28, 0x28, 0x28, 0x28, 0xd0, 0x28, 0xcf, 0x2f, 0x30, 0x7a, 0x7a, 0xfd, 0x0d, 0xfd, 0x0d, 0xfd, 0x0d, 0xfd, 0x0d, 0xfd, 0xfd, 0xfd, 0xff, 0x2b, 0x2a, 0x2b, 0x2a, 0xff, 0x2b, 0x2a, 0x2a, 0x2a, 0x28, 0x28, 0x28, 0x28, 0x28, 0x28, 0x28, 0x28, 0x28, 0x28, 0x28, 0x28, 0x28, 0x28, 0x28, 0x28, 0x28, 0x28, 0x28, 0x28, 0x28, 0x28, 0x28, 0x28, 0x28, 0x28, 0x28, 0x28, 
  0x28, 0x28, 0x28, 0x28, 0x28, 0xae, 0x8f, 0x8e, 0x8e, 0xc5, 0x28, 0x28, 0x28, 0x28, 0x28, 0x28, 0x28, 0x28, 0x28, 0x28, 0x28, 0x28, 0x28, 0x28, 0x28, 0x28, 0x28, 0x28, 0x28, 0x28, 0x28, 0x28, 0x28, 0x28, 0x28, 0x28, 0x28, 0x28, 0x28, 0x28, 0x28, 0xc5, 0x8e, 0x8f, 0x8e, 0x8e, 0x71, 0x00, 0x00, 0x00, 0x00, 0x00, 0x00, 0x00, 0x00, 0x00, 0x00, 0x00, 0x00, 0x00, 0x00, 0x00, 0x00, 0x00, 0x00, 0xd9, 0x28, 0x28, 0x28, 0x28, 0x28, 0xcf, 0x00, 0x00, 0x01, 0xe5, 0x28, 0x28, 0x28, 0x28, 0x28, 0x28, 0x28, 0x28, 0x28, 0x28, 0x28, 0x28, 0x28, 0x28, 0x28, 0x28, 0x28, 0x28, 0xd0, 0x29, 0x00, 0x01, 0x28, 0x28, 0xf8, 0x00, 0x00, 0x00, 0x00, 0x00, 0x00, 0x00, 0x02, 0xd0, 0x0e, 0x00, 0x00, 0x00, 0x00, 0x00, 0x05, 0x28, 0x28, 0x28, 0x03, 0x00, 0x03, 0x23, 0xed, 0xd3, 0xd3, 0xd3, 0xd3, 0xd3, 0xd5, 0x33, 0xcf, 0x28, 0x25, 0xee, 0x18, 0xea, 0xf9, 0xf1, 0xde, 0xda, 0xd5, 0xd3, 0xd3, 0xd3, 0xd3, 0xd3, 0xd3, 0xd3, 0xd3, 0xd3, 0xd3, 0xd3, 0xd3, 0xd3, 0xd3, 0xd5, 0xee, 0xcd, 0xd4, 0xd3, 0xd3, 0xd3, 0xd3, 0xd3, 0xd3, 0xd3, 0xd3, 0xd3, 0xd3, 0xd3, 0xd3, 0xef, 0xcc, 0xd4, 0xf5, 0x28, 0xae, 0xaf, 0x9a, 0x8e, 0x8f, 0x8f, 0x8e, 0x8f, 0x8e, 0x8f, 0x8e, 0x8e, 0x8f, 0x8e, 0x8e, 0x8f, 0x8e, 0x8f, 0x8e, 0xa0, 0xc6, 0x28, 0x28, 0x28, 0x28, 0xa6, 0x8f, 0x8f, 0x8e, 0xae, 0x28, 0x28, 0x28, 0x28, 0x28, 0x28, 0x28, 0x28, 0x28, 0x28, 0x28, 0x28, 0x28, 0x28, 0x28, 0x28, 0x28, 0x28, 0x28, 0x28, 0x28, 0x28, 0x28, 0x28, 0x28, 0x28, 0x28, 0x28, 0x28, 0x28, 0x28, 0x28, 0x9c, 0x8e, 0x8e, 0x94, 0x28, 0x28, 0x28, 0x28, 0x28, 0x28, 0x28, 0x28, 0x28, 0x28, 0x28, 0x28, 0x28, 0x28, 0x28, 0x28, 0x28, 0x28, 0x28, 0x28, 0x28, 0x28, 0x28, 0x28, 0x28, 0x28, 0x28, 0x28, 0x28, 0x28, 0x28, 0x28, 0x28, 0x28, 0x28, 0x28, 0xbc, 0x9e, 0x8f, 0x8e, 0x8f, 0x8e, 0x90, 0xa3, 0xc2, 0x28, 0x28, 0x28, 0x28, 0x28, 0xb6, 0x8e, 0x9a, 0x28, 0x28, 0x28, 0x28, 0xbc, 0x8e, 0x90, 0x28, 0x28, 0x28, 0x28, 0xc2, 0x8f, 0x8e, 0x28, 0x28, 0xa5, 0x8e, 0xae, 0x28, 0x28, 0x28, 0xbf, 0x8f, 0x8e, 0xa1, 0x28, 0x28, 0xbe, 0x94, 0x8f, 0x8e, 0x8f, 0x8f, 0xaf, 0xbf, 0x8e, 0x8e, 0x28, 0x28, 0xb6, 0x8e, 0x9c, 0x28, 0x28, 0x28, 0x28, 0x28, 0x28, 0x28, 0x28, 0xd0, 0xac, 0x8f, 0x90, 0xc9, 0x28, 0xd0, 0x28, 0xc9, 0x28, 0xc9, 0x28, 0xc1, 0x8f, 0x8e, 0xb8, 0xc9, 0x28, 0xd0, 0x28, 0xc9, 0x28, 0xc9, 0x28, 0xd0, 0x28, 0xc9, 0x28, 0xc9, 0x28, 0xd0, 0x28, 0xc9, 0x28, 0xc9, 0x28, 0xd0, 0x28, 0xd0, 0x28, 0xd0, 0x28, 0xd0, 0x28, 0xd0, 0x28, 0xd0, 0x28, 0x28, 0x28, 0x28, 0x28, 0x28, 0xc9, 0x28, 0x28, 0x28, 0x28, 0x28, 0xc9, 0x28, 0xc9, 0x28, 0xc9, 0x28, 0xd0, 0x28, 0xc9, 0x28, 0xc9, 0x28, 0x28, 0xd0, 0x28, 0x28, 0xc9, 0x28, 0x7d, 0x7d, 0x7a, 0x31, 0x7a, 0xfd, 0xfd, 0x0d, 0x0d, 0xfd, 0x0d, 0xfd, 0xfd, 0xfd, 0xfd, 0x0d, 0x0d, 0x0d, 0x2e, 0x2a, 0xff, 0x2a, 0x2a, 0xff, 0x2a, 0x2a, 0xff, 0x28, 0x28, 0x28, 0x28, 0x28, 0x28, 0x28, 0x28, 0x28, 0x28, 0x28, 0x28, 0x28, 0x28, 0x28, 0x28, 0x28, 0x28, 0x28, 0x28, 0x28, 0x28, 0x28, 0x28, 0x28, 0x28, 0x28, 0x28, 
  0x28, 0x28, 0x28, 0x28, 0x28, 0xaf, 0x8e, 0x8f, 0x8f, 0xbc, 0x28, 0x28, 0x28, 0x28, 0x28, 0x28, 0x28, 0x28, 0x28, 0x28, 0x28, 0x28, 0x28, 0x28, 0x28, 0x28, 0x28, 0x28, 0x28, 0x28, 0x28, 0x28, 0x28, 0x28, 0x28, 0x28, 0x28, 0x28, 0x28, 0x28, 0x28, 0x28, 0x90, 0x8e, 0x8f, 0x8e, 0x74, 0x00, 0x00, 0x00, 0x00, 0x00, 0x00, 0x00, 0x00, 0x00, 0x00, 0x00, 0x00, 0x00, 0x00, 0x00, 0x00, 0x00, 0x00, 0xce, 0x28, 0x28, 0x28, 0x28, 0x28, 0x28, 0x1a, 0x01, 0xd0, 0x28, 0x28, 0x28, 0x28, 0x28, 0x28, 0x28, 0x28, 0x28, 0x28, 0x28, 0x28, 0x28, 0x28, 0x28, 0x28, 0x28, 0x28, 0x28, 0x23, 0x00, 0x00, 0x2e, 0x28, 0x28, 0xfd, 0x00, 0x00, 0x00, 0x00, 0x00, 0x00, 0x00, 0x1c, 0xd0, 0x03, 0x00, 0x00, 0x00, 0x00, 0x00, 0x06, 0x28, 0x28, 0xe3, 0x00, 0x00, 0xeb, 0x28, 0xd1, 0xd3, 0xd7, 0x18, 0xd3, 0xd3, 0xe1, 0x27, 0xcb, 0xd4, 0xd3, 0xd3, 0xd3, 0xd3, 0xd3, 0xd3, 0xd3, 0xd3, 0xd3, 0xd3, 0xd3, 0xd3, 0xd3, 0xd3, 0xd3, 0xd3, 0xd3, 0xd3, 0xd3, 0xd3, 0xd3, 0xd3, 0xca, 0x23, 0xf0, 0x33, 0xd3, 0xd3, 0xd3, 0xd3, 0xd3, 0xd3, 0xd3, 0xd3, 0xd3, 0xd3, 0xd3, 0xd3, 0xd3, 0x28, 0xdc, 0xd3, 0xf9, 0x28, 0xc5, 0xa3, 0x8e, 0x8f, 0x8e, 0x8e, 0x8f, 0x8e, 0x8e, 0x8e, 0x8e, 0x8e, 0x8f, 0x8e, 0x8f, 0x8e, 0x8e, 0x8e, 0xb9, 0x28, 0x28, 0x28, 0x28, 0x28, 0xc7, 0x8e, 0x8e, 0x8e, 0x8f, 0xbc, 0x28, 0x28, 0x28, 0x28, 0x28, 0x28, 0x28, 0x28, 0x28, 0x28, 0x28, 0x28, 0x28, 0x28, 0x28, 0x28, 0x28, 0x28, 0x28, 0x28, 0x28, 0x28, 0x28, 0x28, 0x28, 0x28, 0x28, 0x28, 0x28, 0x28, 0x28, 0x28, 0x91, 0x8e, 0x8e, 0xa5, 0x28, 0x28, 0x28, 0x28, 0x28, 0x28, 0x28, 0x28, 0x28, 0x28, 0x28, 0x28, 0x28, 0x28, 0x28, 0x28, 0x28, 0x28, 0x28, 0x28, 0x28, 0x28, 0x28, 0x28, 0x28, 0x28, 0x28, 0x28, 0x28, 0x28, 0x28, 0x28, 0x28, 0x28, 0x28, 0x28, 0x28, 0x28, 0x28, 0xc2, 0xbd, 0xc5, 0x28, 0x28, 0x28, 0x28, 0x28, 0x28, 0x28, 0x28, 0x28, 0x28, 0x28, 0x28, 0x28, 0x28, 0x28, 0x28, 0x28, 0x28, 0x28, 0x28, 0x28, 0x28, 0x28, 0x28, 0x28, 0x28, 0x28, 0x28, 0x28, 0x28, 0x28, 0x28, 0x28, 0x28, 0x28, 0x28, 0x28, 0x28, 0x28, 0x28, 0x28, 0xc6, 0xbe, 0xc2, 0x28, 0x28, 0x28, 0x28, 0x28, 0x28, 0x28, 0x28, 0x28, 0x28, 0x28, 0x28, 0x28, 0x28, 0x28, 0x28, 0x28, 0xc9, 0x28, 0xd0, 0x28, 0xc9, 0x28, 0xd0, 0x28, 0x28, 0xd0, 0x28, 0xd0, 0x28, 0xd0, 0x28, 0xc9, 0x28, 0x28, 0xd0, 0x28, 0x28, 0x28, 0x28, 0xd0, 0x28, 0xc9, 0x28, 0xd0, 0x28, 0xd0, 0x28, 0xc9, 0x28, 0xd0, 0x28, 0xd0, 0x28, 0xc9, 0x28, 0xc9, 0x28, 0xd0, 0x28, 0xc9, 0x28, 0xc9, 0x28, 0xc9, 0x28, 0x28, 0x28, 0x28, 0xc9, 0x28, 0xd0, 0x28, 0x28, 0xc9, 0x28, 0xd0, 0x28, 0xd0, 0x28, 0xd0, 0x28, 0xd0, 0x28, 0xd0, 0x28, 0xd0, 0x28, 0xd0, 0x28, 0xd0, 0x28, 0xd0, 0xf0, 0x7a, 0x7d, 0x31, 0x7a, 0x2f, 0xfd, 0xfd, 0xfd, 0xfd, 0xfd, 0xfd, 0xfd, 0x0d, 0xfd, 0x0d, 0x0d, 0xfd, 0xfd, 0xfd, 0x2c, 0xfd, 0x2a, 0xff, 0xff, 0xff, 0xff, 0xff, 0x2b, 0x28, 0x28, 0x28, 0x28, 0x28, 0x28, 0x28, 0x28, 0x28, 0x28, 0x28, 0x28, 0x28, 0x28, 0x28, 0x28, 0x28, 0x28, 0x28, 0x28, 0x28, 0x28, 0x28, 0x28, 0x28, 0x28, 0x28, 0x28, 
  0x28, 0x28, 0x28, 0x28, 0x28, 0xb7, 0x8e, 0x8f, 0x8e, 0xad, 0x28, 0x28, 0x28, 0x28, 0x28, 0x28, 0x28, 0x28, 0x28, 0x28, 0x28, 0x28, 0x28, 0x28, 0x28, 0x28, 0x28, 0x28, 0x28, 0x28, 0x28, 0x28, 0x28, 0x28, 0x28, 0x28, 0x28, 0x28, 0x28, 0x28, 0x28, 0x28, 0x9a, 0x8e, 0x8e, 0x8f, 0x75, 0x00, 0x00, 0x00, 0x00, 0x00, 0x00, 0x00, 0x00, 0x00, 0x00, 0x00, 0x00, 0x00, 0x00, 0x00, 0x00, 0x00, 0xea, 0x28, 0x28, 0x28, 0x28, 0x28, 0x28, 0x28, 0xd0, 0xed, 0x28, 0x28, 0x28, 0x28, 0x28, 0x28, 0x28, 0x28, 0x28, 0x28, 0x28, 0x28, 0x28, 0x28, 0x28, 0x28, 0x28, 0x28, 0x28, 0x28, 0x13, 0x00, 0x00, 0xf3, 0x28, 0x28, 0x04, 0x00, 0x00, 0x00, 0x00, 0x00, 0x00, 0x00, 0x26, 0x7d, 0x00, 0x00, 0x00, 0x00, 0x00, 0x00, 0xff, 0x28, 0x28, 0x03, 0x00, 0x2f, 0xd0, 0xc9, 0xe4, 0xd3, 0xfa, 0x28, 0xd8, 0xfa, 0x26, 0x1f, 0xd5, 0xd3, 0xd3, 0xd3, 0xd3, 0xd3, 0xd3, 0xd3, 0xd3, 0xd3, 0xd3, 0xd3, 0xd3, 0xd3, 0xd3, 0xd3, 0xd3, 0xd3, 0xd3, 0xd3, 0xd3, 0xd3, 0xd3, 0xd3, 0xd1, 0xd0, 0xe2, 0xd3, 0xd3, 0xd3, 0xd3, 0xd3, 0xd3, 0xd3, 0xd3, 0xd3, 0xd3, 0xd3, 0xd3, 0xd3, 0xfa, 0x28, 0xd6, 0xd3, 0xf9, 0x28, 0x9a, 0x8e, 0x8e, 0x8e, 0x8f, 0x8e, 0x8f, 0x8e, 0x8e, 0x8e, 0x8e, 0x8f, 0x8e, 0x8e, 0x8e, 0x8e, 0x8f, 0x8e, 0x94, 0xa3, 0xa3, 0xaa, 0xb1, 0xba, 0xbb, 0x8e, 0x8e, 0x8f, 0x8e, 0xc2, 0x28, 0x28, 0x28, 0x28, 0x28, 0x28, 0x28, 0x28, 0x28, 0x28, 0x28, 0x28, 0x28, 0x28, 0x28, 0x28, 0x28, 0x28, 0x28, 0x28, 0x28, 0x28, 0x28, 0x28, 0x28, 0x28, 0x28, 0x28, 0x28, 0x28, 0x28, 0xc6, 0x8f, 0x8e, 0x8e, 0xa5, 0x28, 0x28, 0x28, 0x28, 0x28, 0x28, 0x28, 0x28, 0x28, 0x28, 0x28, 0x28, 0x28, 0x28, 0x28, 0x28, 0x28, 0x28, 0x28, 0x28, 0x28, 0x28, 0x28, 0x28, 0x28, 0x28, 0x28, 0x28, 0x28, 0x28, 0x28, 0x28, 0x28, 0x28, 0x28, 0x28, 0x28, 0x28, 0x28, 0x28, 0x28, 0x28, 0x28, 0x28, 0x28, 0x28, 0x28, 0x28, 0x28, 0x28, 0x28, 0x28, 0x28, 0x28, 0x28, 0x28, 0x28, 0x28, 0x28, 0x28, 0x28, 0x28, 0x28, 0x28, 0x28, 0x28, 0x28, 0x28, 0x28, 0x28, 0x28, 0x28, 0x28, 0x28, 0x28, 0x28, 0x28, 0x28, 0x28, 0x28, 0x28, 0x28, 0x28, 0x28, 0x28, 0x28, 0x28, 0x28, 0x28, 0x28, 0x28, 0x28, 0x28, 0x28, 0x28, 0x28, 0x28, 0x28, 0x28, 0x28, 0x28, 0x28, 0x28, 0x28, 0xc9, 0x28, 0xd0, 0x28, 0xc9, 0x28, 0xd0, 0x28, 0xc9, 0x28, 0xc9, 0x28, 0xc9, 0x28, 0xd0, 0x28, 0xd0, 0x28, 0xc9, 0x28, 0x28, 0x28, 0x28, 0x28, 0xd0, 0x28, 0x28, 0xc9, 0x28, 0xd0, 0x28, 0xc9, 0x28, 0xc9, 0x28, 0x28, 0x28, 0xd0, 0x28, 0xc9, 0x28, 0xd0, 0x28, 0xd0, 0x28, 0xd0, 0x28, 0xc9, 0x28, 0x28, 0x28, 0xd0, 0x28, 0xc9, 0x28, 0xd0, 0x28, 0x28, 0x28, 0x28, 0x28, 0x28, 0x28, 0xc9, 0x28, 0xc9, 0x28, 0xc9, 0x28, 0xc9, 0x28, 0xc9, 0x28, 0x28, 0xf9, 0x7a, 0x31, 0x7a, 0x31, 0x2e, 0xfd, 0xfd, 0xfd, 0x0d, 0xfd, 0x0d, 0x0d, 0x2c, 0xfd, 0xfd, 0xfd, 0xfd, 0x0d, 0xfd, 0x0d, 0xfd, 0x0d, 0xfd, 0x2d, 0x0c, 0xff, 0xff, 0x2a, 0xff, 0x28, 0x28, 0x28, 0x28, 0x28, 0x28, 0x28, 0x28, 0x28, 0x28, 0x28, 0x28, 0x28, 0x28, 0x28, 0x28, 0x28, 0x28, 0x28, 0x28, 0x28, 0x28, 0x28, 0x28, 0x28, 0x28, 0x28, 0x28, 
  0x28, 0x28, 0x28, 0x28, 0x28, 0xbd, 0x8e, 0x8e, 0x8f, 0x94, 0xc9, 0x28, 0x28, 0x28, 0x28, 0x28, 0x28, 0x28, 0x28, 0x28, 0x28, 0x28, 0x28, 0x28, 0x28, 0x28, 0x28, 0x28, 0x28, 0x28, 0x28, 0x28, 0x28, 0x28, 0x28, 0x28, 0x28, 0x28, 0x28, 0x28, 0x28, 0x28, 0xaf, 0x8e, 0x8f, 0x8e, 0x79, 0x00, 0x00, 0x00, 0x00, 0x00, 0x00, 0x00, 0x00, 0x00, 0x00, 0x00, 0x00, 0x00, 0x00, 0x00, 0x00, 0x09, 0xf0, 0x28, 0x28, 0x28, 0x28, 0x28, 0x28, 0x28, 0x28, 0x28, 0x28, 0x28, 0xea, 0x24, 0x28, 0x28, 0x28, 0x28, 0x28, 0x28, 0x28, 0x28, 0x28, 0x28, 0x28, 0x28, 0x28, 0x28, 0x28, 0xd0, 0x0a, 0x00, 0x00, 0x1c, 0x28, 0x25, 0x00, 0x00, 0x00, 0x00, 0x00, 0x00, 0x00, 0xdb, 0x25, 0x02, 0x00, 0x00, 0x00, 0x00, 0x00, 0x00, 0x13, 0x28, 0xf5, 0x00, 0x02, 0x21, 0x27, 0xd7, 0x05, 0xd3, 0xd6, 0xe9, 0xf2, 0x27, 0xec, 0xd5, 0xd3, 0xd3, 0xd3, 0xd3, 0xd3, 0xd3, 0xd3, 0xd3, 0xd3, 0xd3, 0xd3, 0xd3, 0xd3, 0xd3, 0xd3, 0xd3, 0xd3, 0xd3, 0xd3, 0xd3, 0xd3, 0xd3, 0xd3, 0xf2, 0xd0, 0xe5, 0xd3, 0xd3, 0xd3, 0xd3, 0xd3, 0xd3, 0xd3, 0xd3, 0xd3, 0xd3, 0xd3, 0xd3, 0xd3, 0xd4, 0xd0, 0x22, 0xd4, 0xd3, 0xe5, 0x28, 0xad, 0xae, 0xae, 0xae, 0xaf, 0xb2, 0xb9, 0xbb, 0xbc, 0xbd, 0xa5, 0x8e, 0x8f, 0x8e, 0x8f, 0x8e, 0x8e, 0x8f, 0x8f, 0x8e, 0x8e, 0x8e, 0x8f, 0x90, 0x94, 0x8f, 0x8e, 0x8e, 0x93, 0xc9, 0x28, 0x28, 0x28, 0x28, 0x28, 0x28, 0x28, 0x28, 0x28, 0x28, 0x28, 0x28, 0x28, 0x28, 0x28, 0x28, 0x28, 0x28, 0x28, 0x28, 0x28, 0x28, 0x28, 0x28, 0x28, 0x28, 0x28, 0x28, 0x28, 0x28, 0x28, 0xb7, 0x8e, 0x8f, 0x8e, 0xaa, 0x28, 0x28, 0x28, 0x28, 0x28, 0x28, 0x28, 0x28, 0x28, 0x28, 0x28, 0x28, 0x28, 0x28, 0x28, 0x28, 0x28, 0x28, 0x28, 0x28, 0x28, 0x28, 0x28, 0x28, 0x28, 0x28, 0x28, 0x28, 0x28, 0x28, 0x28, 0x28, 0x28, 0x28, 0x28, 0x28, 0x28, 0x28, 0x28, 0x28, 0x28, 0x28, 0x28, 0x28, 0x28, 0x28, 0x28, 0x28, 0x28, 0x28, 0x28, 0x28, 0x28, 0x28, 0x28, 0x28, 0x28, 0x28, 0x28, 0x28, 0x28, 0x28, 0x28, 0x28, 0x28, 0x28, 0x28, 0x28, 0x28, 0x28, 0x28, 0x28, 0x28, 0x28, 0x28, 0x28, 0x28, 0x28, 0x28, 0x28, 0x28, 0x28, 0x28, 0x28, 0x28, 0x28, 0x28, 0x28, 0x28, 0x28, 0x28, 0x28, 0x28, 0x28, 0x28, 0x28, 0x28, 0x28, 0x28, 0x28, 0x28, 0x28, 0x28, 0xd0, 0x28, 0xd0, 0x28, 0xc9, 0x28, 0xd0, 0x28, 0xc9, 0x28, 0xd0, 0x28, 0xd0, 0x28, 0xd0, 0x28, 0xd0, 0x28, 0xc9, 0x28, 0xd0, 0x28, 0x28, 0xd0, 0x28, 0xc9, 0x28, 0x28, 0xd0, 0x28, 0xc9, 0x28, 0xd0, 0x28, 0xd0, 0x28, 0x28, 0x28, 0x28, 0x28, 0xd0, 0x28, 0xc9, 0x28, 0xc9, 0x28, 0xc9, 0x28, 0xd0, 0x28, 0xc9, 0x28, 0xc9, 0x28, 0xd0, 0x28, 0xc9, 0x28, 0x28, 0x28, 0x28, 0x28, 0x28, 0x28, 0x28, 0xd0, 0x28, 0xd0, 0x28, 0xd0, 0x28, 0xd0, 0x28, 0x28, 0x7f, 0x31, 0x7a, 0x7a, 0x7a, 0xfd, 0x2e, 0xfd, 0xfd, 0xfd, 0x2e, 0x0d, 0xfd, 0xfd, 0xfd, 0x0d, 0xfd, 0xfd, 0xfd, 0xfd, 0xfd, 0xfd, 0xfd, 0x0d, 0xfd, 0x0d, 0x2a, 0x2a, 0x2b, 0x2c, 0xfd, 0x28, 0x28, 0x28, 0x28, 0x28, 0x28, 0x28, 0x28, 0x28, 0x28, 0x28, 0x28, 0x28, 0x28, 0x28, 0x28, 0x28, 0x28, 0x28, 0x28, 0x28, 0x28, 0x28, 0x28, 0x28, 0x28, 0x28, 0x28, 
  0x28, 0x28, 0x28, 0x28, 0x28, 0xc2, 0x8e, 0x8f, 0x8e, 0x8e, 0xc6, 0x28, 0x28, 0x28, 0x28, 0x28, 0x28, 0x28, 0x28, 0x28, 0x28, 0x28, 0x28, 0x28, 0x28, 0x28, 0x28, 0x28, 0x28, 0x28, 0x28, 0x28, 0x28, 0x28, 0x28, 0x28, 0x28, 0x28, 0x28, 0x28, 0x28, 0x28, 0xba, 0x8f, 0x8e, 0x8f, 0x8d, 0x71, 0x00, 0x00, 0x00, 0x00, 0x00, 0x00, 0x00, 0x00, 0x00, 0x00, 0x00, 0x00, 0x00, 0x00, 0x00, 0xf0, 0x28, 0x28, 0x28, 0x28, 0x28, 0x28, 0x28, 0x28, 0x28, 0x28, 0x28, 0x18, 0x01, 0x14, 0x28, 0x28, 0x28, 0x28, 0x28, 0x28, 0x28, 0x28, 0x28, 0x28, 0x28, 0x28, 0x28, 0x28, 0x28, 0xd1, 0x00, 0x00, 0x00, 0x11, 0xe6, 0x0e, 0x00, 0x00, 0x00, 0x00, 0x00, 0x00, 0x03, 0x27, 0x2e, 0x00, 0x00, 0x00, 0x00, 0x00, 0x00, 0x00, 0x26, 0x28, 0x04, 0x00, 0x15, 0x28, 0x7d, 0x00, 0x04, 0xd3, 0xd4, 0xf9, 0x28, 0xde, 0xd3, 0x2e, 0xd3, 0xd3, 0xd3, 0xd3, 0xd3, 0xd3, 0xd3, 0xd3, 0xd3, 0xd3, 0xd3, 0xd3, 0xd3, 0xd3, 0xd3, 0xd3, 0xd3, 0xd3, 0xd3, 0xd3, 0xd3, 0xd3, 0xf9, 0x28, 0xf9, 0xd3, 0xd3, 0xd3, 0xd3, 0xd3, 0xd3, 0xd3, 0xd3, 0xd3, 0xd3, 0xd3, 0xd3, 0xd3, 0xd3, 0xf8, 0x28, 0xdd, 0xd3, 0xd3, 0xf4, 0x28, 0x28, 0x28, 0x28, 0x28, 0x28, 0x28, 0x28, 0x28, 0xc6, 0x9f, 0x8e, 0x8f, 0x8e, 0x8f, 0x8e, 0x8e, 0x97, 0xa1, 0xa9, 0xaa, 0xae, 0xbb, 0xc2, 0x28, 0xaa, 0x8e, 0x8f, 0x8e, 0xae, 0x28, 0x28, 0x28, 0x28, 0x28, 0x28, 0x28, 0x28, 0x28, 0x28, 0x28, 0x28, 0x28, 0x28, 0x28, 0x28, 0x28, 0x28, 0x28, 0x28, 0x28, 0x28, 0x28, 0x28, 0x28, 0x28, 0x28, 0x28, 0x28, 0x28, 0x28, 0x28, 0x9f, 0x8f, 0x8e, 0x8f, 0xaf, 0x28, 0x28, 0x28, 0x28, 0x28, 0x28, 0x28, 0x28, 0x28, 0x28, 0x28, 0x28, 0x28, 0x28, 0x28, 0x28, 0x28, 0x28, 0x28, 0x28, 0x28, 0x28, 0x28, 0x28, 0x28, 0x28, 0x28, 0x28, 0x28, 0x28, 0x28, 0x28, 0x28, 0x28, 0x28, 0x28, 0x28, 0x28, 0x28, 0x28, 0x28, 0x28, 0x28, 0x28, 0x28, 0x28, 0x28, 0x28, 0x28, 0x28, 0x28, 0x28, 0x28, 0x28, 0x28, 0x28, 0x28, 0x28, 0x28, 0x28, 0x28, 0x28, 0x28, 0x28, 0x28, 0x28, 0x28, 0x28, 0x28, 0x28, 0x28, 0x28, 0x28, 0x28, 0x28, 0x28, 0x28, 0x28, 0x28, 0x28, 0x28, 0x28, 0x28, 0x28, 0x28, 0x28, 0x28, 0x28, 0x28, 0x28, 0x28, 0x28, 0x28, 0x28, 0x28, 0x28, 0x28, 0x28, 0x28, 0x28, 0x28, 0x28, 0x28, 0x28, 0xd0, 0x28, 0xd0, 0x28, 0xc9, 0x28, 0xd0, 0x28, 0xc9, 0x28, 0xc9, 0x28, 0xc9, 0x28, 0xc9, 0x28, 0xd0, 0x28, 0xc9, 0x28, 0xc9, 0x28, 0x28, 0x28, 0xd0, 0x28, 0xc9, 0x28, 0xd0, 0x28, 0xc9, 0x28, 0xc9, 0x28, 0x28, 0x28, 0x28, 0x28, 0xc9, 0x28, 0xd0, 0x28, 0xd0, 0x28, 0xd0, 0x28, 0xc9, 0x28, 0xd0, 0x28, 0xd0, 0x28, 0xc9, 0x28, 0xd0, 0x28, 0x28, 0xd0, 0x28, 0x28, 0x28, 0xc9, 0x28, 0xc9, 0x28, 0xc9, 0x28, 0xd0, 0x28, 0xc9, 0x28, 0x28, 0xca, 0x7a, 0x7a, 0x7a, 0xca, 0x2e, 0x2e, 0xfd, 0xfd, 0xfd, 0xfd, 0xfd, 0xfd, 0xfd, 0x0d, 0xfd, 0xfd, 0xfd, 0xfd, 0xfd, 0xfd, 0xfd, 0xfd, 0xfd, 0xfd, 0xfd, 0xfd, 0x2a, 0x2a, 0x2c, 0x0d, 0x2b, 0x28, 0x28, 0x28, 0x28, 0x28, 0x28, 0x28, 0x28, 0x28, 0x28, 0x28, 0x28, 0x28, 0x28, 0x28, 0x28, 0x28, 0x28, 0x28, 0x28, 0x28, 0x28, 0x28, 0x28, 0x28, 0x28, 0x28, 0x28, 
  0x28, 0x28, 0x28, 0x28, 0x28, 0xc9, 0x8e, 0x8e, 0x8f, 0x8e, 0xc5, 0x28, 0x28, 0x28, 0x28, 0x28, 0x28, 0x28, 0x28, 0x28, 0x28, 0x28, 0x28, 0x28, 0x28, 0x28, 0x28, 0x28, 0x28, 0x28, 0x28, 0x28, 0x28, 0x28, 0x28, 0x28, 0x28, 0x28, 0x28, 0x28, 0x28, 0x28, 0x28, 0x90, 0x8e, 0x8e, 0x8e, 0x75, 0x00, 0x00, 0x00, 0x00, 0x00, 0x00, 0x00, 0x00, 0x00, 0x00, 0x00, 0x00, 0x00, 0x00, 0x03, 0x27, 0x28, 0x28, 0x28, 0x28, 0x28, 0x28, 0x28, 0x28, 0x28, 0x28, 0x28, 0xd9, 0x00, 0xff, 0x28, 0x28, 0x28, 0x28, 0x28, 0x28, 0x28, 0x28, 0x28, 0x28, 0x28, 0x28, 0x28, 0x28, 0x28, 0x0b, 0x00, 0x00, 0x00, 0x00, 0x00, 0x00, 0x00, 0x00, 0x00, 0x00, 0x00, 0x00, 0x13, 0x28, 0x02, 0x00, 0x00, 0x00, 0x00, 0x00, 0x00, 0x02, 0x28, 0x24, 0x00, 0x01, 0x26, 0xf9, 0x00, 0x00, 0x05, 0xd4, 0xf6, 0x27, 0xdd, 0xd3, 0xd3, 0xd3, 0xd3, 0xd3, 0xd3, 0xd3, 0xd3, 0xd3, 0xd3, 0xd3, 0xd3, 0xd3, 0xd3, 0xd3, 0xd3, 0xd3, 0xd3, 0xd3, 0xd3, 0xd3, 0xd3, 0xd3, 0xd3, 0xe2, 0x28, 0xcc, 0xd3, 0xd3, 0xd3, 0xd3, 0xd3, 0xd3, 0xd3, 0xd3, 0xd3, 0xd3, 0xd3, 0xd3, 0xd3, 0xd3, 0xd3, 0xeb, 0x28, 0xd4, 0xd3, 0xd3, 0xf4, 0x28, 0xb1, 0xb1, 0x28, 0x28, 0x28, 0x28, 0x28, 0xc9, 0xa3, 0x97, 0x97, 0x9e, 0xa5, 0xb2, 0xbe, 0x28, 0x28, 0x28, 0x28, 0x28, 0x28, 0x28, 0x28, 0xc7, 0x8f, 0x8f, 0x8e, 0x8e, 0xb2, 0x28, 0x28, 0x28, 0x28, 0x28, 0x28, 0x28, 0x28, 0x28, 0x28, 0x28, 0x28, 0x28, 0x28, 0x28, 0x28, 0x28, 0x28, 0x28, 0x28, 0x28, 0x28, 0x28, 0x28, 0x28, 0x28, 0x28, 0x28, 0x28, 0x28, 0x28, 0x28, 0x94, 0x8e, 0x8f, 0x8f, 0xb8, 0x28, 0x28, 0x28, 0x28, 0x28, 0x28, 0x28, 0x28, 0x28, 0x28, 0x28, 0x28, 0x28, 0x28, 0x28, 0x28, 0x28, 0x28, 0x28, 0x28, 0x28, 0x28, 0x28, 0x28, 0x28, 0x28, 0x28, 0x28, 0x28, 0x28, 0x28, 0x28, 0x28, 0x28, 0x28, 0x28, 0x28, 0x28, 0x28, 0x28, 0x28, 0x28, 0x28, 0x28, 0x28, 0x28, 0x28, 0x28, 0x28, 0x28, 0x28, 0x28, 0x28, 0x28, 0x28, 0x28, 0x28, 0x28, 0x28, 0x28, 0x28, 0x28, 0x28, 0x28, 0x28, 0x28, 0x28, 0x28, 0x28, 0x28, 0x28, 0x28, 0x28, 0x28, 0x28, 0x28, 0x28, 0x28, 0x28, 0x28, 0x28, 0x28, 0x28, 0x28, 0x28, 0x28, 0x28, 0x28, 0x28, 0x28, 0x28, 0x28, 0x28, 0x28, 0x28, 0x28, 0x28, 0x28, 0x28, 0x28, 0x28, 0x28, 0x28, 0xc9, 0x28, 0xd0, 0x28, 0xd0, 0x28, 0xc9, 0x28, 0xc9, 0x28, 0x28, 0xd0, 0x28, 0xd0, 0x28, 0xd0, 0x28, 0x28, 0xc9, 0x28, 0xd0, 0x28, 0xc9, 0xd0, 0x28, 0xc9, 0x28, 0xd0, 0x28, 0xc9, 0x28, 0xd0, 0x28, 0xd0, 0x28, 0xd0, 0x28, 0x28, 0xd0, 0x28, 0xd0, 0x28, 0xc9, 0x28, 0xc9, 0x28, 0xc9, 0x28, 0xd0, 0x28, 0xc9, 0x28, 0xc9, 0x28, 0xd0, 0x28, 0xc9, 0x28, 0x28, 0x28, 0x28, 0xc9, 0x28, 0xd0, 0x28, 0xd0, 0x28, 0xd0, 0x28, 0xd0, 0x28, 0xd0, 0x7a, 0xca, 0x7a, 0xca, 0xfd, 0xfd, 0xfd, 0x2e, 0xfd, 0x2e, 0xfd, 0xfd, 0xfd, 0xfd, 0xfd, 0xfd, 0xfd, 0xfd, 0x2e, 0xfd, 0xfd, 0xfd, 0x2e, 0xfd, 0xfd, 0xfd, 0x0d, 0x2e, 0x2a, 0x2b, 0x2a, 0x0d, 0x2b, 0x28, 0x28, 0x28, 0x28, 0x28, 0x28, 0x28, 0x28, 0x28, 0x28, 0x28, 0x28, 0x28, 0x28, 0x28, 0x28, 0x28, 0x28, 0x28, 0x28, 0x28, 0x28, 0x28, 0x28, 0x28, 0x28, 0x28, 0x28, 
  0x28, 0x28, 0x28, 0x28, 0x28, 0x28, 0x9a, 0x8f, 0x8e, 0x8f, 0xc1, 0x28, 0x28, 0x28, 0x28, 0x28, 0x28, 0x28, 0x28, 0x28, 0x28, 0x28, 0x28, 0x28, 0x28, 0x28, 0x28, 0x28, 0x28, 0x28, 0x28, 0x28, 0x28, 0x28, 0x28, 0x28, 0x28, 0x28, 0x28, 0x28, 0x28, 0x28, 0x28, 0x9e, 0x8f, 0x8f, 0x8f, 0x78, 0x00, 0x00, 0x00, 0x00, 0x00, 0x00, 0x00, 0x00, 0x00, 0x00, 0x00, 0x00, 0x00, 0x00, 0x18, 0x28, 0x28, 0x28, 0x28, 0x28, 0x28, 0x28, 0x28, 0x28, 0x28, 0x28, 0x28, 0x28, 0x0b, 0x00, 0xcb, 0x28, 0x28, 0x28, 0x28, 0x28, 0x28, 0x28, 0x28, 0x28, 0x28, 0x28, 0x28, 0x28, 0x26, 0x00, 0x00, 0x00, 0x00, 0x00, 0x00, 0x00, 0x00, 0x00, 0x00, 0x00, 0x00, 0x00, 0xcf, 0x19, 0x00, 0x00, 0x00, 0x00, 0x00, 0x00, 0x00, 0x2a, 0x28, 0x0c, 0x00, 0xf9, 0x25, 0x00, 0x00, 0x00, 0x07, 0xf3, 0xcf, 0xd4, 0xd3, 0xd3, 0xd3, 0xd3, 0xd3, 0xd3, 0xd3, 0xd3, 0xd3, 0xd3, 0xd3, 0xd3, 0xd3, 0xd3, 0xd3, 0xd3, 0xd3, 0xd3, 0xd3, 0xd3, 0xd3, 0xd3, 0xd3, 0xd3, 0xd5, 0x24, 0xcc, 0xca, 0xd3, 0xd3, 0xd3, 0xd3, 0xd3, 0xd3, 0xd3, 0xd3, 0xd3, 0xd3, 0xd3, 0xd3, 0xd3, 0xd3, 0xd5, 0x28, 0x1b, 0xd3, 0xd3, 0xd3, 0xf3, 0x28, 0xb8, 0x28, 0x28, 0x28, 0x28, 0x28, 0x28, 0xc9, 0x28, 0x28, 0x28, 0x28, 0x28, 0x28, 0x28, 0x28, 0x28, 0x28, 0x28, 0x28, 0x28, 0x28, 0x28, 0xbd, 0x8f, 0x8e, 0x8e, 0x8e, 0xc5, 0x28, 0x28, 0x28, 0x28, 0x28, 0x28, 0x28, 0x28, 0x28, 0x28, 0x28, 0x28, 0x28, 0x28, 0x28, 0x28, 0x28, 0x28, 0x28, 0x28, 0x28, 0x28, 0x28, 0x28, 0x28, 0x28, 0x28, 0x28, 0x28, 0x28, 0x28, 0x28, 0x91, 0x8f, 0x8e, 0x8e, 0xc5, 0x28, 0x28, 0x28, 0x28, 0x28, 0x28, 0x28, 0x28, 0x28, 0x28, 0x28, 0x28, 0x28, 0x28, 0x28, 0x28, 0x28, 0x28, 0x28, 0x28, 0x28, 0x28, 0x28, 0x28, 0x28, 0x28, 0x28, 0x28, 0x28, 0x28, 0x28, 0x28, 0x28, 0x28, 0x28, 0x28, 0x28, 0x28, 0x28, 0x28, 0x28, 0x28, 0x28, 0x28, 0x28, 0x28, 0x28, 0x28, 0x28, 0x28, 0x28, 0x28, 0x28, 0x28, 0x28, 0x28, 0x28, 0x28, 0x28, 0x28, 0x28, 0x28, 0x28, 0x28, 0x28, 0x28, 0x28, 0x28, 0x28, 0x28, 0x28, 0x28, 0x28, 0x28, 0x28, 0x28, 0x28, 0x28, 0x28, 0x28, 0x28, 0x28, 0x28, 0x28, 0x28, 0x28, 0x28, 0x28, 0x28, 0x28, 0x28, 0x28, 0x28, 0x28, 0x28, 0x28, 0x28, 0x28, 0x28, 0x28, 0x28, 0x28, 0x28, 0x28, 0xc9, 0x28, 0xc9, 0x28, 0xd0, 0x28, 0x28, 0xd0, 0x28, 0xd0, 0x28, 0xc9, 0x28, 0x28, 0xc9, 0x28, 0xd0, 0x28, 0xc9, 0x28, 0xd0, 0x28, 0xc9, 0x28, 0xd0, 0x28, 0xc9, 0x28, 0xd0, 0x28, 0xc9, 0x28, 0xc9, 0x28, 0xc9, 0x28, 0xc9, 0x28, 0xc9, 0x28, 0xd0, 0x28, 0xd0, 0x28, 0x28, 0xd0, 0x28, 0xc9, 0x28, 0xd0, 0x28, 0xd0, 0x28, 0x28, 0xd0, 0x28, 0x28, 0x28, 0x28, 0xd0, 0x28, 0xc9, 0x28, 0xc9, 0x28, 0xd0, 0x28, 0xd0, 0x28, 0x1f, 0x7a, 0x30, 0x30, 0x7a, 0xfd, 0xfd, 0x2e, 0xd3, 0x2e, 0xd3, 0x2e, 0x2e, 0xfd, 0xfd, 0xfd, 0xfd, 0xfd, 0x2e, 0xfd, 0x2d, 0xfd, 0x2e, 0x0d, 0x2e, 0x2e, 0xfd, 0xfd, 0xfd, 0xfd, 0x2b, 0x2a, 0x2b, 0x2b, 0x2b, 0x28, 0x28, 0x28, 0x28, 0x28, 0x28, 0x28, 0x28, 0x28, 0x28, 0x28, 0x28, 0x28, 0x28, 0x28, 0x28, 0x28, 0x28, 0x28, 0x28, 0x28, 0x28, 0x28, 0x28, 0x28, 0x28, 0x28, 0x28, 
  0x28, 0x28, 0x28, 0x28, 0x28, 0x28, 0xba, 0x8e, 0x8f, 0x8e, 0xb4, 0x28, 0x28, 0x28, 0x28, 0x28, 0x28, 0x28, 0x28, 0x28, 0x28, 0x28, 0x28, 0x28, 0x28, 0x18, 0xf4, 0x26, 0xd0, 0x28, 0x28, 0x28, 0x28, 0x28, 0x28, 0x28, 0x28, 0x28, 0x28, 0x28, 0x28, 0x28, 0x28, 0xbb, 0x8e, 0x8e, 0x8f, 0x80, 0x00, 0x00, 0x00, 0x00, 0x00, 0x00, 0x00, 0x00, 0x00, 0x00, 0x00, 0x00, 0x00, 0x03, 0x28, 0x28, 0x28, 0x28, 0x28, 0x28, 0x28, 0x28, 0x28, 0x28, 0x28, 0x28, 0x28, 0x28, 0x28, 0x06, 0xfd, 0x28, 0x28, 0x28, 0x28, 0x28, 0x28, 0x28, 0x28, 0x28, 0x28, 0x28, 0x28, 0x28, 0xed, 0x00, 0x00, 0x00, 0x00, 0x00, 0x00, 0x00, 0x00, 0x00, 0x00, 0x00, 0x00, 0x00, 0x00, 0x21, 0x0a, 0x00, 0x00, 0x00, 0x00, 0x00, 0x06, 0x28, 0x25, 0x00, 0x31, 0x28, 0x0a, 0x00, 0x00, 0x09, 0x28, 0xcc, 0xd3, 0xd3, 0xd3, 0xd3, 0xd3, 0xd3, 0xd3, 0xd3, 0xd3, 0xd3, 0xd3, 0xd3, 0xd3, 0xd3, 0xd3, 0xd3, 0xd3, 0xd3, 0xd3, 0xd3, 0xd3, 0xd3, 0xd3, 0xd3, 0xd3, 0xd3, 0xcf, 0x1f, 0xca, 0xd3, 0xd3, 0xd3, 0xd3, 0xd3, 0xd3, 0xd3, 0xd3, 0xd3, 0xd3, 0xd3, 0xd3, 0xd3, 0xd3, 0xd3, 0xf5, 0xd0, 0xd4, 0xd3, 0xd3, 0xd3, 0xf3, 0x28, 0x28, 0x28, 0x28, 0x28, 0x28, 0x28, 0x28, 0x28, 0x28, 0x28, 0x28, 0x28, 0x28, 0x28, 0x28, 0x28, 0x28, 0x28, 0x28, 0x28, 0x28, 0x28, 0x28, 0xb8, 0x8e, 0x8f, 0x8e, 0x94, 0x28, 0x28, 0x28, 0x28, 0x28, 0x28, 0x28, 0x28, 0x28, 0x28, 0x28, 0x28, 0x28, 0x28, 0x28, 0xd0, 0xeb, 0xf2, 0x28, 0x28, 0x28, 0x28, 0x28, 0x28, 0x28, 0x28, 0x28, 0x28, 0x28, 0x28, 0x28, 0x28, 0x28, 0x90, 0x8e, 0x8f, 0x94, 0x28, 0x28, 0x28, 0x28, 0x28, 0x28, 0x28, 0x28, 0x28, 0x28, 0x28, 0x28, 0x28, 0x28, 0x28, 0x28, 0x28, 0x28, 0x28, 0x28, 0x28, 0x28, 0x28, 0x28, 0x28, 0x28, 0x28, 0x28, 0x28, 0x28, 0x28, 0x28, 0x28, 0x28, 0x28, 0x28, 0x28, 0x28, 0xad, 0x97, 0xb1, 0x28, 0x28, 0x28, 0x28, 0x28, 0x28, 0x28, 0x28, 0x28, 0x28, 0x28, 0x28, 0x28, 0x28, 0x28, 0x28, 0x28, 0x28, 0x28, 0x28, 0x28, 0x28, 0x28, 0x28, 0x28, 0x28, 0x28, 0x28, 0x28, 0x28, 0x28, 0x28, 0x28, 0x28, 0x28, 0x28, 0x28, 0x28, 0x28, 0x28, 0x28, 0x28, 0x28, 0x28, 0x28, 0x28, 0x28, 0x28, 0x28, 0x28, 0x28, 0x28, 0x28, 0x28, 0x28, 0x28, 0x28, 0x28, 0x28, 0x28, 0x28, 0x28, 0x28, 0xd0, 0x28, 0xd0, 0xb2, 0x97, 0x97, 0xbc, 0xd0, 0x28, 0xc9, 0x28, 0xc9, 0x28, 0x28, 0xc9, 0x28, 0xd0, 0x28, 0xd0, 0x28, 0xd0, 0x28, 0x28, 0xd0, 0x28, 0xd0, 0x28, 0xd0, 0x28, 0xc9, 0x28, 0xd0, 0x28, 0xd0, 0x28, 0xd0, 0x28, 0xd0, 0x28, 0xd0, 0x28, 0xc9, 0x28, 0xc9, 0x28, 0xd0, 0x28, 0xc9, 0x28, 0xd0, 0x28, 0xc9, 0x28, 0xd0, 0x28, 0xc9, 0x28, 0x28, 0x28, 0x28, 0x28, 0xc9, 0x28, 0xd0, 0x28, 0xd0, 0x28, 0xd0, 0x28, 0x10, 0x31, 0xca, 0x31, 0x30, 0x30, 0x2e, 0xfd, 0x2e, 0x2e, 0x2e, 0x2e, 0xfd, 0xfd, 0xfd, 0x0d, 0x2e, 0xfd, 0xfd, 0xfd, 0xfd, 0xfd, 0x2e, 0x2e, 0xfd, 0xfd, 0x2e, 0xfd, 0xfd, 0x0d, 0xfd, 0xff, 0x2a, 0x2a, 0x0d, 0x2a, 0x28, 0x28, 0x28, 0x28, 0x28, 0x28, 0x28, 0x28, 0x28, 0x28, 0x28, 0x28, 0x28, 0x28, 0x28, 0x28, 0x28, 0x28, 0x28, 0x28, 0x28, 0x28, 0x28, 0x28, 0x28, 0x28, 0x28, 0x28, 
  0x28, 0x28, 0x28, 0x28, 0x28, 0x28, 0xbb, 0x8e, 0x8f, 0x8e, 0x97, 0x28, 0x28, 0x28, 0x28, 0x28, 0x28, 0x28, 0x28, 0x28, 0x28, 0x28, 0x28, 0x28, 0xf4, 0x00, 0x00, 0x00, 0x02, 0x03, 0xf3, 0xd0, 0x28, 0x28, 0x28, 0x28, 0x28, 0x28, 0x28, 0x28, 0x28, 0x28, 0x28, 0x28, 0x8f, 0x8f, 0x8e, 0x8e, 0x00, 0x00, 0x00, 0x00, 0x00, 0x00, 0x00, 0x00, 0x00, 0x00, 0x00, 0x00, 0x00, 0xe5, 0x28, 0x28, 0x28, 0x28, 0x28, 0x28, 0x28, 0x28, 0x28, 0x28, 0x28, 0x28, 0x28, 0x28, 0x28, 0x54, 0x0c, 0x28, 0x28, 0x28, 0x28, 0x28, 0x28, 0x28, 0x28, 0x28, 0x28, 0x28, 0x28, 0x28, 0xff, 0x00, 0x00, 0x00, 0x00, 0x00, 0x00, 0x00, 0x00, 0x00, 0x00, 0x00, 0x00, 0x00, 0x00, 0x01, 0xd0, 0x25, 0x12, 0x04, 0x04, 0x0f, 0x26, 0x28, 0x02, 0x00, 0x21, 0x28, 0x00, 0x00, 0x00, 0xf5, 0x18, 0xd4, 0xd3, 0xd3, 0xd3, 0xd3, 0xd3, 0xd3, 0xd3, 0xd3, 0xd3, 0xd3, 0xd3, 0xd3, 0xd3, 0xd3, 0xd3, 0xd3, 0xd3, 0xd3, 0xd3, 0xd3, 0xd3, 0xd3, 0xd3, 0xd3, 0xd3, 0xcf, 0x28, 0xd8, 0xd3, 0xd3, 0xd3, 0xd3, 0xd3, 0xd3, 0xd3, 0xd3, 0xd3, 0xd3, 0xd3, 0xd3, 0xd3, 0xd3, 0xd3, 0xd3, 0xcd, 0xcb, 0xd3, 0xd3, 0xd3, 0xd3, 0xe4, 0x28, 0x28, 0x28, 0x28, 0x28, 0x28, 0x28, 0x28, 0x28, 0x28, 0x28, 0x28, 0x28, 0x28, 0x28, 0x28, 0x28, 0x28, 0x28, 0x28, 0x28, 0x28, 0x28, 0x28, 0xa5, 0x8f, 0x8e, 0x8e, 0xbe, 0x28, 0x28, 0x28, 0x28, 0x28, 0x28, 0x28, 0x28, 0x28, 0x28, 0x28, 0x28, 0xeb, 0x09, 0x02, 0x01, 0x00, 0x00, 0x0c, 0x28, 0x28, 0x28, 0x28, 0x28, 0x28, 0x28, 0x28, 0x28, 0x28, 0x28, 0x28, 0x28, 0xbb, 0x8e, 0x8f, 0x8e, 0xae, 0x28, 0x28, 0x28, 0x28, 0x28, 0x28, 0x28, 0x28, 0x28, 0x28, 0x28, 0x28, 0x28, 0x28, 0x28, 0x28, 0x28, 0x28, 0x28, 0x28, 0x28, 0x28, 0x28, 0x28, 0x28, 0x28, 0x28, 0x28, 0x28, 0x28, 0x28, 0x28, 0x28, 0x28, 0x28, 0x28, 0x28, 0x28, 0xa0, 0x8e, 0xaa, 0x28, 0x28, 0x28, 0x28, 0x28, 0x28, 0x28, 0x28, 0x28, 0x28, 0x28, 0x28, 0x28, 0x28, 0x28, 0x28, 0x28, 0x28, 0x28, 0x28, 0x28, 0x28, 0x28, 0x28, 0x28, 0x28, 0x28, 0x28, 0x28, 0x28, 0x28, 0x28, 0x28, 0x28, 0x28, 0x28, 0x28, 0x28, 0x28, 0x28, 0x28, 0x28, 0x28, 0x28, 0x28, 0x28, 0x28, 0x28, 0x28, 0x28, 0x28, 0x28, 0x28, 0x28, 0x28, 0x28, 0x28, 0x28, 0x28, 0x28, 0x28, 0x28, 0x28, 0x28, 0x28, 0xc9, 0x90, 0x8e, 0x8f, 0xa3, 0x28, 0xd0, 0x28, 0xd0, 0x28, 0xc9, 0x28, 0xd0, 0x28, 0xd0, 0x28, 0xc9, 0x28, 0xc9, 0x28, 0xc9, 0x28, 0xc9, 0x28, 0xc9, 0x28, 0xd0, 0x28, 0xc9, 0x28, 0xc9, 0x28, 0xd0, 0x28, 0xd0, 0x28, 0xc9, 0x28, 0xd0, 0x28, 0xd0, 0x28, 0xc9, 0x28, 0xd0, 0x28, 0x28, 0x28, 0xd0, 0x28, 0xc9, 0x28, 0xd0, 0x28, 0x28, 0x28, 0x28, 0x28, 0xc9, 0x28, 0xc9, 0x28, 0xd0, 0x28, 0xc9, 0x28, 0x32, 0x7d, 0x7a, 0x7a, 0x7a, 0x30, 0x31, 0xfd, 0x2e, 0xfd, 0x2e, 0x2e, 0xfd, 0xfd, 0xfd, 0xfd, 0xfd, 0xfd, 0xfd, 0xfd, 0xfd, 0xfd, 0x2e, 0x2e, 0x2e, 0xfd, 0xfd, 0xfd, 0xfd, 0xfd, 0xfd, 0xfd, 0x2a, 0x2a, 0x2a, 0x2a, 0x2a, 0x28, 0x28, 0x28, 0x28, 0x28, 0x28, 0x28, 0x28, 0x28, 0x28, 0x28, 0x28, 0x28, 0x28, 0x28, 0x28, 0x28, 0x28, 0x28, 0x28, 0x28, 0x28, 0x28, 0x28, 0x28, 0x28, 0x28, 0x28, 
  0x28, 0x28, 0x28, 0x28, 0x28, 0x28, 0xc4, 0x8e, 0x8f, 0x8e, 0x8e, 0xc4, 0x28, 0x28, 0x28, 0x28, 0x28, 0x28, 0x28, 0x28, 0x28, 0x28, 0x28, 0xea, 0x02, 0x00, 0x00, 0x00, 0x00, 0x00, 0x00, 0x00, 0x04, 0xf0, 0x28, 0x28, 0x28, 0x28, 0x28, 0x28, 0x28, 0x28, 0x28, 0x28, 0x9c, 0x8e, 0x8e, 0x8e, 0x76, 0x00, 0x00, 0x00, 0x00, 0x00, 0x00, 0x00, 0x00, 0x00, 0x00, 0x00, 0x03, 0x28, 0x28, 0x28, 0x28, 0x28, 0x28, 0x28, 0x28, 0x28, 0x28, 0x28, 0x28, 0x28, 0x28, 0x28, 0x28, 0x28, 0x26, 0x28, 0x28, 0x28, 0x28, 0x28, 0x28, 0x28, 0x28, 0x28, 0x28, 0x28, 0x28, 0x25, 0x00, 0x00, 0x00, 0x00, 0x00, 0x00, 0x00, 0x00, 0x00, 0x00, 0x00, 0x00, 0x00, 0x00, 0x00, 0x00, 0x0b, 0xcc, 0x28, 0x28, 0xd0, 0x28, 0xcc, 0x0b, 0x00, 0x32, 0x28, 0x33, 0x00, 0x00, 0x03, 0x24, 0xd1, 0xd3, 0xd3, 0xd3, 0xd3, 0xd3, 0xd3, 0xd3, 0xd3, 0xd3, 0xd3, 0xd3, 0xd3, 0xd3, 0xd3, 0xd3, 0xd3, 0xd3, 0xd3, 0xd3, 0xd3, 0xd3, 0xd3, 0xd3, 0xd3, 0xca, 0xee, 0x28, 0xe0, 0xd3, 0xd3, 0xd3, 0xd3, 0xd3, 0xd3, 0xd3, 0xd3, 0xd3, 0xd3, 0xd3, 0xd3, 0xd3, 0xd3, 0xd3, 0xd3, 0xdd, 0x28, 0xfa, 0xd3, 0xd3, 0xd3, 0xd3, 0xe3, 0x28, 0xaf, 0xb1, 0xbd, 0xc9, 0x28, 0x28, 0x28, 0x28, 0x28, 0x28, 0x28, 0x28, 0x28, 0x28, 0x28, 0x28, 0x28, 0x28, 0x28, 0x28, 0x28, 0x28, 0xc5, 0x8f, 0x8e, 0x8f, 0x8f, 0xc8, 0x28, 0x28, 0x28, 0x28, 0x28, 0x28, 0x28, 0x28, 0x28, 0x28, 0x07, 0x01, 0x00, 0x00, 0x00, 0x00, 0x00, 0x00, 0x00, 0x10, 0x28, 0x28, 0x28, 0x28, 0x28, 0x28, 0x28, 0x28, 0x28, 0x28, 0x28, 0x28, 0x9e, 0x8e, 0x8e, 0x8e, 0xb1, 0x28, 0x28, 0x28, 0x28, 0x28, 0x28, 0x28, 0x28, 0x28, 0x28, 0x28, 0x28, 0x28, 0x28, 0x28, 0x28, 0x28, 0x28, 0x28, 0x28, 0x28, 0x28, 0x28, 0x28, 0x28, 0x28, 0x28, 0x28, 0x28, 0x28, 0x28, 0x28, 0x28, 0x28, 0x28, 0x28, 0x28, 0x28, 0xa0, 0x8e, 0xaa, 0x28, 0x28, 0x28, 0x28, 0x28, 0x28, 0x28, 0x28, 0x28, 0x28, 0x28, 0x28, 0x28, 0x28, 0x28, 0x28, 0x28, 0x28, 0x28, 0x28, 0x28, 0x28, 0x28, 0x28, 0x28, 0x28, 0x28, 0x28, 0x28, 0x28, 0x28, 0x28, 0x28, 0x28, 0x28, 0x28, 0x28, 0x28, 0x28, 0x28, 0x28, 0x28, 0x28, 0x28, 0x28, 0x28, 0x28, 0x28, 0x28, 0x28, 0x28, 0x28, 0x28, 0x28, 0x28, 0x28, 0x28, 0x28, 0x28, 0x28, 0x28, 0x28, 0x28, 0xc9, 0x28, 0xbc, 0x8e, 0x8f, 0x8e, 0x8f, 0xc5, 0x28, 0xc9, 0x28, 0xc9, 0x28, 0xd0, 0x28, 0xc9, 0x28, 0xd0, 0x28, 0xd0, 0x28, 0xd0, 0x28, 0xd0, 0x28, 0xd0, 0x28, 0xd0, 0x28, 0x28, 0x28, 0x28, 0xd0, 0x28, 0xc9, 0x28, 0xc9, 0x28, 0xd0, 0x28, 0xc9, 0x28, 0xc9, 0x28, 0xd0, 0x28, 0xc9, 0x28, 0x28, 0xc9, 0x28, 0xc9, 0x28, 0x28, 0x28, 0xc9, 0x28, 0x28, 0x28, 0xc9, 0x28, 0xd0, 0x28, 0xd0, 0x28, 0xc9, 0x28, 0x7a, 0x31, 0x31, 0x31, 0x7a, 0x7a, 0x30, 0x7a, 0x2e, 0xfd, 0x2e, 0x2e, 0xfd, 0x2e, 0xfd, 0x2e, 0x2e, 0x2e, 0xfd, 0x2e, 0xfd, 0xfd, 0xfd, 0xfd, 0x2e, 0xfd, 0x2e, 0xfd, 0x0d, 0x0d, 0xfd, 0x0d, 0xfd, 0x2a, 0x2a, 0x2b, 0x2b, 0x2a, 0x28, 0x28, 0x28, 0x28, 0x28, 0x28, 0x28, 0x28, 0x28, 0x28, 0x28, 0x28, 0x28, 0x28, 0x28, 0x28, 0x28, 0x28, 0x28, 0x28, 0x28, 0x28, 0x28, 0x28, 0x28, 0x28, 0x28, 0x28, 
  0x28, 0x28, 0x28, 0x28, 0x28, 0x28, 0xc9, 0x8e, 0x8f, 0x8e, 0x8f, 0xbc, 0x28, 0x28, 0x28, 0x28, 0x28, 0x28, 0x28, 0x28, 0x28, 0x28, 0xd1, 0x03, 0x00, 0x00, 0x00, 0x00, 0x00, 0x00, 0x00, 0x00, 0x00, 0xec, 0x28, 0x28, 0x28, 0x28, 0x28, 0x28, 0x28, 0x28, 0x28, 0x28, 0xb1, 0x8e, 0x8f, 0x8e, 0x80, 0x00, 0x00, 0x00, 0x00, 0x00, 0x00, 0x00, 0x00, 0x00, 0x00, 0x00, 0x0a, 0x28, 0x28, 0x28, 0x28, 0x28, 0x28, 0x28, 0x28, 0x28, 0x28, 0x28, 0x28, 0x28, 0x28, 0x28, 0x28, 0x28, 0x28, 0x28, 0x28, 0x28, 0x28, 0x28, 0x28, 0x28, 0x28, 0x28, 0x28, 0x28, 0x28, 0xf9, 0x00, 0x00, 0x00, 0x00, 0x00, 0x00, 0x00, 0x00, 0x00, 0x00, 0x00, 0x00, 0x00, 0x00, 0x00, 0x00, 0x00, 0x00, 0x0a, 0xf2, 0xe5, 0x34, 0x01, 0x00, 0x00, 0x28, 0xce, 0x01, 0x00, 0x00, 0xe8, 0x28, 0xd1, 0xd3, 0xd3, 0xd3, 0xd3, 0xd3, 0xd3, 0xd3, 0xd3, 0xd3, 0xd3, 0xd3, 0xd3, 0xd3, 0xd3, 0xd3, 0xd3, 0xd3, 0xd3, 0xd3, 0xd3, 0xd3, 0xd3, 0xd3, 0xd3, 0xe6, 0x28, 0x12, 0xd3, 0xd3, 0xd3, 0xd3, 0xd3, 0xd3, 0xd3, 0xd3, 0xd3, 0xd3, 0xd3, 0xd3, 0xd3, 0xd3, 0xd3, 0xd3, 0xd3, 0x1f, 0x27, 0xd4, 0xd3, 0xd3, 0xd3, 0xd3, 0xf2, 0x28, 0x90, 0x8e, 0x8e, 0x8f, 0x91, 0x9c, 0xa6, 0xb7, 0xc4, 0x28, 0x28, 0x28, 0x28, 0x28, 0x28, 0x28, 0x28, 0x28, 0x28, 0x28, 0x28, 0x28, 0xb8, 0x8e, 0x8f, 0x8f, 0x91, 0x28, 0x28, 0x28, 0x28, 0x28, 0x28, 0x28, 0x28, 0x28, 0x28, 0xd0, 0x01, 0x00, 0x00, 0x00, 0x00, 0x00, 0x00, 0x00, 0x00, 0x01, 0x14, 0x28, 0x28, 0x28, 0x28, 0x28, 0x28, 0x28, 0x28, 0x28, 0x28, 0xc9, 0x90, 0x8e, 0x8f, 0x8e, 0xbb, 0x28, 0x28, 0x28, 0x28, 0x28, 0x28, 0x28, 0x28, 0x28, 0x28, 0x28, 0x28, 0x28, 0x28, 0x28, 0x28, 0x28, 0x28, 0x28, 0x28, 0x28, 0x28, 0x28, 0x28, 0x28, 0x28, 0x28, 0x28, 0x28, 0x28, 0x28, 0x28, 0x28, 0x28, 0x28, 0x28, 0x28, 0x28, 0xa0, 0x8e, 0xaa, 0x28, 0x28, 0x28, 0x28, 0x28, 0x28, 0x28, 0x28, 0x28, 0x28, 0x28, 0x28, 0x28, 0x28, 0x28, 0x28, 0x28, 0x28, 0x28, 0x28, 0x28, 0x28, 0x28, 0x28, 0x28, 0x28, 0x28, 0x28, 0x28, 0x28, 0x28, 0x28, 0x28, 0x28, 0x28, 0x28, 0x28, 0x28, 0x28, 0x28, 0x28, 0x28, 0x28, 0x28, 0x28, 0x28, 0x28, 0x28, 0x28, 0x28, 0x28, 0x28, 0x28, 0x28, 0x28, 0x28, 0x28, 0x28, 0x28, 0x28, 0x28, 0x28, 0x28, 0xd0, 0x28, 0xa6, 0x8e, 0x91, 0x8f, 0x8e, 0xb6, 0xd0, 0x28, 0xc9, 0x28, 0xc9, 0x28, 0xd0, 0x28, 0xd0, 0x28, 0xd0, 0x28, 0xd0, 0x28, 0xc9, 0x28, 0xc9, 0x28, 0xc9, 0x28, 0xc9, 0x28, 0x28, 0x28, 0x28, 0x28, 0xd0, 0x28, 0xd0, 0x28, 0xc9, 0x28, 0xd0, 0x28, 0xd0, 0x28, 0xc9, 0x28, 0xd0, 0x28, 0x28, 0x28, 0xd0, 0x28, 0xd0, 0x28, 0xc9, 0x28, 0x28, 0x28, 0x28, 0x28, 0xc9, 0x28, 0xc9, 0x28, 0xd0, 0x28, 0x31, 0x7d, 0x31, 0x31, 0x31, 0x7a, 0x7a, 0x30, 0x7a, 0xfd, 0x2e, 0x2e, 0x2e, 0xfd, 0x2e, 0xfd, 0x2f, 0x2e, 0x2e, 0x2e, 0x2e, 0xfd, 0xfd, 0xfd, 0xfd, 0xfd, 0xfd, 0xfd, 0xfd, 0x0d, 0xfd, 0xfd, 0xfd, 0xfd, 0xff, 0x2a, 0x2a, 0x0d, 0x2b, 0x28, 0x28, 0x28, 0x28, 0x28, 0x28, 0x28, 0x28, 0x28, 0x28, 0x28, 0x28, 0x28, 0x28, 0x28, 0x28, 0x28, 0x28, 0x28, 0x28, 0x28, 0x28, 0x28, 0x28, 0x28, 0x28, 0x28, 0x28, 
  0x28, 0x28, 0x28, 0x28, 0x28, 0x28, 0x28, 0xa3, 0x8e, 0x8e, 0x8e, 0xbb, 0x28, 0x28, 0x28, 0x28, 0x28, 0x28, 0x28, 0x28, 0x28, 0x24, 0x03, 0x00, 0x00, 0x00, 0xdb, 0x1b, 0xf2, 0x07, 0x00, 0x00, 0x00, 0x32, 0x28, 0x28, 0x28, 0x28, 0x28, 0x28, 0x28, 0x28, 0x28, 0x28, 0xc1, 0x8e, 0x8e, 0x8e, 0x8d, 0x00, 0x00, 0x00, 0x00, 0x00, 0x00, 0x00, 0x00, 0x00, 0x00, 0x00, 0x34, 0x28, 0x28, 0x28, 0x28, 0x28, 0x28, 0x28, 0x28, 0x28, 0x28, 0x28, 0x28, 0x28, 0x28, 0x28, 0x28, 0x28, 0x28, 0x28, 0x28, 0x28, 0x28, 0x28, 0x28, 0x28, 0x28, 0x28, 0x28, 0x28, 0x28, 0x0a, 0x00, 0x00, 0x00, 0x00, 0x00, 0x00, 0x00, 0x00, 0x00, 0x00, 0x00, 0x00, 0x00, 0x00, 0x00, 0x00, 0x00, 0x00, 0x00, 0x00, 0x00, 0x00, 0x00, 0x00, 0x02, 0x28, 0xe1, 0x00, 0x00, 0x11, 0x28, 0x28, 0xd1, 0xd3, 0xd3, 0xd3, 0xd3, 0xd3, 0xd3, 0xd3, 0xd3, 0xd3, 0xd3, 0xd3, 0xd3, 0xd3, 0xd3, 0xd3, 0xd3, 0xd3, 0xd3, 0xd3, 0xd3, 0xd3, 0xd3, 0xd3, 0xe1, 0x28, 0xfb, 0xd3, 0xd3, 0xd3, 0xd3, 0xd3, 0xd3, 0xd3, 0xd3, 0xd3, 0xd3, 0xd3, 0xd3, 0xd3, 0xd3, 0xd3, 0xd3, 0xd3, 0xd5, 0x28, 0x1f, 0xd3, 0xd3, 0xd3, 0xd3, 0xd3, 0xf2, 0x28, 0x90, 0x8e, 0x8f, 0x8e, 0x8e, 0x8e, 0x90, 0xbb, 0xc9, 0x28, 0x28, 0x28, 0x28, 0x28, 0x28, 0x28, 0x28, 0x28, 0x28, 0x28, 0x28, 0x28, 0xad, 0x8e, 0x8e, 0x8f, 0xaf, 0x28, 0x28, 0x28, 0x28, 0x28, 0x28, 0x28, 0x28, 0x28, 0x28, 0xd1, 0x00, 0x00, 0x00, 0x03, 0x0f, 0xed, 0xe8, 0x00, 0x00, 0x00, 0x00, 0xd1, 0x28, 0x28, 0x28, 0x28, 0x28, 0x28, 0x28, 0x28, 0x28, 0xc9, 0x8e, 0x8e, 0x8e, 0x8f, 0xc7, 0x28, 0x28, 0x28, 0x28, 0x28, 0x28, 0x28, 0x28, 0x28, 0x28, 0x28, 0x28, 0x28, 0x28, 0x28, 0x28, 0x28, 0x28, 0x28, 0x28, 0x28, 0x28, 0x28, 0x28, 0x28, 0x28, 0x28, 0x28, 0x28, 0x28, 0x28, 0x28, 0x28, 0x28, 0x28, 0x28, 0x28, 0x28, 0xa0, 0x8e, 0xaa, 0x28, 0x28, 0x28, 0x28, 0x28, 0x28, 0x28, 0xc2, 0xb8, 0xbc, 0x28, 0x28, 0x28, 0x28, 0x28, 0xc1, 0xb8, 0xbd, 0x28, 0x28, 0x28, 0x28, 0x28, 0xbd, 0xb1, 0xaa, 0xb1, 0xbf, 0x28, 0x28, 0x28, 0x28, 0x28, 0x28, 0x28, 0xbb, 0xb1, 0xa9, 0xb2, 0xbe, 0x28, 0xc1, 0xb8, 0xbd, 0x28, 0x28, 0x28, 0xc9, 0xb7, 0xac, 0xac, 0xba, 0xc6, 0x28, 0x28, 0x28, 0x28, 0x28, 0x28, 0x28, 0x28, 0x28, 0x28, 0x28, 0xc7, 0x8e, 0x8f, 0xb2, 0xa5, 0x8e, 0x97, 0x28, 0xd0, 0x28, 0xd0, 0x28, 0xd0, 0x28, 0xd0, 0x28, 0xd0, 0x28, 0xd0, 0x28, 0xc9, 0x28, 0xd0, 0x28, 0xd0, 0x28, 0xd0, 0x28, 0x28, 0xc9, 0x28, 0x28, 0x28, 0x28, 0xd0, 0x28, 0xd0, 0x28, 0xd0, 0x28, 0xd0, 0x28, 0xc9, 0x28, 0xd0, 0x28, 0xc9, 0x28, 0xc9, 0x28, 0xc9, 0x28, 0xc9, 0x28, 0xc9, 0x28, 0x28, 0x28, 0xc9, 0x28, 0xd0, 0x28, 0xd0, 0x28, 0x31, 0x7d, 0x31, 0x31, 0x31, 0x30, 0x7a, 0x7a, 0x7a, 0x30, 0x2e, 0xfd, 0x2e, 0x2e, 0x2e, 0xfd, 0x2e, 0x2e, 0x2e, 0x2e, 0x2e, 0xfd, 0xfd, 0xfd, 0xfd, 0xfd, 0xfd, 0x2e, 0xfd, 0x2e, 0x2e, 0xfd, 0x0d, 0x2e, 0xfd, 0x2a, 0x2a, 0x2b, 0x2c, 0x0d, 0x28, 0x28, 0x28, 0x28, 0x28, 0x28, 0x28, 0x28, 0x28, 0x28, 0x28, 0x28, 0x28, 0x28, 0x28, 0x28, 0x28, 0x28, 0x28, 0x28, 0x28, 0x28, 0x28, 0x28, 0x28, 0x28, 0x28, 0x28, 
  0x28, 0x28, 0x28, 0x28, 0x28, 0x28, 0x28, 0xc2, 0x8f, 0x8f, 0x8e, 0xae, 0x28, 0x28, 0x28, 0x28, 0x28, 0x28, 0x28, 0x28, 0x24, 0x02, 0x00, 0x00, 0x00, 0x11, 0x28, 0x28, 0x28, 0x28, 0xf8, 0x00, 0x00, 0x00, 0x22, 0x28, 0x28, 0x28, 0x28, 0x28, 0x28, 0x28, 0x28, 0x28, 0x28, 0x90, 0x8e, 0x8e, 0x8e, 0x78, 0x00, 0x00, 0x00, 0x00, 0x00, 0x00, 0x00, 0x00, 0x00, 0x00, 0xe8, 0x28, 0x28, 0x28, 0x28, 0x28, 0x28, 0x28, 0x28, 0x28, 0x28, 0x28, 0x28, 0x28, 0x28, 0x28, 0x28, 0x28, 0x28, 0x28, 0x28, 0x28, 0x28, 0x28, 0x28, 0x28, 0x28, 0x28, 0x28, 0x28, 0x1d, 0x00, 0x00, 0x00, 0x0a, 0xca, 0x00, 0x00, 0x00, 0x00, 0x00, 0x00, 0x00, 0x00, 0x00, 0x00, 0x00, 0x00, 0x00, 0x00, 0x00, 0x00, 0x01, 0x02, 0x00, 0x00, 0x11, 0x28, 0x02, 0x00, 0xdb, 0x28, 0x28, 0x28, 0xd1, 0xd3, 0xd3, 0xd3, 0xd3, 0xd3, 0xd3, 0xd3, 0xd3, 0xd3, 0xd3, 0xd3, 0xd3, 0xd3, 0xd3, 0xd3, 0xd3, 0xd3, 0xd3, 0xd3, 0xd3, 0xd3, 0xd3, 0xe2, 0x28, 0xef, 0xd3, 0xd3, 0xd3, 0xd3, 0xd3, 0xd3, 0xd3, 0xd3, 0xd3, 0xd3, 0xd3, 0xd3, 0xd3, 0xd3, 0xd3, 0xd3, 0xd3, 0xd3, 0xf3, 0x28, 0xf2, 0xd3, 0xd3, 0xd3, 0xd3, 0xd3, 0xf2, 0xc9, 0x91, 0x8f, 0x8e, 0x8f, 0xa6, 0xbd, 0x28, 0x28, 0x28, 0x28, 0x28, 0x28, 0x28, 0x28, 0x28, 0x28, 0x28, 0x28, 0x28, 0x28, 0x28, 0xc2, 0x8f, 0x8e, 0x8f, 0x8e, 0xc8, 0x28, 0x28, 0x28, 0x28, 0x28, 0x28, 0x28, 0x28, 0x28, 0x28, 0x04, 0x00, 0x00, 0x0d, 0x28, 0x28, 0x28, 0x28, 0x16, 0x01, 0x00, 0x00, 0x00, 0xfc, 0x28, 0x28, 0x28, 0x28, 0x28, 0x28, 0x28, 0x28, 0xc5, 0x8f, 0x8e, 0x8f, 0xa5, 0x28, 0x28, 0x28, 0x28, 0x28, 0x28, 0x28, 0x28, 0x28, 0x28, 0x28, 0x28, 0x28, 0x28, 0x28, 0x28, 0x28, 0x28, 0x28, 0x28, 0x28, 0x28, 0x28, 0x28, 0x28, 0x28, 0x28, 0x28, 0x28, 0x28, 0x28, 0x28, 0x28, 0x28, 0x28, 0x28, 0x28, 0x28, 0x28, 0xa0, 0x8e, 0xaa, 0x28, 0x28, 0x28, 0x28, 0x28, 0x28, 0x28, 0xb6, 0x8e, 0x9c, 0x28, 0x28, 0x28, 0x28, 0x28, 0xaf, 0x8e, 0xa3, 0x28, 0x28, 0x28, 0xc4, 0x9f, 0x8e, 0x8f, 0x8e, 0x8e, 0x8e, 0x90, 0xc0, 0x28, 0x28, 0x28, 0xc4, 0x9e, 0x8e, 0x8e, 0x8e, 0x8e, 0x8e, 0xa5, 0xb1, 0x8e, 0x9f, 0x28, 0x28, 0xc7, 0x91, 0x8e, 0x8f, 0x8e, 0x8f, 0x8f, 0xbe, 0x28, 0x28, 0x28, 0x28, 0x28, 0x28, 0x28, 0x28, 0x28, 0xd0, 0xb7, 0x8f, 0x8e, 0xc5, 0xbb, 0x8f, 0x8e, 0xc0, 0xd0, 0x28, 0xc9, 0x28, 0xc9, 0x28, 0xc9, 0x28, 0xc9, 0x28, 0xc9, 0x28, 0xd0, 0x28, 0xc9, 0x28, 0xc9, 0x28, 0xc9, 0x28, 0xd0, 0x28, 0xc9, 0x28, 0x28, 0xc9, 0x28, 0xd0, 0x28, 0xd0, 0x28, 0xd0, 0x28, 0xd0, 0x28, 0xd0, 0x28, 0xd0, 0x28, 0x28, 0x28, 0xd0, 0x28, 0xd0, 0x28, 0xd0, 0x28, 0x28, 0x28, 0x28, 0xd0, 0x28, 0xc9, 0x28, 0xd0, 0x32, 0x7d, 0x7a, 0x31, 0x31, 0x7a, 0x7a, 0x7a, 0x7a, 0x30, 0x30, 0x2e, 0x2e, 0x2e, 0xfd, 0x2e, 0x2e, 0xfd, 0x2e, 0x2e, 0x2e, 0x2e, 0xfd, 0xfd, 0xfd, 0x2e, 0xfd, 0xfd, 0xfd, 0x2e, 0x2e, 0x2e, 0x2e, 0xfd, 0xfd, 0x0d, 0x2a, 0x2a, 0x2b, 0x0d, 0x2b, 0x28, 0x28, 0x28, 0x28, 0x28, 0x28, 0x28, 0x28, 0x28, 0x28, 0x28, 0x28, 0x28, 0x28, 0x28, 0x28, 0x28, 0x28, 0x28, 0x28, 0x28, 0x28, 0x28, 0x28, 0x28, 0x28, 0x28, 0x28, 
  0x28, 0x28, 0x28, 0x28, 0x28, 0x28, 0x28, 0xc8, 0x8f, 0x8e, 0x8e, 0x94, 0x28, 0x28, 0x28, 0x28, 0x28, 0x28, 0x28, 0x28, 0x25, 0x00, 0x00, 0x00, 0xe3, 0x28, 0x28, 0x28, 0x28, 0x28, 0xf0, 0x01, 0x00, 0x00, 0xd1, 0x28, 0x28, 0x28, 0x28, 0x28, 0x28, 0x28, 0x28, 0x28, 0x28, 0xae, 0x8e, 0x8f, 0x8e, 0x89, 0x00, 0x00, 0x00, 0x00, 0x00, 0x00, 0x00, 0x00, 0x00, 0x00, 0xed, 0x28, 0x1e, 0x25, 0x28, 0x28, 0x28, 0x28, 0x28, 0x28, 0x28, 0x28, 0x28, 0x28, 0x28, 0x28, 0x28, 0x28, 0x28, 0x28, 0x28, 0x28, 0x28, 0x28, 0x28, 0x28, 0x28, 0x28, 0x28, 0x28, 0xf9, 0x00, 0x00, 0x00, 0x23, 0xd0, 0x00, 0x00, 0x00, 0x00, 0x00, 0x00, 0x00, 0x00, 0x00, 0x00, 0x00, 0x00, 0x00, 0x00, 0x00, 0x00, 0x00, 0xe8, 0x0d, 0x00, 0x28, 0x14, 0x00, 0x29, 0x28, 0x28, 0x28, 0x28, 0xd1, 0xd3, 0xd3, 0xd3, 0xd3, 0xd3, 0xd3, 0xd3, 0xd3, 0xd3, 0xd3, 0xd3, 0xd3, 0xd3, 0xd3, 0xd3, 0xd3, 0xd3, 0xd3, 0xd3, 0xd3, 0xd3, 0xdc, 0xd0, 0xcd, 0xd3, 0xd3, 0xd3, 0xd3, 0xd3, 0xd3, 0xd3, 0xd3, 0xd3, 0xd3, 0xd3, 0xd3, 0xd3, 0xd3, 0xd3, 0xd3, 0xd3, 0xd3, 0xd3, 0x21, 0x22, 0xd3, 0xd3, 0xd3, 0xd3, 0xd3, 0xd3, 0xf1, 0xd0, 0x91, 0x8e, 0x8f, 0x9a, 0xae, 0xbd, 0xc9, 0x28, 0x28, 0x28, 0x28, 0x28, 0x28, 0x28, 0x28, 0x28, 0x28, 0x28, 0x28, 0x28, 0x28, 0xa9, 0x8f, 0x8e, 0x8f, 0x91, 0x28, 0x28, 0x28, 0x28, 0x28, 0x28, 0x28, 0x28, 0x28, 0x28, 0x24, 0x00, 0x00, 0x00, 0xf5, 0x28, 0x28, 0x28, 0x28, 0x28, 0x1f, 0x00, 0x00, 0x00, 0xe9, 0x28, 0x28, 0x28, 0x28, 0x28, 0x28, 0x28, 0x28, 0xaf, 0x8e, 0x8e, 0x8e, 0xba, 0x28, 0x28, 0x28, 0x28, 0x28, 0x28, 0x28, 0x28, 0x28, 0x28, 0x28, 0x28, 0x28, 0x28, 0x28, 0x28, 0x28, 0x28, 0x28, 0x28, 0x28, 0x28, 0x28, 0x28, 0x28, 0x28, 0x28, 0x28, 0x28, 0x28, 0x28, 0x28, 0x28, 0x28, 0x28, 0x28, 0x28, 0x28, 0x28, 0xa0, 0x8e, 0xaa, 0x28, 0x28, 0x28, 0x28, 0x28, 0x28, 0x28, 0xb6, 0x8f, 0x9a, 0x28, 0x28, 0x28, 0x28, 0x28, 0xb1, 0x8e, 0xa0, 0x28, 0x28, 0xc7, 0x91, 0x8e, 0x8f, 0x9e, 0xad, 0x9e, 0x8e, 0x8e, 0x90, 0xc2, 0x28, 0xc7, 0x91, 0x8e, 0x8f, 0x9e, 0xae, 0xa6, 0x8f, 0x8f, 0x8e, 0x8e, 0x9f, 0x28, 0x28, 0xae, 0x8e, 0x8f, 0xaa, 0xae, 0x94, 0x8e, 0x8f, 0xc5, 0x28, 0x28, 0x28, 0x28, 0x28, 0x28, 0x28, 0x28, 0x28, 0x9e, 0x8e, 0x9f, 0x28, 0xd0, 0x90, 0x8e, 0xae, 0x28, 0xd0, 0x28, 0xd0, 0x28, 0xd0, 0x28, 0xd0, 0x28, 0xd0, 0x28, 0xd0, 0x28, 0xc9, 0x28, 0xd0, 0x28, 0xd0, 0x28, 0xd0, 0x28, 0xc9, 0x28, 0xd0, 0x28, 0xd0, 0x28, 0xc9, 0x28, 0xc9, 0x28, 0xc9, 0x28, 0xc9, 0x28, 0xc9, 0x28, 0xc9, 0x28, 0xd0, 0x28, 0x28, 0xc9, 0x28, 0xc9, 0x28, 0xc9, 0x28, 0xc9, 0x28, 0xc9, 0x28, 0xd0, 0x28, 0x22, 0x7f, 0x7a, 0x7a, 0x31, 0x31, 0x31, 0x7a, 0x30, 0x30, 0x7a, 0x7a, 0x2e, 0xfd, 0x2e, 0x2e, 0xfd, 0x2e, 0x2e, 0xfd, 0x2e, 0x2e, 0x2e, 0x2e, 0xfd, 0x2e, 0x2f, 0xfd, 0xfd, 0x2e, 0x2e, 0xfd, 0x2f, 0x2e, 0xfd, 0xfd, 0xfd, 0x2a, 0x2a, 0x2b, 0x2b, 0x0d, 0x28, 0x28, 0x28, 0x28, 0x28, 0x28, 0x28, 0x28, 0x28, 0x28, 0x28, 0x28, 0x28, 0x28, 0x28, 0x28, 0x28, 0x28, 0x28, 0x28, 0x28, 0x28, 0x28, 0x28, 0x28, 0x28, 0x28, 0x28, 
  0x28, 0x28, 0x28, 0x28, 0x28, 0x28, 0x28, 0xc9, 0x90, 0x8e, 0x8e, 0x8e, 0xc1, 0x28, 0x28, 0x28, 0x28, 0x28, 0x28, 0x28, 0x28, 0x02, 0x00, 0x00, 0x13, 0x28, 0x28, 0x28, 0x28, 0x28, 0x28, 0x04, 0x00, 0x00, 0x0f, 0x28, 0x28, 0x28, 0x28, 0x28, 0x28, 0x28, 0x28, 0x28, 0x28, 0xc4, 0x90, 0x8e, 0x8e, 0x8e, 0x74, 0x00, 0x00, 0x00, 0x00, 0x00, 0x00, 0x00, 0x00, 0x00, 0x09, 0x0b, 0x04, 0xd0, 0x28, 0x28, 0x28, 0x28, 0x28, 0x28, 0x28, 0x28, 0x28, 0x28, 0x28, 0x28, 0x28, 0x28, 0x28, 0x28, 0x28, 0x28, 0x28, 0x28, 0x28, 0x28, 0x28, 0x28, 0x28, 0x28, 0x7a, 0x00, 0x00, 0x02, 0x28, 0xd0, 0x00, 0x00, 0x00, 0x00, 0x00, 0x00, 0x00, 0x00, 0x00, 0x00, 0x00, 0x00, 0x00, 0x00, 0x00, 0x00, 0x00, 0x0c, 0x27, 0xeb, 0x28, 0x01, 0x09, 0xf0, 0x28, 0x28, 0x28, 0x28, 0xd1, 0xd3, 0xd3, 0xd3, 0xd3, 0xd3, 0xd3, 0xd3, 0xd3, 0xd3, 0xd3, 0xd3, 0xd3, 0xd3, 0xd3, 0xd3, 0xd3, 0xd3, 0xd3, 0xd3, 0xd3, 0xd7, 0x23, 0x21, 0xd7, 0xd3, 0xd3, 0xd3, 0xd3, 0xd3, 0xd3, 0xd3, 0xd3, 0xd3, 0xd3, 0xd3, 0xd3, 0xd3, 0xd3, 0xd3, 0xd3, 0xd3, 0xd3, 0xd5, 0x28, 0xfa, 0xd3, 0xd3, 0xd3, 0xd3, 0xd3, 0xd3, 0xe2, 0x28, 0x91, 0x8f, 0x8e, 0x8e, 0x8e, 0x8e, 0x90, 0xa6, 0xb2, 0xbf, 0xc9, 0x28, 0x28, 0x28, 0x28, 0x28, 0x28, 0x28, 0x28, 0x28, 0xc9, 0x97, 0x8e, 0x8e, 0x8e, 0xaf, 0x28, 0x28, 0x28, 0x28, 0x28, 0x28, 0x28, 0x28, 0x28, 0x28, 0x1d, 0x00, 0x00, 0x00, 0xcd, 0x28, 0x28, 0x28, 0x28, 0x28, 0x1d, 0x00, 0x00, 0x00, 0xee, 0x28, 0x28, 0x28, 0x28, 0x28, 0x28, 0x28, 0x28, 0x94, 0x8e, 0x8f, 0x8e, 0xbc, 0x28, 0x28, 0x28, 0x28, 0x28, 0x28, 0x28, 0x28, 0x28, 0x28, 0x28, 0x28, 0x28, 0x28, 0x28, 0x28, 0x28, 0x28, 0x28, 0x28, 0x28, 0x28, 0x28, 0x28, 0x28, 0x28, 0x28, 0x28, 0x28, 0x28, 0x28, 0x28, 0x28, 0x28, 0x28, 0x28, 0x28, 0x28, 0x28, 0xa0, 0x8e, 0xaa, 0x28, 0x28, 0x28, 0x28, 0x28, 0x28, 0x28, 0xb6, 0x8e, 0x9c, 0x28, 0x28, 0x28, 0x28, 0x28, 0xaf, 0x8e, 0xa3, 0x28, 0x28, 0xac, 0x8e, 0x8e, 0xbb, 0x28, 0x28, 0x28, 0xc4, 0x90, 0x8e, 0xaf, 0x28, 0xac, 0x8f, 0x8e, 0xbb, 0x28, 0x28, 0x28, 0xc6, 0x9e, 0x8f, 0x8e, 0x9f, 0x28, 0x28, 0x8f, 0x8f, 0xaf, 0x28, 0x28, 0xc8, 0xa3, 0xba, 0x28, 0x28, 0x28, 0x28, 0x28, 0x28, 0x28, 0x28, 0x28, 0xc2, 0x8f, 0x8e, 0xb9, 0xd0, 0x28, 0xac, 0x8f, 0x90, 0xd0, 0xc9, 0x28, 0xc9, 0x28, 0xc9, 0x28, 0xc9, 0x28, 0xc9, 0x28, 0xc9, 0x28, 0xd0, 0x28, 0xc9, 0x28, 0xc9, 0x28, 0xc9, 0x28, 0xd0, 0x28, 0xd0, 0x28, 0xd0, 0x28, 0xd0, 0x28, 0xd0, 0x28, 0xd0, 0x28, 0xd0, 0x28, 0xd0, 0x28, 0xd0, 0x28, 0xc9, 0x28, 0xd0, 0x28, 0xd0, 0x28, 0xd0, 0x28, 0xd0, 0x28, 0xd0, 0x28, 0xc9, 0x28, 0xc9, 0xee, 0x31, 0x31, 0x7b, 0x31, 0x7a, 0x7a, 0x7a, 0x31, 0x7a, 0x30, 0x31, 0xfd, 0x2e, 0xfd, 0x2e, 0x2e, 0xfd, 0xfd, 0xfd, 0x2e, 0x2e, 0x2f, 0xfd, 0xd3, 0x2e, 0x2e, 0xfd, 0x2e, 0xfd, 0x2e, 0x2e, 0x2e, 0xfd, 0xfd, 0xfd, 0xfd, 0x2a, 0x2b, 0x2a, 0x0d, 0x2b, 0x28, 0x28, 0x28, 0x28, 0x28, 0x28, 0x28, 0x28, 0x28, 0x28, 0x28, 0x28, 0x28, 0x28, 0x28, 0x28, 0x28, 0x28, 0x28, 0x28, 0x28, 0x28, 0x28, 0x28, 0x28, 0x28, 0x28, 0x28, 
  0x28, 0x28, 0x28, 0x28, 0x28, 0x28, 0x28, 0x28, 0x9e, 0x8e, 0x8f, 0x8e, 0xb9, 0x28, 0x28, 0x28, 0x28, 0x28, 0x28, 0x28, 0x28, 0x0a, 0x00, 0x00, 0x31, 0x28, 0x28, 0x28, 0x28, 0x28, 0x28, 0x29, 0x00, 0x00, 0x04, 0xf0, 0x28, 0x28, 0x28, 0x28, 0x28, 0x28, 0x28, 0x28, 0x28, 0x28, 0xa6, 0x8f, 0x8e, 0x8e, 0x86, 0x00, 0x00, 0x00, 0x00, 0x00, 0x00, 0x00, 0x00, 0x00, 0x00, 0x08, 0x26, 0x28, 0x28, 0x28, 0x28, 0x28, 0x28, 0x28, 0x28, 0x28, 0x28, 0x28, 0x28, 0x28, 0x28, 0x28, 0x28, 0x28, 0x28, 0x28, 0x28, 0x28, 0x28, 0x28, 0x28, 0x28, 0x28, 0x28, 0x09, 0x00, 0x00, 0x05, 0x28, 0xd0, 0x00, 0x00, 0x00, 0x00, 0x00, 0x00, 0x00, 0x00, 0x00, 0x00, 0x00, 0x00, 0x00, 0x00, 0x00, 0x00, 0x00, 0x08, 0x28, 0x28, 0x25, 0x00, 0xeb, 0x28, 0x28, 0x28, 0x28, 0x28, 0xd1, 0xd3, 0xd3, 0xd3, 0xd3, 0xd3, 0xd3, 0xd3, 0xd3, 0xd3, 0xd3, 0xd3, 0xd3, 0xd3, 0xd3, 0xd3, 0xd3, 0xd3, 0xd3, 0xd3, 0xd6, 0xee, 0x26, 0xf1, 0xd3, 0xd3, 0xd3, 0xd3, 0xd3, 0xd3, 0xd3, 0xd3, 0xd3, 0xd3, 0xd3, 0xd3, 0xd3, 0xd3, 0xd3, 0xd3, 0xd3, 0xd3, 0xd3, 0xe5, 0xd0, 0xd4, 0xd3, 0xd3, 0xd3, 0xd3, 0xd4, 0x13, 0xe5, 0xc9, 0x9c, 0x8e, 0x8e, 0x8f, 0x8f, 0x8f, 0x8e, 0x8f, 0x8e, 0x8e, 0x94, 0xb1, 0xbb, 0xbe, 0xc9, 0x28, 0x28, 0x28, 0x28, 0x28, 0xb8, 0x8f, 0x8e, 0x8f, 0x90, 0x28, 0x28, 0x28, 0x28, 0x28, 0x28, 0x28, 0x28, 0x28, 0x28, 0x28, 0xfd, 0x00, 0x00, 0x01, 0x23, 0x28, 0x28, 0x28, 0x28, 0x28, 0xe8, 0x00, 0x00, 0x00, 0xcf, 0x28, 0x28, 0x28, 0x28, 0x28, 0x28, 0x28, 0xc8, 0x8e, 0x8e, 0x8e, 0x8f, 0xc6, 0x28, 0x28, 0x28, 0x28, 0x28, 0x28, 0x28, 0x28, 0x28, 0x28, 0x28, 0x28, 0x28, 0x28, 0x28, 0x28, 0x28, 0x28, 0x28, 0x28, 0x28, 0x28, 0x28, 0x28, 0x28, 0x28, 0x28, 0x28, 0x28, 0x28, 0x28, 0x28, 0x28, 0x28, 0x28, 0x28, 0x28, 0x28, 0x28, 0xa0, 0x8e, 0xaa, 0x28, 0x28, 0x28, 0x28, 0x28, 0x28, 0x28, 0xb6, 0x8f, 0x9a, 0x28, 0x28, 0x28, 0x28, 0x28, 0xb1, 0x8e, 0xa0, 0x28, 0x28, 0x8e, 0x8f, 0xb2, 0x28, 0x28, 0x28, 0x28, 0x28, 0xc1, 0xbe, 0x28, 0x28, 0x8f, 0x8f, 0xb2, 0x28, 0x28, 0x28, 0x28, 0x28, 0xc6, 0x8f, 0x8f, 0x9f, 0x28, 0x28, 0x97, 0x8f, 0x9a, 0xc2, 0x28, 0x28, 0x28, 0x28, 0x28, 0x28, 0x28, 0x28, 0x28, 0x28, 0x28, 0x28, 0x28, 0xaf, 0x8e, 0x8f, 0xc7, 0x28, 0xd0, 0xbf, 0x8e, 0x8f, 0xbb, 0x28, 0xd0, 0x28, 0xd0, 0x28, 0xd0, 0x28, 0xd0, 0x28, 0xd0, 0x28, 0xd0, 0x28, 0xc9, 0x28, 0xd0, 0x28, 0xd0, 0x28, 0xd0, 0x28, 0xd0, 0x28, 0xd0, 0x28, 0xc9, 0x28, 0xd0, 0x28, 0xc9, 0x28, 0xc9, 0x28, 0xd0, 0x28, 0xc9, 0x28, 0xc9, 0x28, 0xd0, 0x28, 0xc9, 0x28, 0xc9, 0x28, 0xc9, 0x28, 0xc9, 0x28, 0xc9, 0x28, 0xd0, 0x28, 0x18, 0x31, 0x7a, 0x31, 0x7a, 0x31, 0x7a, 0x31, 0x31, 0x31, 0x7a, 0x7a, 0x2e, 0xfd, 0x2e, 0x2e, 0x2f, 0x2e, 0x2e, 0x2e, 0x2e, 0x2e, 0x2e, 0xd3, 0x2e, 0x2e, 0xd3, 0x2e, 0xfd, 0xfd, 0x2e, 0x2e, 0xfd, 0xfd, 0xfd, 0xfd, 0xfd, 0x2b, 0xff, 0x0d, 0x2c, 0xfd, 0x28, 0x28, 0x28, 0x28, 0x28, 0x28, 0x28, 0x28, 0x28, 0x28, 0x28, 0x28, 0x28, 0x28, 0x28, 0x28, 0x28, 0x28, 0x28, 0x28, 0x28, 0x28, 0x28, 0x28, 0x28, 0x28, 0x28, 0x28, 
  0x28, 0x28, 0x28, 0x28, 0x28, 0x28, 0x28, 0x28, 0xbf, 0x8f, 0x8e, 0x8e, 0xad, 0x28, 0x28, 0x28, 0x28, 0x28, 0x28, 0x28, 0x28, 0x17, 0x00, 0x00, 0x00, 0x24, 0x28, 0x28, 0x28, 0x28, 0x34, 0x00, 0x00, 0x00, 0x06, 0xef, 0x28, 0x28, 0x28, 0x28, 0x28, 0x28, 0x28, 0x28, 0x28, 0x28, 0xbb, 0x8e, 0x8e, 0x8e, 0x8d, 0x00, 0x00, 0x00, 0x00, 0x00, 0x00, 0x00, 0x00, 0x00, 0x0a, 0x28, 0x28, 0x28, 0x28, 0x28, 0x28, 0x28, 0x28, 0x28, 0x28, 0x28, 0x28, 0x28, 0x28, 0x28, 0x28, 0x28, 0x28, 0x28, 0x28, 0x28, 0x28, 0x28, 0x28, 0x28, 0x28, 0x28, 0x28, 0x28, 0x04, 0x00, 0x00, 0x06, 0x28, 0x28, 0x00, 0x00, 0x00, 0x00, 0x00, 0x00, 0x00, 0x00, 0x00, 0x00, 0x00, 0x00, 0x00, 0x00, 0x00, 0x00, 0x00, 0x00, 0xf0, 0x28, 0xe7, 0x02, 0xd0, 0x28, 0x28, 0x28, 0x28, 0x28, 0xd1, 0xd3, 0xd3, 0xd3, 0xd3, 0xd3, 0xd3, 0xd3, 0xd3, 0xd3, 0xd3, 0xd3, 0xd3, 0xd3, 0xd3, 0xd3, 0xd3, 0xd3, 0xd3, 0xca, 0xcb, 0x28, 0xe7, 0xd3, 0xd3, 0xca, 0xdf, 0xd4, 0xd3, 0xd3, 0xd5, 0xd8, 0xd3, 0xd3, 0xd3, 0xd3, 0xd3, 0xd3, 0xd3, 0xd3, 0xd3, 0xd3, 0xd5, 0xf0, 0x1b, 0xd3, 0xd3, 0xd3, 0xd3, 0xd3, 0xe2, 0x28, 0x1f, 0x28, 0x28, 0xc4, 0xae, 0x8f, 0x8e, 0x8e, 0x8e, 0x8e, 0x8e, 0x8e, 0x8e, 0x8f, 0x9e, 0xb1, 0x28, 0x28, 0x28, 0x28, 0x28, 0x28, 0x9e, 0x8e, 0x8f, 0x8e, 0xa0, 0x28, 0x28, 0x28, 0x28, 0x28, 0x28, 0x28, 0x28, 0x28, 0x28, 0x27, 0x0b, 0x00, 0x00, 0x00, 0x0a, 0x24, 0x28, 0x28, 0x28, 0xd0, 0x06, 0x00, 0x00, 0x33, 0x28, 0x28, 0x28, 0x28, 0x28, 0x28, 0x28, 0x28, 0xc2, 0x8f, 0x8f, 0x8e, 0xa3, 0x28, 0x28, 0x28, 0x28, 0x28, 0x28, 0x28, 0x28, 0x28, 0x28, 0x28, 0x28, 0x28, 0x28, 0x28, 0x28, 0x28, 0x28, 0x28, 0x28, 0x28, 0x28, 0x28, 0x28, 0x28, 0x28, 0x28, 0x28, 0x28, 0x28, 0x28, 0x28, 0x28, 0x28, 0x28, 0x28, 0x28, 0x28, 0x28, 0x28, 0xa0, 0x8e, 0xaa, 0x28, 0x28, 0x28, 0x28, 0x28, 0x28, 0x28, 0xb6, 0x8e, 0x9c, 0x28, 0x28, 0x28, 0x28, 0x28, 0xaf, 0x8e, 0xa0, 0x28, 0xc1, 0x8f, 0x8e, 0xc6, 0x28, 0x28, 0x28, 0x28, 0x28, 0x28, 0x28, 0x28, 0xc1, 0x8e, 0x8e, 0xc6, 0x28, 0x28, 0x28, 0x28, 0x28, 0x28, 0xa9, 0x8e, 0x9f, 0x28, 0x28, 0xb7, 0x8e, 0x8e, 0x8f, 0x9f, 0xb4, 0xc6, 0x28, 0x28, 0x28, 0x28, 0x28, 0x28, 0x28, 0x28, 0x28, 0x28, 0x91, 0x8e, 0xa9, 0x28, 0xc9, 0x28, 0x28, 0x94, 0x8f, 0xa5, 0x28, 0xc9, 0x28, 0xc9, 0x28, 0xc9, 0x28, 0xc9, 0x28, 0xc9, 0x28, 0xc9, 0x28, 0xd0, 0x28, 0xc9, 0x28, 0xc9, 0x28, 0xc9, 0x28, 0xc9, 0x28, 0xc9, 0x28, 0xd0, 0x28, 0xc9, 0x28, 0xd0, 0x28, 0xd0, 0x28, 0xc9, 0x28, 0xd0, 0x28, 0xd0, 0x28, 0x28, 0xd0, 0x28, 0xd0, 0x28, 0xd0, 0x28, 0xd0, 0x28, 0xd0, 0x28, 0xc9, 0x28, 0xc9, 0xe5, 0x31, 0x31, 0x7a, 0x7a, 0x7a, 0x30, 0x31, 0x7a, 0x7b, 0x31, 0x7a, 0x2e, 0x2e, 0x2e, 0xd3, 0x2e, 0x2e, 0x2e, 0xd3, 0x2f, 0x2f, 0x2e, 0x2f, 0xd3, 0x2e, 0x2e, 0x2e, 0xfd, 0x2e, 0xd3, 0xfd, 0x2e, 0x0d, 0xfd, 0x0d, 0xfd, 0x2a, 0x2a, 0x2b, 0x2c, 0x2c, 0x28, 0x28, 0x28, 0x28, 0x28, 0x28, 0x28, 0x28, 0x28, 0x28, 0x28, 0x28, 0x28, 0x28, 0x28, 0x28, 0x28, 0x28, 0x28, 0x28, 0x28, 0x28, 0x28, 0x28, 0x28, 0x28, 0x28, 0x28, 
  0x28, 0x28, 0x28, 0x28, 0x28, 0x28, 0x28, 0x28, 0x28, 0x8e, 0x8f, 0x8e, 0x90, 0xc9, 0x28, 0x28, 0x28, 0x28, 0x28, 0x28, 0x28, 0x28, 0x04, 0x00, 0x00, 0x0a, 0xeb, 0x24, 0x25, 0x11, 0x00, 0x00, 0x00, 0x02, 0xcc, 0x28, 0x28, 0x28, 0x28, 0x28, 0x28, 0x28, 0x28, 0x28, 0x28, 0x28, 0x28, 0x9e, 0x8f, 0x8e, 0x8e, 0x76, 0x00, 0x00, 0x00, 0x00, 0x00, 0x00, 0x00, 0x03, 0x28, 0x28, 0x28, 0x28, 0x28, 0x28, 0x28, 0x28, 0x28, 0x28, 0x28, 0x28, 0x28, 0x28, 0x28, 0x28, 0x28, 0x28, 0x28, 0x28, 0x28, 0x28, 0x28, 0x28, 0x28, 0x28, 0x28, 0x28, 0x28, 0x28, 0x09, 0x00, 0x00, 0x06, 0x28, 0xd0, 0x02, 0x00, 0x00, 0x00, 0x00, 0x00, 0x00, 0x00, 0x00, 0x00, 0x00, 0x00, 0x00, 0x00, 0x01, 0x00, 0x00, 0x00, 0x1b, 0x28, 0x00, 0xf1, 0x28, 0x28, 0x28, 0x28, 0x28, 0x28, 0xd1, 0xd3, 0xd3, 0xd3, 0xd3, 0xd3, 0xd3, 0xd3, 0xd3, 0xd3, 0xd3, 0xd3, 0xd3, 0xd3, 0xd3, 0xd3, 0xd3, 0xd3, 0xd3, 0xf6, 0x28, 0x26, 0xed, 0xd3, 0xd3, 0xd6, 0x28, 0xdf, 0xd3, 0xd3, 0x1d, 0x28, 0xd3, 0xd3, 0xd3, 0xed, 0xfb, 0xd3, 0xd3, 0xd4, 0xe0, 0xd5, 0xe1, 0x28, 0xe4, 0xd3, 0xd3, 0xd3, 0xd3, 0xd3, 0xd3, 0xf9, 0xf3, 0x28, 0x28, 0xc7, 0xac, 0x8f, 0x8e, 0x8e, 0x8e, 0x8f, 0x8e, 0x8f, 0x90, 0xbc, 0x28, 0x28, 0x28, 0x28, 0x28, 0x28, 0x28, 0xc7, 0x90, 0x8e, 0x8e, 0x8f, 0xc1, 0x28, 0x28, 0x28, 0x28, 0x28, 0x28, 0x28, 0x28, 0x28, 0x28, 0x28, 0x26, 0x04, 0x00, 0x00, 0x00, 0x0c, 0x25, 0xcf, 0x1d, 0x31, 0x00, 0x00, 0x00, 0xcf, 0x28, 0x28, 0x28, 0x28, 0x28, 0x28, 0x28, 0x28, 0xae, 0x8e, 0x8e, 0x8e, 0xbb, 0x28, 0x28, 0x28, 0x28, 0x28, 0x28, 0x28, 0x28, 0x28, 0x28, 0x28, 0x28, 0x28, 0x28, 0x28, 0x28, 0x28, 0x28, 0x28, 0x28, 0x28, 0x28, 0x28, 0x28, 0x28, 0x28, 0x28, 0x28, 0x28, 0x28, 0x28, 0x28, 0x28, 0x28, 0x28, 0x28, 0x28, 0x28, 0x28, 0x28, 0xa0, 0x8f, 0xaa, 0x28, 0x28, 0x28, 0x28, 0x28, 0x28, 0x28, 0xb6, 0x8f, 0x9a, 0x28, 0x28, 0x28, 0x28, 0x28, 0xae, 0x8e, 0xa3, 0x28, 0xbd, 0x8e, 0x8f, 0x28, 0x28, 0x28, 0x28, 0x28, 0x28, 0x28, 0x28, 0x28, 0xbd, 0x8e, 0x8f, 0x28, 0x28, 0x28, 0x28, 0x28, 0x28, 0x28, 0xae, 0x8e, 0x9f, 0x28, 0x28, 0x28, 0xba, 0x97, 0x8e, 0x8f, 0x8f, 0x8e, 0xb7, 0x28, 0x28, 0x28, 0x28, 0x28, 0x28, 0x28, 0x28, 0xbd, 0x8f, 0x8f, 0x94, 0xa3, 0xa5, 0xa3, 0xa3, 0x91, 0x8e, 0x8e, 0xc6, 0x28, 0xd0, 0x28, 0xd0, 0x28, 0xd0, 0x28, 0xd0, 0x28, 0xd0, 0x28, 0xd0, 0x28, 0xc9, 0x28, 0xd0, 0x28, 0xd0, 0x28, 0xd0, 0x28, 0xd0, 0x28, 0xd0, 0x28, 0xc9, 0x28, 0xd0, 0x28, 0xc9, 0x28, 0xc9, 0x28, 0xd0, 0x28, 0xc9, 0x28, 0xc9, 0x28, 0x28, 0xc9, 0x28, 0xc9, 0x28, 0xc9, 0x28, 0xc9, 0x28, 0xc9, 0x28, 0xc9, 0x28, 0xdb, 0x7b, 0x31, 0x7a, 0x30, 0x31, 0x31, 0x7a, 0x31, 0x7a, 0x30, 0x30, 0x2e, 0x2e, 0x2e, 0x2e, 0x2e, 0x2f, 0x2e, 0x2f, 0x2e, 0xd3, 0x2e, 0x2e, 0x2f, 0x2f, 0xd3, 0x2e, 0x2e, 0x2e, 0x2e, 0x2e, 0xfd, 0xfd, 0xfd, 0xfd, 0xfd, 0xff, 0x2a, 0x0d, 0x0d, 0x2c, 0x28, 0x28, 0x28, 0x28, 0x28, 0x28, 0x28, 0x28, 0x28, 0x28, 0x28, 0x28, 0x28, 0x28, 0x28, 0x28, 0x28, 0x28, 0x28, 0x28, 0x28, 0x28, 0x28, 0x28, 0x28, 0x28, 0x28, 0x28, 
  0x28, 0x28, 0x28, 0x28, 0x28, 0x28, 0x28, 0x28, 0x28, 0x90, 0x8e, 0x8f, 0x8e, 0xba, 0x28, 0x28, 0x28, 0x28, 0x28, 0x28, 0x28, 0x28, 0x08, 0x00, 0x00, 0x00, 0x00, 0x00, 0x00, 0x00, 0x00, 0x00, 0x01, 0xcf, 0x28, 0x28, 0x28, 0x28, 0x28, 0x28, 0x28, 0x28, 0x28, 0x28, 0x28, 0x28, 0x28, 0xb8, 0x8f, 0x8f, 0x8e, 0x8e, 0x00, 0x00, 0x00, 0x00, 0x00, 0x00, 0x00, 0xf4, 0x28, 0x28, 0x28, 0x28, 0x28, 0x28, 0x28, 0x28, 0x28, 0x28, 0x28, 0x28, 0x28, 0x28, 0x28, 0x28, 0x28, 0x28, 0x28, 0x28, 0x28, 0x28, 0x28, 0x28, 0x28, 0x28, 0x28, 0x28, 0x28, 0x28, 0xfd, 0x00, 0x00, 0x03, 0x28, 0x28, 0x12, 0x00, 0x00, 0x00, 0x00, 0x00, 0x00, 0x00, 0x00, 0x00, 0x00, 0x00, 0x00, 0x01, 0x21, 0x0a, 0x00, 0x00, 0x1e, 0xee, 0x00, 0xd0, 0x28, 0x28, 0x28, 0x28, 0x28, 0x28, 0xd1, 0xd3, 0xd3, 0xd3, 0xd3, 0xd3, 0xd3, 0xd3, 0xd3, 0xd3, 0xd3, 0xd3, 0xd3, 0xd3, 0xd3, 0xd3, 0xd3, 0xd3, 0xe5, 0x28, 0xfc, 0xd3, 0xd4, 0x2f, 0xd4, 0xd4, 0xef, 0xd4, 0xd3, 0xd3, 0xd1, 0x26, 0xd3, 0xd3, 0xd5, 0xd0, 0xcf, 0xd3, 0xd3, 0xf5, 0x28, 0xf4, 0x18, 0x28, 0xca, 0xd3, 0xd3, 0xd3, 0xd3, 0xd3, 0xd3, 0xd3, 0xe6, 0x27, 0xc9, 0xb1, 0x8f, 0x8f, 0x8f, 0x8e, 0x8f, 0x8e, 0x8f, 0x8e, 0x8e, 0x8e, 0x9c, 0xc5, 0x28, 0x28, 0x28, 0x28, 0x28, 0xa9, 0x8e, 0x8f, 0x8e, 0xa6, 0x28, 0x28, 0x28, 0x28, 0x28, 0x28, 0x28, 0x28, 0x28, 0x28, 0x28, 0x28, 0x28, 0xd0, 0x03, 0x00, 0x00, 0x00, 0x00, 0x00, 0x00, 0x00, 0x00, 0x00, 0x01, 0x26, 0x28, 0x28, 0x28, 0x28, 0x28, 0x28, 0x28, 0xc7, 0x8e, 0x8e, 0x8f, 0x8e, 0xbd, 0x28, 0x28, 0x28, 0x28, 0x28, 0x28, 0x28, 0x28, 0x28, 0x28, 0x28, 0x28, 0x28, 0x28, 0x28, 0x28, 0x28, 0x28, 0x28, 0x28, 0x28, 0x28, 0x28, 0x28, 0x28, 0x28, 0x28, 0x28, 0x28, 0x28, 0x28, 0x28, 0x28, 0x28, 0x28, 0x28, 0x28, 0x28, 0x28, 0x28, 0xa0, 0x8e, 0xaa, 0x28, 0x28, 0x28, 0x28, 0x28, 0x28, 0x28, 0xb7, 0x8e, 0x91, 0x28, 0x28, 0x28, 0x28, 0x28, 0xa9, 0x8e, 0xa0, 0x28, 0xc5, 0x8e, 0x8e, 0xc1, 0x28, 0x28, 0x28, 0x28, 0x28, 0x28, 0x28, 0x28, 0xc5, 0x8e, 0x8e, 0xc1, 0x28, 0x28, 0x28, 0x28, 0x28, 0x28, 0x9f, 0x8e, 0x9f, 0x28, 0x28, 0x28, 0x28, 0x28, 0xc1, 0xb1, 0x91, 0x8e, 0x8f, 0xc0, 0x28, 0x28, 0x28, 0x28, 0x28, 0x28, 0x28, 0xaa, 0x8e, 0x8e, 0x8f, 0x8e, 0x8e, 0x8e, 0x8f, 0x8e, 0x8f, 0x8e, 0xb6, 0xc9, 0x28, 0xc9, 0x28, 0xc9, 0x28, 0xd0, 0x28, 0xd0, 0x28, 0xd0, 0x28, 0xd0, 0x28, 0xc9, 0x28, 0xc9, 0x28, 0xc9, 0x28, 0xc9, 0x28, 0xc9, 0x28, 0xd0, 0x28, 0xc9, 0x28, 0xd0, 0x28, 0xd0, 0x28, 0xd0, 0x28, 0xd0, 0x28, 0xd0, 0x28, 0x28, 0x28, 0x28, 0xd0, 0x28, 0xd0, 0x28, 0xd0, 0x28, 0xd0, 0x28, 0xd0, 0x28, 0xd0, 0x7d, 0x7a, 0x30, 0x31, 0x31, 0x31, 0x31, 0x7b, 0x30, 0x7a, 0x7a, 0x2f, 0x2e, 0xd3, 0x2f, 0xd3, 0x2e, 0xfd, 0x2e, 0xd3, 0x2f, 0x2f, 0x2e, 0xd3, 0x2e, 0x2e, 0x2f, 0x2e, 0xfd, 0x2e, 0xfd, 0xfd, 0xfd, 0xfd, 0x0d, 0xfd, 0xfd, 0x2b, 0x2b, 0x2b, 0x2b, 0x2b, 0x28, 0x28, 0x28, 0x28, 0x28, 0x28, 0x28, 0x28, 0x28, 0x28, 0x28, 0x28, 0x28, 0x28, 0x28, 0x28, 0x28, 0x28, 0x28, 0x28, 0x28, 0x28, 0x28, 0x28, 0x28, 0x28, 0x28, 0x28, 
  0x28, 0x28, 0x28, 0x28, 0x28, 0x28, 0x28, 0x28, 0x28, 0xa3, 0x8e, 0x8e, 0x8f, 0xa5, 0x28, 0x28, 0x28, 0x28, 0x28, 0x28, 0x28, 0x28, 0xf9, 0x00, 0x00, 0x00, 0x00, 0x00, 0x00, 0x00, 0x00, 0x00, 0x21, 0x28, 0x28, 0x28, 0x28, 0x28, 0x28, 0x28, 0x28, 0x28, 0x28, 0x28, 0x28, 0x28, 0x28, 0xc6, 0x8e, 0x8e, 0x8e, 0x8e, 0x76, 0x00, 0x00, 0x00, 0x00, 0x00, 0xf6, 0x28, 0x28, 0x28, 0x28, 0x28, 0x28, 0x28, 0x28, 0x28, 0x28, 0x28, 0x28, 0x28, 0x28, 0x28, 0x28, 0x28, 0x28, 0x28, 0x28, 0x28, 0x28, 0x28, 0x28, 0x28, 0x28, 0x28, 0x28, 0x28, 0x28, 0x28, 0x17, 0x00, 0x00, 0x00, 0xe8, 0x28, 0x28, 0x7a, 0x00, 0x00, 0x00, 0x00, 0x00, 0x00, 0x00, 0x00, 0x00, 0x00, 0xd9, 0x27, 0xe3, 0x00, 0x00, 0x03, 0xd0, 0x03, 0x02, 0x28, 0x28, 0x28, 0x28, 0x28, 0x28, 0x28, 0xd1, 0xd3, 0xd3, 0xd3, 0xd3, 0xd3, 0xd3, 0xd3, 0xd3, 0xd3, 0xd3, 0xd3, 0xd3, 0xd3, 0xd3, 0xd3, 0xe6, 0x26, 0xd0, 0x28, 0xd0, 0xd0, 0x26, 0x27, 0x26, 0x27, 0x26, 0x26, 0x26, 0x26, 0x26, 0x26, 0x26, 0x26, 0x26, 0x27, 0x27, 0xcf, 0x22, 0xce, 0x22, 0xef, 0x28, 0x1b, 0xd3, 0xd3, 0xd3, 0xd3, 0xd3, 0xd3, 0xd3, 0xd3, 0xee, 0xf2, 0xd6, 0x27, 0xc9, 0xc9, 0xc9, 0xac, 0x8f, 0x8e, 0x8f, 0x8f, 0x8f, 0x8e, 0x8f, 0x8e, 0x90, 0xa3, 0xc7, 0x28, 0xc9, 0x8e, 0x8f, 0x8e, 0x8e, 0xba, 0x28, 0x28, 0x28, 0x28, 0x28, 0x28, 0x28, 0x28, 0x28, 0x28, 0x28, 0x28, 0x28, 0x28, 0x27, 0x04, 0x00, 0x00, 0x00, 0x00, 0x00, 0x00, 0x00, 0x00, 0x0a, 0x28, 0x28, 0x28, 0x28, 0x28, 0x28, 0x28, 0x28, 0xbc, 0x8e, 0x8f, 0x8e, 0x8f, 0xc7, 0x28, 0x28, 0x28, 0x28, 0x28, 0x28, 0x28, 0x28, 0x28, 0x28, 0x28, 0x28, 0x28, 0x28, 0x28, 0x28, 0x28, 0x28, 0x28, 0x28, 0x28, 0x28, 0x28, 0x28, 0x28, 0x28, 0x28, 0x28, 0x28, 0x28, 0x28, 0x28, 0x28, 0x28, 0x28, 0x28, 0x28, 0x28, 0x28, 0x28, 0xa0, 0x8e, 0xaa, 0x28, 0x28, 0x28, 0x28, 0x28, 0x28, 0x28, 0xbc, 0x8e, 0x8e, 0xc0, 0x28, 0x28, 0x28, 0xc7, 0x90, 0x8e, 0xa3, 0x28, 0x28, 0x90, 0x8e, 0xa0, 0x28, 0x28, 0x28, 0x28, 0x28, 0xb7, 0xaa, 0xc5, 0x28, 0x90, 0x8f, 0xa3, 0x28, 0x28, 0x28, 0x28, 0x28, 0xbd, 0x8e, 0x8f, 0x9f, 0x28, 0x28, 0xc5, 0xb7, 0x28, 0x28, 0x28, 0xc8, 0x8f, 0x8f, 0xb6, 0x28, 0x28, 0x28, 0x28, 0x28, 0x28, 0xc7, 0x8f, 0x8f, 0x9f, 0xaf, 0xaf, 0xae, 0xaf, 0xae, 0xaf, 0x97, 0x8e, 0x9c, 0x28, 0xd0, 0x28, 0xd0, 0x28, 0xd0, 0x28, 0xd0, 0x28, 0xd0, 0x28, 0xd0, 0x28, 0xd0, 0x28, 0xd0, 0x28, 0xd0, 0x28, 0xd0, 0x28, 0xd0, 0x28, 0xd0, 0x28, 0xc9, 0x28, 0xd0, 0x28, 0xd0, 0x28, 0xd0, 0x28, 0xd0, 0x28, 0xc9, 0x28, 0xc9, 0x28, 0x28, 0x28, 0x28, 0xc9, 0x28, 0xc9, 0x28, 0xc9, 0x28, 0xc9, 0x28, 0xc9, 0x28, 0x2e, 0x7a, 0x30, 0x7a, 0x7a, 0x31, 0x7b, 0x31, 0x7a, 0x31, 0x30, 0x30, 0xfd, 0x2e, 0x2e, 0x2f, 0x2e, 0x2e, 0x2e, 0x2e, 0x2e, 0xd3, 0x2e, 0x2e, 0x2e, 0xd3, 0x2e, 0xd3, 0x2e, 0xfd, 0xfd, 0xfd, 0x0d, 0x0d, 0xfd, 0xfd, 0x2e, 0x0d, 0x2b, 0x0d, 0x2b, 0x0d, 0x28, 0x28, 0x28, 0x28, 0x28, 0x28, 0x28, 0x28, 0x28, 0x28, 0x28, 0x28, 0x28, 0x28, 0x28, 0x28, 0x28, 0x28, 0x28, 0x28, 0x28, 0x28, 0x28, 0x28, 0x28, 0x28, 0x28, 0x28, 
  0x28, 0x28, 0x28, 0x28, 0x28, 0x28, 0x28, 0x28, 0x28, 0xc5, 0x8e, 0x8e, 0x8f, 0x90, 0x28, 0x28, 0x28, 0x28, 0x28, 0x28, 0x28, 0x28, 0xd0, 0xef, 0xec, 0x2e, 0x00, 0x00, 0x00, 0x00, 0x00, 0x1e, 0x28, 0x28, 0x28, 0x28, 0x28, 0x28, 0x28, 0x28, 0x28, 0x28, 0x28, 0x28, 0x28, 0x28, 0x28, 0x28, 0xb4, 0x8f, 0x8f, 0x8e, 0x8e, 0x71, 0x00, 0x00, 0x00, 0x7d, 0xd0, 0x28, 0x28, 0x28, 0x28, 0x28, 0x28, 0x28, 0x28, 0x28, 0x28, 0x28, 0x28, 0x28, 0x28, 0x28, 0x28, 0x28, 0x28, 0x28, 0x28, 0x28, 0x28, 0x28, 0x28, 0x28, 0x28, 0x28, 0x28, 0x28, 0x28, 0x28, 0x25, 0x02, 0x00, 0x00, 0x0c, 0x28, 0x28, 0x28, 0xfb, 0x00, 0x00, 0x00, 0x00, 0x00, 0x00, 0x00, 0x02, 0x54, 0xd0, 0x22, 0x02, 0x00, 0x00, 0x0b, 0x1a, 0x00, 0x04, 0x28, 0x28, 0x28, 0x28, 0x28, 0x28, 0x28, 0xd1, 0xd3, 0xd3, 0xd3, 0xd3, 0xd3, 0xd3, 0xd3, 0xd3, 0xd3, 0xd3, 0xd3, 0xe2, 0xee, 0x24, 0xd0, 0x28, 0xcd, 0xf7, 0xf6, 0xea, 0x17, 0xed, 0x1a, 0xcb, 0xcc, 0x22, 0x25, 0x26, 0x28, 0x28, 0x28, 0x28, 0x28, 0x28, 0x28, 0x28, 0x28, 0x28, 0x28, 0x28, 0x28, 0x28, 0xe0, 0xd3, 0xd3, 0xd3, 0xd3, 0xd3, 0x25, 0x1e, 0xf8, 0x28, 0xda, 0xdd, 0x28, 0x19, 0x29, 0xed, 0x28, 0xc9, 0xc7, 0xc4, 0xc2, 0xc2, 0xb8, 0xac, 0x94, 0x8f, 0x8e, 0x90, 0x9a, 0x9c, 0x8f, 0x8e, 0x8e, 0x9a, 0xc9, 0x28, 0x28, 0x28, 0x28, 0x28, 0x28, 0x28, 0x28, 0x28, 0x28, 0x28, 0x28, 0x28, 0x28, 0x28, 0x24, 0x08, 0x00, 0x00, 0x00, 0x00, 0x0a, 0x15, 0xee, 0xf0, 0x28, 0x28, 0x28, 0x28, 0x28, 0x28, 0x28, 0x28, 0xac, 0x8f, 0x8e, 0x8f, 0xa9, 0x28, 0x28, 0x28, 0x28, 0x28, 0x28, 0x28, 0x28, 0x28, 0x28, 0x28, 0x28, 0x28, 0x28, 0x28, 0x28, 0x28, 0x28, 0x28, 0x28, 0x28, 0x28, 0x28, 0x28, 0x28, 0x28, 0x28, 0x28, 0x28, 0x28, 0x28, 0x28, 0x28, 0x28, 0x28, 0x28, 0x28, 0x28, 0x28, 0x28, 0x28, 0xa0, 0x8e, 0xa3, 0xbe, 0xbe, 0xbf, 0xbe, 0xbe, 0xbe, 0xc8, 0xc4, 0x8f, 0x8e, 0x9f, 0xbf, 0x28, 0xc6, 0xa5, 0x8f, 0x8e, 0xa0, 0x28, 0x28, 0xb9, 0x8f, 0x8f, 0xa3, 0xc2, 0x28, 0xc4, 0xb2, 0x8e, 0x8e, 0xaa, 0x28, 0xb8, 0x8e, 0x8e, 0xa5, 0xc5, 0x28, 0xc9, 0xb8, 0x8f, 0x8e, 0x8e, 0x9f, 0x28, 0xbf, 0x8e, 0x8e, 0xb4, 0xc9, 0x28, 0xbe, 0x8e, 0x8e, 0xb7, 0x28, 0x28, 0x28, 0x28, 0x28, 0x28, 0xb8, 0x8e, 0x8e, 0xc0, 0x28, 0x28, 0xd0, 0x28, 0xd0, 0x28, 0xb7, 0x8e, 0x8e, 0xc1, 0x28, 0xc9, 0x28, 0xc9, 0x28, 0xc9, 0x28, 0xd0, 0x28, 0xd0, 0x28, 0xd0, 0x28, 0xd0, 0x28, 0xc9, 0x28, 0xc9, 0x28, 0xc9, 0x28, 0xc9, 0x28, 0xd0, 0x28, 0xc9, 0x28, 0xd0, 0x28, 0xd0, 0x28, 0xd0, 0x28, 0x28, 0x28, 0x28, 0xd0, 0x28, 0xd0, 0x28, 0xd0, 0x28, 0xd0, 0x28, 0xd0, 0x28, 0xd0, 0x28, 0xd0, 0x28, 0xd0, 0x2b, 0x31, 0x7a, 0x7a, 0x7a, 0x7a, 0x7a, 0x31, 0x7a, 0x31, 0x7a, 0x2e, 0x2e, 0xfd, 0x2e, 0x2f, 0x2e, 0xd3, 0x2e, 0xd3, 0x2e, 0x2e, 0x2e, 0xfd, 0xfd, 0x2e, 0xfd, 0xfd, 0x2e, 0xfd, 0x2e, 0x0d, 0xfd, 0x0d, 0x0d, 0xfd, 0x2e, 0x2b, 0x2b, 0x2b, 0x2b, 0x2b, 0x28, 0x28, 0x28, 0x28, 0x28, 0x28, 0x28, 0x28, 0x28, 0x28, 0x28, 0x28, 0x28, 0x28, 0x28, 0x28, 0x28, 0x28, 0x28, 0x28, 0x28, 0x28, 0x28, 0x28, 0x28, 0x28, 0x28, 0x28, 
  0x28, 0x28, 0x28, 0x28, 0x28, 0x28, 0x28, 0x28, 0x28, 0x28, 0x9a, 0x8e, 0x8e, 0x8f, 0xb7, 0x28, 0x28, 0x28, 0x28, 0x28, 0x28, 0x28, 0x28, 0x28, 0x28, 0x28, 0xf0, 0x1b, 0x14, 0x0f, 0xed, 0x28, 0x28, 0x28, 0x28, 0x28, 0x28, 0x28, 0x28, 0x28, 0x28, 0x28, 0x28, 0x28, 0x28, 0x28, 0x28, 0x28, 0xc2, 0x8f, 0x8e, 0x8f, 0x8e, 0x76, 0x00, 0x00, 0x01, 0xcf, 0x28, 0x28, 0x28, 0x28, 0x28, 0x28, 0x28, 0x28, 0x28, 0x28, 0x28, 0x28, 0x28, 0x28, 0x28, 0x28, 0x28, 0x28, 0x28, 0x28, 0x28, 0x28, 0x28, 0x28, 0x28, 0x28, 0x28, 0x28, 0x28, 0x28, 0x28, 0x28, 0x28, 0xfc, 0x00, 0x00, 0x00, 0xf9, 0x28, 0x28, 0x28, 0xcb, 0xf2, 0x0f, 0x7a, 0x0e, 0x11, 0x18, 0x25, 0x28, 0x1a, 0x04, 0x00, 0x00, 0x02, 0xe6, 0x07, 0x00, 0xfc, 0x28, 0x28, 0x28, 0x28, 0x28, 0x28, 0x28, 0xd1, 0xd3, 0xd3, 0xd3, 0xd3, 0xd3, 0xd3, 0xd3, 0xe3, 0xe6, 0xd2, 0x25, 0x27, 0x1c, 0xf6, 0x13, 0xd9, 0xd4, 0xd3, 0xd3, 0xd3, 0xd3, 0xd3, 0xd3, 0xd3, 0xd3, 0xd3, 0xd3, 0xd3, 0xd3, 0xd6, 0xe2, 0xe7, 0xeb, 0xcb, 0x25, 0x28, 0x28, 0x28, 0x23, 0x18, 0xf7, 0xf9, 0xd3, 0xd3, 0xd3, 0xd3, 0xd3, 0xd3, 0xe6, 0xf3, 0x1f, 0xee, 0xca, 0xf6, 0xce, 0x01, 0x00, 0x01, 0x1b, 0x28, 0x28, 0x28, 0x28, 0x28, 0x28, 0x28, 0x28, 0xc7, 0xc4, 0xbf, 0xb2, 0x8e, 0x8e, 0x8f, 0x8e, 0xb2, 0x28, 0x28, 0x28, 0x28, 0x28, 0x28, 0x28, 0x28, 0x28, 0x28, 0x28, 0x28, 0x28, 0x28, 0x28, 0x28, 0x28, 0x21, 0x0f, 0xf8, 0xd1, 0x24, 0x28, 0x28, 0x28, 0x28, 0x28, 0x28, 0x28, 0x28, 0x28, 0x28, 0x28, 0xc6, 0x90, 0x8e, 0x8e, 0x8e, 0xc2, 0x28, 0x28, 0x28, 0x28, 0x28, 0x28, 0x28, 0x28, 0x28, 0x28, 0x28, 0x28, 0x28, 0x28, 0x28, 0x28, 0x28, 0x28, 0x28, 0x28, 0x28, 0x28, 0x28, 0x28, 0x28, 0x28, 0x28, 0x28, 0x28, 0x28, 0x28, 0x28, 0x28, 0x28, 0x28, 0x28, 0x28, 0x28, 0x28, 0x28, 0x28, 0xa0, 0x8e, 0x8e, 0x8e, 0x8f, 0x8e, 0x8e, 0x8f, 0x8e, 0xba, 0x28, 0xad, 0x8e, 0x8f, 0x8e, 0x90, 0x8e, 0x8f, 0x8e, 0x8f, 0xa3, 0x28, 0x28, 0x28, 0xa6, 0x8f, 0x8e, 0x8e, 0x8e, 0x8e, 0x8e, 0x8f, 0xa0, 0xc9, 0x28, 0x28, 0xa6, 0x8f, 0x8e, 0x8f, 0x90, 0x8e, 0x8f, 0x8e, 0x97, 0x8e, 0x9f, 0x28, 0x28, 0xa6, 0x8e, 0x8f, 0x8e, 0x8f, 0x8f, 0x8e, 0x94, 0xc9, 0x28, 0x28, 0x28, 0x28, 0x28, 0x28, 0x9f, 0x8e, 0x9a, 0xd0, 0x28, 0x28, 0x28, 0xd0, 0x28, 0xc9, 0xc7, 0x8e, 0x8e, 0xae, 0xd0, 0x28, 0xd0, 0x28, 0xd0, 0x28, 0xd0, 0x28, 0xd0, 0x28, 0xc9, 0x28, 0xc9, 0x28, 0xc9, 0x28, 0xd0, 0x28, 0xd0, 0x28, 0xd0, 0x28, 0xd0, 0x28, 0xc9, 0x28, 0xd0, 0x28, 0xc9, 0x28, 0xc9, 0x28, 0xc9, 0x28, 0x28, 0x28, 0x28, 0xc9, 0x28, 0xd0, 0x28, 0xc9, 0x28, 0xc9, 0x28, 0xd0, 0x28, 0xc9, 0x28, 0xc9, 0x28, 0x2f, 0x31, 0x30, 0x31, 0x7a, 0x7a, 0x30, 0x31, 0x7a, 0x31, 0x30, 0x2e, 0xfd, 0x2e, 0xfd, 0x2e, 0xfd, 0x2e, 0x2e, 0xfd, 0xfd, 0xfd, 0xfd, 0xfd, 0xfd, 0xfd, 0xfd, 0xfd, 0x2e, 0xfd, 0xfd, 0xfd, 0x0d, 0x0d, 0xfd, 0xfd, 0x2e, 0x2a, 0x0d, 0x2b, 0x0d, 0x2b, 0x28, 0x28, 0x28, 0x28, 0x28, 0x28, 0x28, 0x28, 0x28, 0x28, 0x28, 0x28, 0x28, 0x28, 0x28, 0x28, 0x28, 0x28, 0x28, 0x28, 0x28, 0x28, 0x28, 0x28, 0x28, 0x28, 0x28, 0x28, 
  0x28, 0x28, 0x28, 0x28, 0x28, 0x28, 0x28, 0x28, 0x28, 0x28, 0xa9, 0x8e, 0x8f, 0x8e, 0xa3, 0x28, 0x28, 0x28, 0x28, 0x28, 0x28, 0x28, 0x28, 0x28, 0x28, 0x28, 0x28, 0x28, 0x28, 0x28, 0x28, 0x28, 0x28, 0x28, 0x28, 0x28, 0x28, 0x28, 0x28, 0x28, 0x28, 0x28, 0x28, 0x28, 0x28, 0x28, 0x28, 0x28, 0x28, 0xb7, 0x8f, 0x8e, 0x8f, 0x8d, 0x71, 0x00, 0x0e, 0x28, 0x28, 0x28, 0x28, 0x28, 0x28, 0x28, 0x28, 0x28, 0x28, 0x28, 0x28, 0x28, 0x28, 0x28, 0x28, 0x28, 0x28, 0x28, 0x28, 0x28, 0x28, 0x28, 0x28, 0x28, 0x28, 0x28, 0x28, 0x28, 0x28, 0x28, 0x28, 0x28, 0x28, 0x28, 0xe5, 0x00, 0x00, 0x00, 0x54, 0x28, 0x28, 0x28, 0x28, 0x28, 0x28, 0x28, 0x28, 0x28, 0x28, 0xe8, 0x01, 0x00, 0x00, 0x03, 0xe7, 0xf9, 0x00, 0x03, 0x28, 0x28, 0x28, 0x28, 0x28, 0x28, 0x28, 0x28, 0xd1, 0xd3, 0xd3, 0xd3, 0xe2, 0x15, 0x1f, 0x26, 0xf0, 0x19, 0xf7, 0xdd, 0xd4, 0xd3, 0xd3, 0xd3, 0xd3, 0xd3, 0xd3, 0xd3, 0xd3, 0xd3, 0xd3, 0xd3, 0xd4, 0xdd, 0xe3, 0xf7, 0xd2, 0x24, 0x28, 0x28, 0x28, 0x24, 0x1a, 0xec, 0xf3, 0xde, 0xd5, 0xd3, 0xd3, 0xd3, 0xd3, 0xd3, 0xd3, 0xd3, 0xd3, 0xd3, 0xd3, 0xd3, 0xda, 0xd0, 0xf4, 0xd5, 0xf0, 0xed, 0x00, 0x00, 0x00, 0xf2, 0x28, 0x28, 0x28, 0x28, 0x28, 0x28, 0x28, 0x28, 0x28, 0x28, 0x28, 0xa9, 0x8f, 0x8e, 0x8f, 0x9e, 0xc9, 0x28, 0x28, 0x28, 0x28, 0x28, 0x28, 0x28, 0x28, 0x28, 0x28, 0x28, 0x28, 0x28, 0x28, 0x28, 0x28, 0x28, 0x28, 0x28, 0x28, 0x28, 0x28, 0x28, 0x28, 0x28, 0x28, 0x28, 0x28, 0x28, 0x28, 0x28, 0x28, 0x28, 0xb9, 0x8e, 0x8f, 0x8e, 0x8f, 0xc9, 0x28, 0x28, 0x28, 0x28, 0x28, 0x28, 0x28, 0x28, 0x28, 0x28, 0x28, 0x28, 0x28, 0x28, 0x28, 0x28, 0x28, 0x28, 0x28, 0x28, 0x28, 0x28, 0x28, 0x28, 0x28, 0x28, 0x28, 0x28, 0x28, 0x28, 0x28, 0x28, 0x28, 0x28, 0x28, 0x28, 0x28, 0x28, 0x28, 0x28, 0x28, 0xa0, 0x8e, 0x8e, 0x8f, 0x8f, 0x8e, 0x8f, 0x8e, 0x8f, 0xba, 0x28, 0xc9, 0xad, 0x8e, 0x8e, 0x8e, 0x8f, 0xac, 0xaf, 0x8f, 0xa3, 0x28, 0x28, 0x28, 0x28, 0xb8, 0x90, 0x8e, 0x8e, 0x8f, 0x94, 0xad, 0xc9, 0x28, 0x28, 0x28, 0x28, 0xb7, 0x8f, 0x8e, 0x8e, 0x8e, 0x91, 0xba, 0xb2, 0x8e, 0x9f, 0x28, 0x28, 0xc9, 0xac, 0x90, 0x8e, 0x8f, 0x8e, 0x9c, 0xc0, 0x28, 0x28, 0x28, 0x28, 0x28, 0x28, 0xc5, 0x8e, 0x8e, 0xb2, 0x28, 0x28, 0x28, 0x28, 0x28, 0xc9, 0x28, 0xc9, 0xa6, 0x8f, 0x91, 0x28, 0xc9, 0x28, 0xc9, 0x28, 0xc9, 0x28, 0xd0, 0x28, 0xd0, 0x28, 0xd0, 0x28, 0xd0, 0x28, 0xc9, 0x28, 0xc9, 0x28, 0xc9, 0x28, 0xc9, 0x28, 0xd0, 0x28, 0xc9, 0x28, 0xd0, 0x28, 0xd0, 0x28, 0xd0, 0x28, 0x28, 0x28, 0xd0, 0x28, 0xd0, 0x28, 0x28, 0xd0, 0x28, 0xd0, 0x28, 0xd0, 0x28, 0xd0, 0x28, 0xd0, 0x28, 0xd0, 0x7a, 0x31, 0x31, 0x30, 0x31, 0x7a, 0x7a, 0x7a, 0x7a, 0x7a, 0x7a, 0xfd, 0x2e, 0x2e, 0x2e, 0x2e, 0x2e, 0x2e, 0xfd, 0xfd, 0xfd, 0xfd, 0x2e, 0xfd, 0x2e, 0xfd, 0x2e, 0x2e, 0xfd, 0x2e, 0x2e, 0x0d, 0xfd, 0xfd, 0x2e, 0xfd, 0xfd, 0x2a, 0x2b, 0x2b, 0x0d, 0x2b, 0x28, 0x28, 0x28, 0x28, 0x28, 0x28, 0x28, 0x28, 0x28, 0x28, 0x28, 0x28, 0x28, 0x28, 0x28, 0x28, 0x28, 0x28, 0x28, 0x28, 0x28, 0x28, 0x28, 0x28, 0x28, 0x28, 0x28, 0x28, 
  0x28, 0x28, 0x28, 0x28, 0x28, 0x28, 0x28, 0x28, 0x28, 0x28, 0xc5, 0x8f, 0x8e, 0x8f, 0x9a, 0x28, 0x28, 0x28, 0x28, 0x28, 0x28, 0x28, 0x28, 0x28, 0x28, 0x28, 0x28, 0x28, 0x28, 0x28, 0x28, 0x28, 0x28, 0x28, 0x28, 0x28, 0x28, 0x28, 0x28, 0x28, 0x28, 0x28, 0x28, 0x28, 0x28, 0x28, 0x28, 0x28, 0x28, 0xc6, 0x8e, 0x8f, 0x8e, 0x8f, 0x77, 0x00, 0xef, 0x28, 0x28, 0x28, 0x28, 0x28, 0x28, 0x28, 0x28, 0x28, 0x28, 0x28, 0x28, 0x28, 0x28, 0x28, 0x28, 0x28, 0x28, 0x28, 0x28, 0x28, 0x28, 0x28, 0x28, 0x28, 0x28, 0x28, 0x28, 0x28, 0x28, 0x28, 0x28, 0x28, 0x28, 0x28, 0x28, 0x0f, 0x00, 0x00, 0x00, 0x14, 0xd0, 0x28, 0x28, 0x28, 0x28, 0x28, 0x28, 0x1a, 0x0b, 0x00, 0x00, 0x00, 0x01, 0xed, 0x19, 0x01, 0x00, 0xf6, 0x28, 0x28, 0x28, 0x28, 0x28, 0x28, 0x28, 0x28, 0xed, 0xde, 0xd1, 0xcf, 0x28, 0x21, 0xe8, 0xf8, 0xd4, 0xd3, 0xd3, 0xd3, 0xd3, 0xd3, 0xd3, 0xd3, 0xd3, 0xd3, 0xd3, 0xd3, 0xd6, 0xf2, 0xea, 0xcb, 0xf0, 0x28, 0x28, 0x28, 0xd0, 0x1e, 0xf6, 0xf1, 0xd8, 0xd3, 0xd3, 0xd3, 0xd3, 0xd3, 0xd3, 0xd3, 0xd3, 0xd3, 0xd3, 0xd3, 0xd3, 0xd3, 0xd3, 0xd3, 0xd3, 0xd3, 0xee, 0x28, 0xd9, 0xe5, 0x28, 0xf0, 0x01, 0x00, 0x00, 0x24, 0xf5, 0xcb, 0x28, 0x28, 0x28, 0x28, 0x28, 0x28, 0x28, 0x28, 0xc2, 0x8f, 0x8e, 0x8f, 0x8e, 0xbb, 0x28, 0x28, 0x28, 0x28, 0x28, 0x28, 0x28, 0x28, 0x28, 0x28, 0x28, 0x28, 0x28, 0x28, 0x28, 0x28, 0x28, 0x28, 0x28, 0x28, 0x28, 0x28, 0x28, 0x28, 0x28, 0x28, 0x28, 0x28, 0x28, 0x28, 0x28, 0x28, 0x28, 0x28, 0xa9, 0x8e, 0x8f, 0x8e, 0xa6, 0x28, 0x28, 0x28, 0x28, 0x28, 0x28, 0x28, 0x28, 0x28, 0x28, 0x28, 0x28, 0x28, 0x28, 0x28, 0x28, 0x28, 0x28, 0x28, 0x28, 0x28, 0x28, 0x28, 0x28, 0x28, 0x28, 0x28, 0x28, 0x28, 0x28, 0x28, 0x28, 0x28, 0x28, 0x28, 0x28, 0x28, 0x28, 0x28, 0x28, 0x28, 0x28, 0x28, 0x28, 0x28, 0x28, 0x28, 0x28, 0x28, 0x28, 0x28, 0x28, 0x28, 0x28, 0x28, 0xc7, 0xbe, 0xc0, 0xc9, 0x28, 0x28, 0x28, 0x28, 0x28, 0x28, 0x28, 0x28, 0x28, 0x28, 0xc5, 0xbd, 0xc5, 0x28, 0x28, 0x28, 0x28, 0x28, 0x28, 0x28, 0x28, 0x28, 0xc4, 0xbe, 0xc6, 0x28, 0x28, 0x28, 0x28, 0x28, 0x28, 0x28, 0x28, 0x28, 0x28, 0xc2, 0xbd, 0xc4, 0x28, 0x28, 0x28, 0x28, 0x28, 0x28, 0x28, 0x28, 0x28, 0x28, 0x28, 0x28, 0xd0, 0x28, 0xc9, 0x28, 0xd0, 0x28, 0xd0, 0x28, 0xd0, 0x28, 0xc9, 0x28, 0xd0, 0x28, 0xd0, 0x28, 0xd0, 0x28, 0xc9, 0x28, 0xc9, 0x28, 0xc9, 0x28, 0xc9, 0x28, 0xd0, 0x28, 0xd0, 0x28, 0xd0, 0x28, 0xd0, 0x28, 0xc9, 0x28, 0xd0, 0x28, 0xc9, 0x28, 0xc9, 0x28, 0xc9, 0x28, 0xd0, 0x28, 0xc9, 0x28, 0xc9, 0x28, 0xd0, 0x28, 0xc9, 0x28, 0xd0, 0x28, 0xd0, 0x28, 0xc9, 0x28, 0x28, 0xd0, 0x7d, 0x7b, 0x31, 0x31, 0x31, 0x7a, 0x7a, 0x30, 0x7a, 0x7b, 0x7a, 0x2e, 0x2e, 0x2e, 0xfd, 0x2e, 0xfd, 0x2e, 0x2e, 0xfd, 0x2e, 0xfd, 0x2e, 0xfd, 0xfd, 0x2e, 0xfd, 0x2e, 0x2e, 0xfd, 0x2e, 0x2e, 0xfd, 0xfd, 0xfd, 0x2e, 0x2e, 0x0d, 0x2b, 0x0d, 0x2b, 0x2a, 0x28, 0x28, 0x28, 0x28, 0x28, 0x28, 0x28, 0x28, 0x28, 0x28, 0x28, 0x28, 0x28, 0x28, 0x28, 0x28, 0x28, 0x28, 0x28, 0x28, 0x28, 0x28, 0x28, 0x28, 0x28, 0x28, 0x28, 0x28, 
  0x28, 0x28, 0x28, 0x28, 0x28, 0x28, 0x28, 0x28, 0x28, 0x28, 0x28, 0xa1, 0x8f, 0x8e, 0x8f, 0xc1, 0x28, 0x28, 0x28, 0x28, 0x28, 0x28, 0x28, 0x28, 0x28, 0x28, 0x28, 0x28, 0x28, 0x28, 0x28, 0x28, 0x28, 0x28, 0x28, 0x28, 0x28, 0x28, 0x28, 0x28, 0x28, 0x28, 0x28, 0x28, 0x28, 0x28, 0x28, 0x28, 0x28, 0x28, 0xb9, 0x8e, 0x8e, 0x8e, 0x8e, 0x7c, 0x28, 0x28, 0x28, 0x28, 0x28, 0x28, 0x28, 0x28, 0x28, 0x28, 0x28, 0x28, 0x28, 0x28, 0x28, 0x28, 0x28, 0x28, 0x28, 0x28, 0x28, 0x28, 0x28, 0x28, 0x28, 0x28, 0x28, 0x28, 0x28, 0x28, 0x28, 0x28, 0x28, 0x28, 0x28, 0x28, 0x28, 0x28, 0xee, 0x32, 0x00, 0x00, 0x00, 0x31, 0x13, 0xf4, 0xf2, 0x33, 0x05, 0x00, 0x00, 0x00, 0x05, 0x10, 0x25, 0x18, 0x04, 0x00, 0x29, 0x28, 0x28, 0x28, 0x28, 0x28, 0x28, 0x28, 0x28, 0x28, 0x26, 0xee, 0xe9, 0xe2, 0xd3, 0xd3, 0xd3, 0xd3, 0xd3, 0xd3, 0xd3, 0xd3, 0xd3, 0xca, 0xda, 0xe2, 0xf9, 0xed, 0x21, 0x28, 0x28, 0x28, 0x23, 0x1e, 0x17, 0xf9, 0xdb, 0xd3, 0xd3, 0xd3, 0xd3, 0xd3, 0xd3, 0xd3, 0xd3, 0xd3, 0xd3, 0xd3, 0xd3, 0xd3, 0xd3, 0xd3, 0xd3, 0xd3, 0xd3, 0xd3, 0xd4, 0x1b, 0xe7, 0xd3, 0xf0, 0xf9, 0xd3, 0xd7, 0xcc, 0x28, 0x25, 0xe7, 0xcf, 0x28, 0xd5, 0xd3, 0xe6, 0x27, 0x28, 0x28, 0x28, 0x28, 0x28, 0x28, 0x9f, 0x8f, 0x8e, 0x8e, 0x9f, 0xc9, 0x28, 0x28, 0x28, 0x28, 0x28, 0x28, 0x28, 0x28, 0x28, 0x28, 0x28, 0x28, 0x28, 0x28, 0x28, 0x28, 0x28, 0x28, 0x28, 0x28, 0x28, 0x28, 0x28, 0x28, 0x28, 0x28, 0x28, 0x28, 0x28, 0x28, 0x28, 0x28, 0x28, 0xc9, 0x97, 0x8e, 0x8f, 0x8f, 0xc8, 0x28, 0x28, 0x28, 0x28, 0x28, 0x28, 0x28, 0x28, 0x28, 0x28, 0x28, 0x28, 0x28, 0x28, 0x28, 0x28, 0x28, 0x28, 0x28, 0x28, 0x28, 0x28, 0x28, 0x28, 0x28, 0x28, 0x28, 0x28, 0x28, 0x28, 0x28, 0x28, 0x28, 0x28, 0x28, 0x28, 0x28, 0x28, 0x28, 0x28, 0x28, 0x28, 0x28, 0x28, 0x28, 0x28, 0x28, 0x28, 0x28, 0x28, 0x28, 0x28, 0x28, 0x28, 0x28, 0x28, 0x28, 0x28, 0x28, 0x28, 0x28, 0x28, 0x28, 0x28, 0x28, 0x28, 0x28, 0x28, 0x28, 0x28, 0x28, 0x28, 0x28, 0x28, 0x28, 0x28, 0x28, 0x28, 0x28, 0x28, 0x28, 0x28, 0x28, 0x28, 0x28, 0x28, 0x28, 0x28, 0x28, 0x28, 0x28, 0x28, 0x28, 0x28, 0x28, 0x28, 0x28, 0x28, 0x28, 0x28, 0x28, 0x28, 0x28, 0x28, 0x28, 0x28, 0x28, 0x28, 0xc9, 0x28, 0xd0, 0x28, 0xc9, 0x28, 0xc9, 0x28, 0xc9, 0x28, 0x28, 0x28, 0xc9, 0x28, 0xd0, 0x28, 0xd0, 0x28, 0xd0, 0x28, 0xd0, 0x28, 0xd0, 0x28, 0xd0, 0x28, 0xc9, 0x28, 0x28, 0x28, 0xc9, 0x28, 0xc9, 0x28, 0xd0, 0x28, 0xc9, 0x28, 0xd0, 0x28, 0xd0, 0x28, 0xd0, 0x28, 0xc9, 0x28, 0xd0, 0x28, 0xd0, 0x28, 0xc9, 0x28, 0xd0, 0x28, 0xd0, 0x28, 0xd0, 0x28, 0xd0, 0x28, 0xc9, 0x28, 0x28, 0x7d, 0x31, 0x31, 0x31, 0x30, 0x7a, 0x7a, 0x31, 0x7a, 0x31, 0x7a, 0xfd, 0xfd, 0x2e, 0x2e, 0x2e, 0x2e, 0x2f, 0x2e, 0x2e, 0x2e, 0xfd, 0x2e, 0xfd, 0x2e, 0xfd, 0x2e, 0x2e, 0xfd, 0x2e, 0xfd, 0x2e, 0x2e, 0x2e, 0x2e, 0xfd, 0x2e, 0x2b, 0x2b, 0x2b, 0x2b, 0x2a, 0x28, 0x28, 0x28, 0x28, 0x28, 0x28, 0x28, 0x28, 0x28, 0x28, 0x28, 0x28, 0x28, 0x28, 0x28, 0x28, 0x28, 0x28, 0x28, 0x28, 0x28, 0x28, 0x28, 0x28, 0x28, 0x28, 0x28, 0x28, 
  0x28, 0x28, 0x28, 0x28, 0x28, 0x28, 0x28, 0x28, 0x28, 0x28, 0x28, 0xac, 0x8e, 0x8f, 0x8e, 0x9f, 0x28, 0x28, 0x28, 0x28, 0x28, 0x28, 0x28, 0x28, 0x28, 0x28, 0x28, 0x28, 0x28, 0x28, 0x28, 0x28, 0x28, 0x28, 0x28, 0x28, 0x28, 0x28, 0x28, 0x28, 0x28, 0x28, 0x28, 0x28, 0x28, 0x28, 0x28, 0x28, 0x28, 0x28, 0xc7, 0x8f, 0x8e, 0x8f, 0x8f, 0x94, 0x28, 0x28, 0x28, 0x28, 0x28, 0x28, 0x28, 0x28, 0x28, 0x28, 0x28, 0x28, 0x28, 0x28, 0x28, 0x28, 0x28, 0x28, 0x28, 0x28, 0x28, 0x28, 0x28, 0x28, 0x28, 0x28, 0x28, 0x28, 0x28, 0x28, 0x28, 0x28, 0x28, 0x28, 0x28, 0x28, 0x28, 0x28, 0xce, 0x28, 0x28, 0xed, 0xd9, 0x0b, 0x04, 0x02, 0x01, 0x03, 0x07, 0x31, 0xf3, 0x24, 0x28, 0x28, 0x16, 0x02, 0x00, 0x09, 0x28, 0x28, 0x28, 0x28, 0x28, 0x28, 0x28, 0x28, 0x28, 0x28, 0xd1, 0xd3, 0xd3, 0xd3, 0xd3, 0xd3, 0xd3, 0xd3, 0x33, 0xe1, 0xfa, 0x1e, 0x27, 0x28, 0x28, 0x28, 0x23, 0x1a, 0x15, 0xe1, 0xca, 0xd3, 0xd3, 0xd3, 0xd3, 0xd3, 0xd3, 0xd3, 0xd3, 0xd3, 0xd3, 0xd3, 0xd3, 0xd3, 0xd3, 0xd3, 0xd3, 0xd3, 0xd3, 0xd3, 0xd3, 0xd3, 0xd3, 0xd3, 0xd3, 0xd3, 0xd4, 0xce, 0x1b, 0x1e, 0x27, 0xd6, 0xd3, 0xd3, 0xd5, 0xcd, 0x28, 0x28, 0x28, 0x1a, 0xd3, 0xd3, 0xd3, 0xd7, 0xcc, 0x28, 0x28, 0x28, 0x28, 0xad, 0x8e, 0x8e, 0x8f, 0x8e, 0xc0, 0x28, 0x28, 0x28, 0x28, 0x28, 0x28, 0x28, 0x28, 0x28, 0x28, 0x28, 0x28, 0x28, 0x28, 0x28, 0x28, 0x28, 0x28, 0x28, 0x28, 0x28, 0x28, 0x28, 0x28, 0x28, 0x28, 0x28, 0x28, 0x28, 0x28, 0x28, 0x28, 0x28, 0x28, 0xba, 0x8f, 0x8e, 0x8e, 0x90, 0x28, 0x28, 0x28, 0x28, 0x28, 0x28, 0x28, 0x28, 0x28, 0x28, 0x28, 0x28, 0x28, 0x28, 0x28, 0x28, 0x28, 0x28, 0x28, 0x28, 0x28, 0x28, 0x28, 0x28, 0x28, 0x28, 0x28, 0x28, 0x28, 0x28, 0x28, 0x28, 0x28, 0x28, 0x28, 0x28, 0x28, 0x28, 0x28, 0x28, 0x28, 0x28, 0x28, 0x28, 0x28, 0x28, 0x28, 0x28, 0x28, 0x28, 0x28, 0x28, 0x28, 0x28, 0x28, 0x28, 0x28, 0x28, 0x28, 0x28, 0x28, 0x28, 0x28, 0x28, 0x28, 0x28, 0x28, 0x28, 0x28, 0x28, 0x28, 0x28, 0x28, 0x28, 0x28, 0x28, 0x28, 0x28, 0x28, 0x28, 0x28, 0x28, 0x28, 0x28, 0x28, 0x28, 0x28, 0x28, 0x28, 0x28, 0x28, 0x28, 0x28, 0x28, 0x28, 0x28, 0x28, 0x28, 0x28, 0x28, 0x28, 0x28, 0x28, 0x28, 0x28, 0x28, 0x28, 0x28, 0x28, 0x28, 0xd0, 0x28, 0xc9, 0x28, 0xd0, 0x28, 0xd0, 0x28, 0xc9, 0x28, 0xc9, 0x28, 0xd0, 0x28, 0x28, 0xc9, 0x28, 0xc9, 0x28, 0xc9, 0x28, 0xc9, 0x28, 0xc9, 0x28, 0xd0, 0x28, 0xd0, 0x28, 0xd0, 0x28, 0xd0, 0x28, 0xc9, 0x28, 0xd0, 0x28, 0xc9, 0x28, 0xc9, 0x28, 0xc9, 0x28, 0xd0, 0x28, 0xc9, 0x28, 0xc9, 0x28, 0xd0, 0x28, 0xc9, 0x28, 0xc9, 0x28, 0xc9, 0x28, 0xc9, 0x28, 0xd0, 0x28, 0x28, 0x7a, 0x31, 0x31, 0x7a, 0x31, 0x7a, 0x31, 0x30, 0x31, 0x31, 0x7b, 0x2e, 0x2e, 0x2e, 0x2e, 0x2e, 0x2e, 0x2f, 0x2e, 0x2e, 0x2e, 0x2e, 0xfd, 0x2e, 0xfd, 0x2e, 0xfd, 0x2e, 0x2e, 0xd3, 0x2e, 0x2e, 0x2e, 0xfd, 0x2e, 0x2e, 0x2e, 0x0d, 0x2b, 0x0d, 0x2b, 0x2b, 0x28, 0x28, 0x28, 0x28, 0x28, 0x28, 0x28, 0x28, 0x28, 0x28, 0x28, 0x28, 0x28, 0x28, 0x28, 0x28, 0x28, 0x28, 0x28, 0x28, 0x28, 0x28, 0x28, 0x28, 0x28, 0x28, 0x28, 0x28, 
  0x28, 0x28, 0x28, 0x28, 0x28, 0x28, 0x28, 0x28, 0x28, 0x28, 0x28, 0xc2, 0x8f, 0x8e, 0x8f, 0x8f, 0xc9, 0x28, 0x28, 0x28, 0x28, 0x28, 0x28, 0x28, 0x28, 0x28, 0x28, 0x28, 0x28, 0x28, 0x28, 0x28, 0x28, 0x28, 0x28, 0x28, 0x28, 0x28, 0x28, 0x28, 0x28, 0x28, 0x28, 0x28, 0x28, 0x28, 0x28, 0x28, 0x28, 0x28, 0x28, 0xb6, 0x8e, 0x8e, 0x8f, 0x8e, 0xba, 0x28, 0x28, 0x28, 0x28, 0x28, 0x28, 0x28, 0x28, 0x28, 0x28, 0x28, 0x28, 0x28, 0x28, 0x28, 0x28, 0x28, 0x28, 0x28, 0x28, 0x28, 0x28, 0x28, 0x28, 0x28, 0x28, 0x28, 0x28, 0x28, 0x28, 0x28, 0x28, 0x28, 0x28, 0x28, 0x28, 0x28, 0x1f, 0x0a, 0xea, 0x26, 0x28, 0x28, 0x28, 0xd0, 0xd0, 0xd0, 0x28, 0x28, 0x28, 0x28, 0x24, 0xd9, 0x02, 0x00, 0x0a, 0x1d, 0x28, 0x28, 0x28, 0x28, 0x28, 0x28, 0x28, 0x28, 0x28, 0x28, 0xd1, 0xd3, 0xd4, 0xda, 0xe2, 0x17, 0xed, 0xcc, 0x28, 0x28, 0xf0, 0xcc, 0xec, 0xf3, 0xf2, 0xd6, 0xd3, 0xd3, 0xd3, 0xd3, 0xd3, 0xd3, 0xd3, 0xd3, 0xd3, 0xd3, 0xd3, 0xd3, 0xd3, 0xd3, 0xd3, 0xd3, 0xd3, 0xd3, 0xd3, 0xd3, 0xd3, 0xd3, 0xd3, 0xd3, 0xd3, 0xd3, 0xd3, 0xd3, 0xd3, 0xd3, 0xd3, 0xd3, 0xd5, 0x28, 0xf2, 0xd3, 0xd3, 0xd3, 0xd3, 0x33, 0xf6, 0xe4, 0xdd, 0xd3, 0xd3, 0xd3, 0x23, 0xfa, 0xd7, 0x1e, 0x28, 0x28, 0xc6, 0x8e, 0x8f, 0x8f, 0x8e, 0x9e, 0xc9, 0x28, 0x28, 0x28, 0x28, 0x28, 0x28, 0x28, 0x28, 0x28, 0x28, 0x28, 0x28, 0x28, 0x28, 0x28, 0x28, 0x28, 0x28, 0x28, 0x28, 0x28, 0x28, 0x28, 0x28, 0x28, 0x28, 0x28, 0x28, 0x28, 0x28, 0x28, 0x28, 0x28, 0x28, 0x9e, 0x8e, 0x8e, 0x8e, 0xad, 0x28, 0x28, 0x28, 0x28, 0x28, 0x28, 0x28, 0x28, 0x28, 0x28, 0x28, 0x28, 0x28, 0x28, 0x28, 0x28, 0x28, 0x28, 0x28, 0x28, 0x28, 0x28, 0x28, 0x28, 0x28, 0x28, 0x28, 0x28, 0x28, 0x28, 0x28, 0x28, 0x28, 0x28, 0x28, 0x28, 0x28, 0x28, 0x28, 0x28, 0x28, 0x28, 0x28, 0x28, 0x28, 0x28, 0x28, 0x28, 0x28, 0x28, 0x28, 0x28, 0x28, 0x28, 0x28, 0x28, 0x28, 0x28, 0x28, 0x28, 0x28, 0x28, 0x28, 0x28, 0x28, 0x28, 0x28, 0x28, 0x28, 0x28, 0x28, 0x28, 0x28, 0x28, 0x28, 0x28, 0x28, 0x28, 0x28, 0x28, 0x28, 0x28, 0x28, 0x28, 0x28, 0x28, 0x28, 0x28, 0x28, 0x28, 0x28, 0x28, 0x28, 0x28, 0x28, 0x28, 0x28, 0x28, 0x28, 0x28, 0x28, 0x28, 0x28, 0x28, 0x28, 0x28, 0x28, 0x28, 0x28, 0x28, 0xc9, 0x28, 0xd0, 0x28, 0xc9, 0x28, 0xc9, 0x28, 0xd0, 0x28, 0xd0, 0x28, 0xc9, 0x28, 0xd0, 0x28, 0xd0, 0x28, 0xd0, 0x28, 0xd0, 0x28, 0xd0, 0x28, 0xc9, 0x28, 0xc9, 0x28, 0xc9, 0x28, 0xc9, 0x28, 0xd0, 0x28, 0xc9, 0x28, 0xd0, 0x28, 0xd0, 0x28, 0xd0, 0x28, 0xc9, 0x28, 0xd0, 0x28, 0xd0, 0x28, 0xd0, 0x28, 0xd0, 0x28, 0xd0, 0x28, 0xd0, 0x28, 0xd0, 0x28, 0xc9, 0x28, 0x28, 0x28, 0x31, 0x30, 0x7a, 0x31, 0x7a, 0x31, 0x7a, 0x31, 0x7a, 0x31, 0x7a, 0xfd, 0xfd, 0x2e, 0xd3, 0x2e, 0x2f, 0x2f, 0x2e, 0x2e, 0x2e, 0xfd, 0x2e, 0xfd, 0x2e, 0xfd, 0x2e, 0xd3, 0x2e, 0x2f, 0x2e, 0x2e, 0x2d, 0xfd, 0xfd, 0xfd, 0xd3, 0x2b, 0x2a, 0x2a, 0x2a, 0x2b, 0x28, 0x28, 0x28, 0x28, 0x28, 0x28, 0x28, 0x28, 0x28, 0x28, 0x28, 0x28, 0x28, 0x28, 0x28, 0x28, 0x28, 0x28, 0x28, 0x28, 0x28, 0x28, 0x28, 0x28, 0x28, 0x28, 0x28, 0x28, 
  0x28, 0x28, 0x28, 0x28, 0x28, 0x28, 0x28, 0x28, 0x28, 0x28, 0x28, 0x28, 0x9c, 0x8e, 0x8f, 0x8e, 0xb6, 0x28, 0x28, 0x28, 0x28, 0x28, 0x28, 0x28, 0x28, 0x28, 0x28, 0x28, 0x28, 0x28, 0x28, 0x28, 0x28, 0x28, 0x28, 0x28, 0x28, 0x28, 0x28, 0x28, 0x28, 0x28, 0x28, 0x28, 0x28, 0x28, 0x28, 0x28, 0x28, 0x28, 0x28, 0x28, 0x94, 0x8f, 0x8e, 0x8f, 0x9a, 0xc9, 0x28, 0x28, 0x28, 0x28, 0x28, 0x28, 0x28, 0x28, 0x28, 0x28, 0x28, 0x28, 0x28, 0x28, 0x28, 0x28, 0x28, 0x28, 0x28, 0x28, 0x28, 0x28, 0x28, 0x28, 0x28, 0x28, 0x28, 0x28, 0x28, 0x28, 0x28, 0x28, 0x28, 0x28, 0x28, 0x28, 0x28, 0x17, 0x03, 0x01, 0xf9, 0x54, 0xee, 0x24, 0xf0, 0xf0, 0x25, 0xcd, 0x1d, 0xec, 0x02, 0x00, 0x02, 0x2e, 0x25, 0x28, 0x28, 0x28, 0x28, 0x28, 0x28, 0x28, 0x28, 0x28, 0x28, 0x28, 0xee, 0xd1, 0xc9, 0x27, 0xcf, 0xcd, 0xcc, 0xee, 0xf6, 0xda, 0xd3, 0xd3, 0xd3, 0xd3, 0xd3, 0xd3, 0xd3, 0xd3, 0xd3, 0xd3, 0xd3, 0xd3, 0xd3, 0xd3, 0xd3, 0xd3, 0xd3, 0xd3, 0xd3, 0xd3, 0xca, 0xdb, 0xe6, 0xef, 0xed, 0xe0, 0x31, 0xd3, 0xd3, 0xd3, 0xd3, 0xd3, 0xd3, 0xd3, 0xd4, 0xd5, 0xd3, 0xd4, 0xee, 0x27, 0xd5, 0xd3, 0xd3, 0xd3, 0xd3, 0xd3, 0xd3, 0xd3, 0xd3, 0xd3, 0xd3, 0xd3, 0xcc, 0xe6, 0xd3, 0xd7, 0xee, 0x28, 0xad, 0x8e, 0x8f, 0x8e, 0x8e, 0xc0, 0x28, 0x28, 0x28, 0x28, 0x28, 0x28, 0x28, 0x28, 0x28, 0x28, 0x28, 0x28, 0x28, 0x28, 0x28, 0x28, 0x28, 0x28, 0x28, 0x28, 0x28, 0x28, 0x28, 0x28, 0x28, 0x28, 0x28, 0x28, 0x28, 0x28, 0x28, 0x28, 0x28, 0x28, 0xc6, 0x8e, 0x8f, 0x8e, 0x8f, 0xc7, 0x28, 0x28, 0x28, 0x28, 0x28, 0x28, 0x28, 0x28, 0x28, 0x28, 0x28, 0x28, 0x28, 0x28, 0x28, 0x28, 0x28, 0x28, 0x28, 0x28, 0x28, 0x28, 0x28, 0x28, 0x28, 0x28, 0x28, 0x28, 0x28, 0x28, 0x28, 0x28, 0x28, 0x28, 0x28, 0x28, 0x28, 0x28, 0x28, 0x28, 0x28, 0x28, 0x28, 0x28, 0x28, 0x28, 0x28, 0x28, 0x28, 0x28, 0x28, 0x28, 0x28, 0x28, 0x28, 0x28, 0x28, 0x28, 0x28, 0x28, 0x28, 0x28, 0x28, 0x28, 0x28, 0x28, 0x28, 0x28, 0x28, 0x28, 0x28, 0x28, 0x28, 0x28, 0x28, 0x28, 0x28, 0x28, 0x28, 0x28, 0x28, 0x28, 0x28, 0x28, 0x28, 0x28, 0x28, 0x28, 0x28, 0x28, 0x28, 0x28, 0x28, 0x28, 0x28, 0x28, 0x28, 0x28, 0x28, 0x28, 0x28, 0x28, 0x28, 0x28, 0x28, 0x28, 0x28, 0x28, 0x28, 0xd0, 0x28, 0xd0, 0x28, 0x28, 0xd0, 0x28, 0xd0, 0x28, 0xc9, 0x28, 0x28, 0xc9, 0x28, 0xd0, 0x28, 0xc9, 0x28, 0x28, 0xd0, 0x28, 0xd0, 0x28, 0xc9, 0x28, 0xd0, 0x28, 0xd0, 0x28, 0xd0, 0x28, 0xd0, 0x28, 0xc9, 0x28, 0xd0, 0x28, 0xc9, 0x28, 0xc9, 0x28, 0xc9, 0x28, 0xd0, 0x28, 0xc9, 0x28, 0xc9, 0x28, 0xc9, 0x28, 0xc9, 0x28, 0xc9, 0x28, 0xc9, 0x28, 0xc9, 0x28, 0xd0, 0x28, 0xc9, 0x28, 0x30, 0x31, 0x7a, 0x31, 0x31, 0x31, 0x7a, 0x31, 0x31, 0x7a, 0x7b, 0x2e, 0x2f, 0x2e, 0x2e, 0x2e, 0x2f, 0x2e, 0x2f, 0x2e, 0x2e, 0x2e, 0xfd, 0xfd, 0xfd, 0x2e, 0xfd, 0x2e, 0x2e, 0x2e, 0xd3, 0x2e, 0x2e, 0x2e, 0x2e, 0x2e, 0x2e, 0x2a, 0x2b, 0x2b, 0x2a, 0x2c, 0x28, 0x28, 0x28, 0x28, 0x28, 0x28, 0x28, 0x28, 0x28, 0x28, 0x28, 0x28, 0x28, 0x28, 0x28, 0x28, 0x28, 0x28, 0x28, 0x28, 0x28, 0x28, 0x28, 0x28, 0x28, 0x28, 0x28, 0x28, 
  0x28, 0x28, 0x28, 0x28, 0x28, 0x28, 0x28, 0x28, 0x28, 0x28, 0x28, 0x28, 0xaf, 0x8f, 0x8e, 0x8e, 0x91, 0xc9, 0x28, 0x28, 0x28, 0x28, 0x28, 0x28, 0x28, 0x28, 0x28, 0x28, 0x28, 0x28, 0x28, 0x28, 0x28, 0x28, 0x28, 0x28, 0x28, 0x28, 0x28, 0x28, 0x28, 0x28, 0x28, 0x28, 0x28, 0x28, 0x28, 0x28, 0x28, 0x28, 0x28, 0x28, 0xc7, 0x90, 0x8e, 0x8f, 0x8e, 0xaf, 0x28, 0x28, 0x28, 0x28, 0x28, 0x28, 0x28, 0x28, 0x28, 0x28, 0x28, 0x28, 0x28, 0x28, 0x28, 0x28, 0x28, 0x28, 0x28, 0x28, 0x28, 0x28, 0x28, 0x28, 0x28, 0x28, 0x28, 0x28, 0x28, 0x28, 0x28, 0x28, 0x28, 0x28, 0x28, 0x28, 0x28, 0x28, 0xd0, 0x0c, 0x03, 0x00, 0x00, 0x00, 0x00, 0x00, 0x00, 0x00, 0x00, 0x01, 0x04, 0x0e, 0xf0, 0x28, 0x28, 0x28, 0x28, 0x28, 0x28, 0x28, 0x28, 0x28, 0x28, 0x28, 0x28, 0x28, 0xf0, 0xeb, 0xdb, 0xd3, 0xd3, 0xd3, 0xd3, 0xd3, 0xd3, 0xd3, 0xd3, 0xd3, 0xd3, 0xd3, 0xd3, 0xd3, 0xd3, 0xd3, 0xd3, 0xd3, 0xd3, 0xd3, 0xd3, 0xd3, 0xd3, 0xd3, 0xd3, 0xd3, 0xd3, 0xd3, 0xe7, 0x28, 0x18, 0xfc, 0xfc, 0x25, 0xf0, 0xd4, 0xd3, 0xd3, 0xd3, 0xd3, 0xd3, 0xd3, 0xea, 0xd0, 0xd6, 0xe5, 0x28, 0xde, 0xd3, 0xd3, 0xd3, 0xd3, 0xd3, 0xd3, 0xd3, 0xd3, 0xd3, 0xd3, 0xd3, 0xd3, 0xd3, 0xd3, 0xd3, 0xd3, 0xd4, 0xa4, 0x8f, 0x8e, 0x8f, 0x8e, 0xaf, 0x28, 0x28, 0x28, 0x28, 0x28, 0x28, 0x28, 0x28, 0x28, 0x28, 0x28, 0x28, 0x28, 0x28, 0x28, 0x28, 0x28, 0x28, 0x28, 0x28, 0x28, 0x28, 0x28, 0x28, 0x28, 0x28, 0x28, 0x28, 0x28, 0x28, 0x28, 0x28, 0x28, 0x28, 0x28, 0xad, 0x8e, 0x8f, 0x8e, 0x97, 0x28, 0x28, 0x28, 0x28, 0x28, 0x28, 0x28, 0x28, 0x28, 0x28, 0x28, 0x28, 0x28, 0x28, 0x28, 0x28, 0x28, 0x28, 0x28, 0x28, 0x28, 0x28, 0x28, 0x28, 0x28, 0x28, 0x28, 0x28, 0x28, 0x28, 0x28, 0x28, 0x28, 0x28, 0x28, 0x28, 0x28, 0x28, 0x28, 0x28, 0x28, 0x28, 0x28, 0x28, 0x28, 0x28, 0x28, 0x28, 0x28, 0x28, 0x28, 0x28, 0x28, 0x28, 0x28, 0x28, 0x28, 0x28, 0x28, 0x28, 0x28, 0x28, 0x28, 0x28, 0x28, 0x28, 0x28, 0x28, 0x28, 0x28, 0x28, 0x28, 0x28, 0x28, 0x28, 0x28, 0x28, 0x28, 0x28, 0x28, 0x28, 0x28, 0x28, 0x28, 0x28, 0x28, 0x28, 0x28, 0x28, 0x28, 0x28, 0x28, 0x28, 0x28, 0x28, 0x28, 0x28, 0x28, 0x28, 0x28, 0x28, 0x28, 0x28, 0x28, 0x28, 0x28, 0x28, 0x28, 0x28, 0x28, 0xc9, 0x28, 0xd0, 0x28, 0xd0, 0x28, 0xc9, 0x28, 0xd0, 0x28, 0xd0, 0x28, 0xd0, 0x28, 0x28, 0x28, 0x28, 0x28, 0xc9, 0x28, 0xd0, 0x28, 0xd0, 0x28, 0xc9, 0x28, 0x28, 0x28, 0xc9, 0x28, 0xc9, 0x28, 0xd0, 0x28, 0xc9, 0x28, 0xd0, 0x28, 0xd0, 0x28, 0xd0, 0x28, 0xd0, 0x28, 0xd0, 0x28, 0xd0, 0x28, 0xd0, 0x28, 0xd0, 0x28, 0xd0, 0x28, 0xd0, 0x28, 0xd0, 0x28, 0xc9, 0x28, 0xd0, 0x28, 0xd0, 0x31, 0x31, 0x31, 0x30, 0x7b, 0x31, 0x7a, 0x31, 0x7a, 0x31, 0x31, 0xfd, 0x2f, 0xd3, 0x2f, 0x2f, 0x2e, 0x2e, 0x2e, 0x2e, 0x2e, 0x2e, 0x2e, 0x2e, 0xfd, 0x2e, 0xfd, 0x2e, 0x2e, 0x2e, 0x2e, 0x2e, 0x2e, 0x2e, 0x2e, 0xfd, 0x2e, 0x2a, 0x2a, 0x2a, 0x2b, 0x2b, 0x28, 0x28, 0x28, 0x28, 0x28, 0x28, 0x28, 0x28, 0x28, 0x28, 0x28, 0x28, 0x28, 0x28, 0x28, 0x28, 0x28, 0x28, 0x28, 0x28, 0x28, 0x28, 0x28, 0x28, 0x28, 0x28, 0x28, 0x28, 
  0x28, 0x28, 0x28, 0x28, 0x28, 0x28, 0x28, 0x28, 0x28, 0x28, 0x28, 0x28, 0xc9, 0x8f, 0x8f, 0x8e, 0x8f, 0xbc, 0x28, 0x28, 0x28, 0x28, 0x28, 0x28, 0x28, 0x28, 0x28, 0x28, 0x28, 0x28, 0x28, 0x28, 0x28, 0x28, 0x28, 0x28, 0x28, 0x28, 0x28, 0x28, 0x28, 0x28, 0x28, 0x28, 0x28, 0x28, 0x28, 0x28, 0x28, 0x28, 0x28, 0x28, 0x28, 0xae, 0x8f, 0x8e, 0x8f, 0x8f, 0xbc, 0x28, 0x28, 0x28, 0x28, 0x28, 0x28, 0x28, 0x28, 0x28, 0x28, 0x28, 0x28, 0x28, 0x28, 0x28, 0x28, 0x28, 0x28, 0x28, 0x28, 0x28, 0x28, 0x28, 0x28, 0x28, 0x28, 0x28, 0x28, 0x28, 0x28, 0x28, 0x28, 0x28, 0x28, 0x28, 0x28, 0x28, 0x28, 0x28, 0x28, 0x21, 0xe1, 0x09, 0x01, 0x01, 0x02, 0x7d, 0xe6, 0x26, 0x28, 0x28, 0x28, 0x28, 0x28, 0x28, 0x28, 0x28, 0x28, 0x28, 0x28, 0x28, 0x28, 0x28, 0x28, 0x28, 0xd1, 0xd3, 0xd3, 0xd3, 0xd3, 0xd3, 0xd3, 0xd3, 0xd3, 0xd3, 0xd3, 0xd3, 0xd3, 0xd3, 0xd3, 0xd3, 0xd3, 0xd3, 0xd3, 0xd3, 0xd3, 0xd3, 0xd3, 0xd3, 0xd3, 0xd3, 0xd3, 0xd3, 0xd3, 0xf4, 0x28, 0xfc, 0xf5, 0x29, 0x13, 0xfa, 0xd0, 0x1e, 0xd3, 0xd3, 0xd3, 0xd3, 0xd3, 0xd3, 0xe8, 0x26, 0xd7, 0x28, 0x25, 0xd3, 0xd3, 0xd3, 0xd3, 0xd3, 0xd3, 0xd3, 0xd3, 0xd3, 0xd3, 0xd3, 0xd3, 0xd3, 0xd3, 0xd3, 0xd3, 0xe4, 0xc3, 0x8e, 0x8e, 0x8e, 0x8e, 0x94, 0x28, 0x28, 0x28, 0x28, 0x28, 0x28, 0x28, 0x28, 0x28, 0x28, 0x28, 0x28, 0x28, 0x28, 0x28, 0x28, 0x28, 0x28, 0x28, 0x28, 0x28, 0x28, 0x28, 0x28, 0x28, 0x28, 0x28, 0x28, 0x28, 0x28, 0x28, 0x28, 0x28, 0x28, 0x28, 0xc7, 0x8e, 0x8f, 0x8e, 0x8e, 0xb1, 0x28, 0x28, 0x28, 0x28, 0x28, 0x28, 0x28, 0x28, 0x28, 0x28, 0x28, 0x28, 0x28, 0x28, 0x28, 0x28, 0x28, 0x28, 0x28, 0x28, 0x28, 0x28, 0x28, 0x28, 0x28, 0x28, 0x28, 0x28, 0x28, 0x28, 0x28, 0x28, 0x28, 0x28, 0x28, 0x28, 0x28, 0x28, 0x28, 0x28, 0x28, 0x28, 0x28, 0x28, 0x28, 0xb2, 0x97, 0x97, 0xbc, 0x28, 0x28, 0x28, 0x28, 0x28, 0x28, 0x28, 0x28, 0x28, 0x28, 0x28, 0x28, 0x28, 0x28, 0x28, 0xac, 0x97, 0xb8, 0x28, 0x28, 0xae, 0x8f, 0xb6, 0x28, 0x28, 0x28, 0x28, 0x28, 0x28, 0x28, 0x28, 0x28, 0x28, 0x28, 0x28, 0x28, 0x28, 0x28, 0x28, 0x28, 0x28, 0x28, 0x28, 0x28, 0x28, 0x28, 0x28, 0x28, 0x28, 0x28, 0x28, 0x28, 0x28, 0x28, 0x28, 0x28, 0x28, 0x28, 0x28, 0x28, 0x28, 0x28, 0xd0, 0x28, 0xb8, 0x97, 0x97, 0x97, 0x97, 0x97, 0x9c, 0xaa, 0xb9, 0x28, 0xc9, 0x28, 0xc9, 0x28, 0xd0, 0x28, 0xd0, 0x28, 0xd0, 0x28, 0xd0, 0x28, 0xc9, 0x28, 0x28, 0x28, 0xd0, 0x28, 0xd0, 0x28, 0xc9, 0x28, 0xd0, 0x28, 0xc9, 0x28, 0xc9, 0x28, 0xc9, 0x28, 0xc9, 0x28, 0xc9, 0x28, 0xc9, 0x28, 0xc9, 0x28, 0xc9, 0x28, 0xc9, 0x28, 0xc9, 0x28, 0xc9, 0x28, 0xd0, 0x28, 0xc9, 0x28, 0x31, 0x31, 0x31, 0x7a, 0x31, 0x31, 0x30, 0x31, 0x7a, 0x31, 0x30, 0xfd, 0x2e, 0x2f, 0x2f, 0x2e, 0x2f, 0x2e, 0x2f, 0x2e, 0x2f, 0x2e, 0x2e, 0x2e, 0x2e, 0xfd, 0x2d, 0xfd, 0xfd, 0x2e, 0x2e, 0x2e, 0x2e, 0xfd, 0x2e, 0xfd, 0x2f, 0x30, 0x2a, 0x2a, 0x2a, 0x0d, 0x28, 0x28, 0x28, 0x28, 0x28, 0x28, 0x28, 0x28, 0x28, 0x28, 0x28, 0x28, 0x28, 0x28, 0x28, 0x28, 0x28, 0x28, 0x28, 0x28, 0x28, 0x28, 0x28, 0x28, 0x28, 0x28, 0x28, 0x28, 
  0x28, 0x28, 0x28, 0x28, 0x28, 0x28, 0x28, 0x28, 0x28, 0x28, 0x28, 0x28, 0x28, 0xaf, 0x8e, 0x8f, 0x8e, 0xa6, 0x28, 0x28, 0x28, 0x28, 0x28, 0x28, 0x28, 0x28, 0x28, 0x28, 0x28, 0x28, 0x28, 0x28, 0x28, 0x28, 0x28, 0x28, 0x28, 0x28, 0x28, 0x28, 0x28, 0x28, 0x28, 0x28, 0x28, 0x28, 0x28, 0x28, 0x28, 0x28, 0x28, 0x28, 0x28, 0x28, 0x90, 0x8f, 0x8e, 0x8e, 0x91, 0xc9, 0x28, 0x28, 0x28, 0x28, 0x28, 0x28, 0x28, 0x28, 0x28, 0x28, 0x28, 0x28, 0x28, 0x28, 0x28, 0x28, 0x28, 0x28, 0x28, 0x28, 0x28, 0x28, 0x28, 0x28, 0x28, 0x28, 0x28, 0x28, 0x28, 0x28, 0x28, 0x28, 0x28, 0x28, 0x28, 0x28, 0x28, 0x28, 0x28, 0x28, 0x28, 0x28, 0x28, 0x28, 0x28, 0x28, 0x28, 0x28, 0x28, 0x28, 0x28, 0x28, 0x28, 0x28, 0x28, 0x28, 0x28, 0x28, 0x28, 0x28, 0x28, 0x28, 0x28, 0x28, 0xd1, 0xd3, 0xd3, 0xd3, 0xd3, 0xd3, 0xd3, 0xd3, 0xd3, 0xd3, 0xd3, 0xd3, 0xd3, 0xd3, 0xd3, 0xd3, 0xd3, 0xd3, 0xd3, 0xd3, 0xd3, 0xd3, 0xd3, 0xd3, 0xd3, 0xd3, 0xd3, 0xd3, 0xd3, 0x1c, 0xcb, 0xf6, 0x00, 0x00, 0x00, 0xca, 0xfa, 0x28, 0xd4, 0xd3, 0xd3, 0xd3, 0xd3, 0xd3, 0xd3, 0xd4, 0xec, 0x27, 0xd4, 0xd3, 0xd3, 0xd3, 0xd3, 0xd3, 0xd3, 0xd3, 0xd3, 0xd3, 0xd3, 0xd3, 0xd3, 0xd3, 0xd3, 0xd3, 0xd3, 0xf5, 0xae, 0x8e, 0x8e, 0x8e, 0x8e, 0xbb, 0x28, 0x28, 0x28, 0x28, 0x28, 0x28, 0x28, 0x28, 0x28, 0x28, 0x28, 0x28, 0x28, 0x28, 0x28, 0x28, 0x28, 0x28, 0x28, 0x28, 0x28, 0x28, 0x28, 0x28, 0x28, 0x28, 0x28, 0x28, 0x28, 0x28, 0x28, 0x28, 0x28, 0x28, 0x28, 0xbc, 0x8f, 0x8e, 0x8e, 0x93, 0x28, 0x28, 0x28, 0x28, 0x28, 0x28, 0x28, 0x28, 0x28, 0x28, 0x28, 0x28, 0x28, 0x28, 0x28, 0x28, 0x28, 0x28, 0x28, 0x28, 0x28, 0x28, 0x28, 0x28, 0x28, 0x28, 0x28, 0x28, 0x28, 0x28, 0x28, 0x28, 0x28, 0x28, 0x28, 0x28, 0x28, 0x28, 0x28, 0x28, 0x28, 0x28, 0x28, 0x28, 0x28, 0x28, 0x90, 0x8e, 0x8e, 0xa5, 0x28, 0x28, 0x28, 0x28, 0x28, 0x28, 0x28, 0x28, 0x28, 0x28, 0x28, 0x28, 0x28, 0x28, 0x28, 0xa0, 0x8e, 0xb1, 0x28, 0x28, 0x8f, 0x8e, 0x9a, 0x28, 0x28, 0x28, 0xd0, 0xbc, 0xc1, 0x28, 0x28, 0x28, 0x28, 0x28, 0x28, 0x28, 0x28, 0x28, 0x28, 0x28, 0x28, 0x28, 0x28, 0x28, 0x28, 0x28, 0x28, 0x28, 0x28, 0x28, 0x28, 0x28, 0x28, 0x28, 0x28, 0x28, 0x28, 0x28, 0x28, 0x28, 0x28, 0x28, 0xc9, 0x28, 0xb1, 0x8e, 0x8f, 0x8e, 0x8f, 0x8e, 0x8e, 0x8e, 0x8e, 0xa0, 0xc7, 0x28, 0xd0, 0x28, 0x28, 0xd0, 0x28, 0xd0, 0x28, 0xc9, 0x28, 0xd0, 0x28, 0xc9, 0x28, 0xc9, 0x28, 0xc9, 0x28, 0xd0, 0x28, 0xc9, 0x28, 0xd0, 0x28, 0xd0, 0x28, 0xd0, 0x28, 0xd0, 0x28, 0xd0, 0x28, 0xd0, 0x28, 0xd0, 0x28, 0xd0, 0x28, 0xd0, 0x28, 0xd0, 0x28, 0xd0, 0x28, 0xc9, 0x28, 0xd0, 0x28, 0xd0, 0x31, 0x31, 0x31, 0x30, 0x30, 0x31, 0x31, 0x31, 0x31, 0x7d, 0x7f, 0xd6, 0x7a, 0xd3, 0x2f, 0x2f, 0x2e, 0x2e, 0x2e, 0x2e, 0x2d, 0x2f, 0x2e, 0x2e, 0x2e, 0xfd, 0xfd, 0xfd, 0x2e, 0xfd, 0xfd, 0xfd, 0xfd, 0x2e, 0xfd, 0x7a, 0x7a, 0x30, 0x7a, 0x7a, 0x31, 0x30, 0x28, 0x28, 0x28, 0x28, 0x28, 0x28, 0x28, 0x28, 0x28, 0x28, 0x28, 0x28, 0x28, 0x28, 0x28, 0x28, 0x28, 0x28, 0x28, 0x28, 0x28, 0x28, 0x28, 0x28, 0x28, 0x28, 0x28, 0x28, 
  0x28, 0x28, 0x28, 0x28, 0x28, 0x28, 0x28, 0x28, 0x28, 0x28, 0x28, 0x28, 0x28, 0xc4, 0x8f, 0x8e, 0x8f, 0x8f, 0xc6, 0x28, 0x28, 0x28, 0x28, 0x28, 0x28, 0x28, 0x28, 0x28, 0x28, 0x28, 0x28, 0x28, 0x28, 0x28, 0x28, 0x28, 0x28, 0x28, 0x28, 0x28, 0x28, 0x28, 0x28, 0x28, 0x28, 0x28, 0x28, 0x28, 0x28, 0x28, 0x28, 0x28, 0x28, 0x28, 0xbc, 0x8e, 0x8f, 0x8e, 0x8e, 0xa3, 0x28, 0x28, 0x28, 0x28, 0x28, 0x28, 0x28, 0x28, 0x28, 0x28, 0x28, 0x28, 0x28, 0x28, 0x28, 0x28, 0x28, 0x28, 0x28, 0x28, 0x28, 0x28, 0x28, 0x28, 0x28, 0x28, 0x28, 0x28, 0x28, 0x28, 0x28, 0x28, 0x28, 0x28, 0x28, 0x28, 0x28, 0x28, 0x28, 0x28, 0x28, 0x28, 0x28, 0x28, 0x28, 0x28, 0x28, 0x28, 0x28, 0x28, 0x28, 0x28, 0x28, 0x28, 0x28, 0x28, 0x28, 0x28, 0x28, 0x28, 0x28, 0x28, 0x28, 0x28, 0xd1, 0xd3, 0xd3, 0xd3, 0xd3, 0xd3, 0xd3, 0xd3, 0xd3, 0xd3, 0xd3, 0xd3, 0xd3, 0xd3, 0xd3, 0xd3, 0xd3, 0xd3, 0xd3, 0xd3, 0xd3, 0xd3, 0xd3, 0xd3, 0xd3, 0xd3, 0xd3, 0xd3, 0xd3, 0x1f, 0xcb, 0xdb, 0x00, 0x00, 0x00, 0x06, 0xfa, 0x28, 0xd5, 0xd3, 0xd3, 0xda, 0xe4, 0xd3, 0xd3, 0x1c, 0x28, 0xe2, 0xd3, 0xd3, 0xd3, 0xd3, 0xd3, 0xd3, 0xd3, 0xd3, 0xd3, 0xd3, 0xd3, 0xd3, 0xd3, 0xd3, 0xd3, 0xd3, 0xd3, 0x84, 0x8e, 0x8e, 0x8f, 0x8e, 0xae, 0xc9, 0x28, 0x28, 0x28, 0x28, 0x28, 0x28, 0x28, 0x28, 0x28, 0x28, 0x28, 0x28, 0x28, 0x28, 0x28, 0x28, 0x28, 0x28, 0x28, 0x28, 0x28, 0x28, 0x28, 0x28, 0x28, 0x28, 0x28, 0x28, 0x28, 0x28, 0x28, 0x28, 0x28, 0x28, 0x28, 0x9f, 0x8e, 0x8f, 0x8e, 0xb9, 0x28, 0x28, 0x28, 0x28, 0x28, 0x28, 0x28, 0x28, 0x28, 0x28, 0x28, 0x28, 0x28, 0x28, 0x28, 0x28, 0x28, 0x28, 0x28, 0x28, 0x28, 0x28, 0x28, 0x28, 0x28, 0x28, 0x28, 0x28, 0x28, 0x28, 0x28, 0x28, 0x28, 0x28, 0x28, 0x28, 0x28, 0x28, 0x28, 0x28, 0x28, 0x28, 0x28, 0x28, 0x28, 0xbc, 0x8e, 0x8f, 0x8e, 0x8e, 0xc6, 0x28, 0x28, 0x28, 0x28, 0x28, 0x28, 0x28, 0x28, 0x28, 0x28, 0x28, 0x28, 0x28, 0x28, 0xa0, 0x8e, 0xb1, 0x28, 0x28, 0xb4, 0x9a, 0xba, 0x28, 0x28, 0x28, 0x9e, 0x8f, 0xb2, 0x28, 0x28, 0x28, 0x28, 0x28, 0x28, 0x28, 0x28, 0x28, 0x28, 0x28, 0x28, 0x28, 0x28, 0x28, 0x28, 0x28, 0x28, 0x28, 0x28, 0x28, 0x28, 0x28, 0x28, 0x28, 0x28, 0x28, 0x28, 0x28, 0x28, 0x28, 0x28, 0xd0, 0x28, 0xd0, 0xb1, 0x8e, 0x8f, 0xb7, 0xb7, 0xb7, 0xb2, 0xa1, 0x8e, 0x8e, 0xaa, 0xd0, 0x28, 0xc9, 0x28, 0x28, 0xd0, 0x28, 0xc9, 0x28, 0xd0, 0x28, 0xc9, 0x28, 0xd0, 0x28, 0xd0, 0x28, 0xd0, 0x28, 0xc9, 0x28, 0xd0, 0x28, 0xc9, 0x28, 0xc9, 0x28, 0xc9, 0x28, 0xc9, 0x28, 0xc9, 0x28, 0xc9, 0x28, 0xc9, 0x28, 0xd0, 0x28, 0xc9, 0x28, 0xc9, 0x28, 0xc9, 0x28, 0xd0, 0x28, 0xc9, 0xd0, 0x31, 0x31, 0x31, 0x30, 0x31, 0x31, 0x31, 0x31, 0x7f, 0x7f, 0x7f, 0x32, 0x7f, 0x32, 0x2f, 0x2f, 0x2e, 0x2f, 0x2e, 0x2e, 0x2e, 0x2e, 0x2e, 0x2e, 0x2e, 0xfd, 0x2e, 0xfd, 0xfd, 0xfd, 0x2e, 0xfd, 0x2e, 0x2f, 0x7a, 0x7a, 0x7a, 0x7a, 0x7a, 0x7a, 0x7a, 0x7a, 0x28, 0x28, 0x28, 0x28, 0x28, 0x28, 0x28, 0x28, 0x28, 0x28, 0x28, 0x28, 0x28, 0x28, 0x28, 0x28, 0x28, 0x28, 0x28, 0x28, 0x28, 0x28, 0x28, 0x28, 0x28, 0x28, 0x28, 0x28, 
  0x28, 0x28, 0x28, 0x28, 0x28, 0x28, 0x28, 0x28, 0x28, 0x28, 0x28, 0x28, 0x28, 0x28, 0xad, 0x8f, 0x8e, 0x8f, 0xac, 0x28, 0x28, 0x28, 0x28, 0x28, 0x28, 0x28, 0x28, 0x28, 0x28, 0x28, 0x28, 0x28, 0x28, 0x28, 0x28, 0x28, 0x28, 0x28, 0x28, 0x28, 0x28, 0x28, 0x28, 0x28, 0x28, 0x28, 0x28, 0x28, 0x28, 0x28, 0x28, 0x28, 0x28, 0x28, 0x28, 0xb1, 0x8e, 0x8f, 0x8e, 0x8e, 0xb1, 0x28, 0x28, 0x28, 0x28, 0x28, 0x28, 0x28, 0x28, 0x28, 0x28, 0x28, 0x28, 0x28, 0x28, 0x28, 0x28, 0x28, 0x28, 0x28, 0x28, 0x28, 0x28, 0x28, 0x28, 0x28, 0x28, 0x28, 0x28, 0x28, 0x28, 0x28, 0x28, 0x28, 0x28, 0x28, 0x28, 0x28, 0x28, 0x28, 0x28, 0x28, 0x28, 0x28, 0x28, 0x28, 0x28, 0x28, 0x28, 0x28, 0x28, 0x28, 0x28, 0x28, 0x28, 0x28, 0x28, 0x28, 0x28, 0x28, 0x28, 0x28, 0x28, 0x28, 0xd1, 0xd3, 0xd3, 0xd3, 0xd3, 0xd3, 0xd3, 0xd3, 0xd3, 0xd3, 0xd3, 0xd3, 0xd3, 0xd3, 0xd3, 0xd3, 0xd3, 0xd3, 0xd3, 0xd3, 0xd3, 0xd3, 0xd3, 0xd3, 0xd3, 0xd3, 0xd3, 0xd3, 0xd3, 0x1d, 0xcb, 0xf5, 0x00, 0x00, 0x00, 0xff, 0xfa, 0x28, 0xd4, 0xd3, 0xd3, 0xed, 0x28, 0xde, 0xf2, 0x28, 0x17, 0xd3, 0xd3, 0xd3, 0xd3, 0xd3, 0xd3, 0xd3, 0xd3, 0xd3, 0xd3, 0xd3, 0xd3, 0xd3, 0xd3, 0xd3, 0xd3, 0xd3, 0x7c, 0x8d, 0x8e, 0x8e, 0x8e, 0x91, 0xc7, 0x28, 0x28, 0x28, 0x28, 0x28, 0x28, 0x28, 0x28, 0x28, 0x28, 0x28, 0x28, 0x28, 0x28, 0x28, 0x28, 0x28, 0x28, 0x28, 0x28, 0x28, 0x28, 0x28, 0x28, 0x28, 0x28, 0x28, 0x28, 0x28, 0x28, 0x28, 0x28, 0x28, 0x28, 0x28, 0xbd, 0x8e, 0x8f, 0x8e, 0x90, 0xc9, 0x28, 0x28, 0x28, 0x28, 0x28, 0x28, 0x28, 0x28, 0x28, 0x28, 0x28, 0x28, 0x28, 0x28, 0x28, 0x28, 0x28, 0x28, 0x28, 0x28, 0x28, 0x28, 0x28, 0x28, 0x28, 0x28, 0x28, 0x28, 0x28, 0x28, 0x28, 0x28, 0x28, 0x28, 0x28, 0x28, 0x28, 0x28, 0x28, 0x28, 0x28, 0x28, 0x28, 0x28, 0x28, 0xa9, 0x8f, 0x91, 0x8e, 0x8f, 0xb6, 0x28, 0x28, 0x28, 0x28, 0x28, 0x28, 0x28, 0x28, 0x28, 0x28, 0x28, 0x28, 0x28, 0x28, 0xa0, 0x8e, 0xb1, 0x28, 0x28, 0x28, 0x28, 0x28, 0x28, 0x28, 0x28, 0x9e, 0x8e, 0xb4, 0x28, 0x28, 0x28, 0x28, 0x28, 0x28, 0x28, 0x28, 0x28, 0x28, 0x28, 0x28, 0x28, 0x28, 0x28, 0x28, 0x28, 0x28, 0x28, 0x28, 0x28, 0x28, 0x28, 0x28, 0x28, 0x28, 0x28, 0x28, 0x28, 0x28, 0x28, 0x28, 0xc9, 0x28, 0xc9, 0xb2, 0x8e, 0x91, 0x28, 0xd0, 0x28, 0xd0, 0x28, 0xad, 0x8f, 0x8e, 0xc2, 0x28, 0xd0, 0x28, 0xc9, 0x28, 0xd0, 0x28, 0xc9, 0x28, 0xd0, 0x28, 0xc9, 0x28, 0xc9, 0x28, 0xc9, 0x28, 0xd0, 0x28, 0xc9, 0x28, 0xd0, 0x28, 0xd0, 0x28, 0xd0, 0x28, 0xd0, 0x28, 0xd0, 0x28, 0xd0, 0x28, 0xd0, 0x28, 0xc9, 0x28, 0xd0, 0x28, 0xd0, 0x28, 0xd0, 0x28, 0xc9, 0x28, 0xd0, 0x28, 0xc9, 0x31, 0x31, 0x31, 0x31, 0x31, 0x31, 0x33, 0x7f, 0x7f, 0x7f, 0x33, 0x33, 0xd6, 0xd6, 0x7d, 0xd5, 0x2f, 0x2e, 0x2f, 0x2e, 0x2e, 0x2e, 0x2e, 0x2e, 0x2e, 0x2e, 0xfd, 0x2e, 0xfd, 0x2e, 0x2c, 0x2e, 0x7a, 0x7a, 0x30, 0x30, 0x7a, 0x31, 0x31, 0x30, 0x7a, 0x30, 0x28, 0x28, 0x28, 0x28, 0x28, 0x28, 0x28, 0x28, 0x28, 0x28, 0x28, 0x28, 0x28, 0x28, 0x28, 0x28, 0x28, 0x28, 0x28, 0x28, 0x28, 0x28, 0x28, 0x28, 0x28, 0x28, 0x28, 0x28, 
  0x28, 0x28, 0x28, 0x28, 0x28, 0x28, 0x28, 0x28, 0x28, 0x28, 0x28, 0x28, 0x28, 0x28, 0xc0, 0x8e, 0x8f, 0x8e, 0x90, 0xc6, 0x28, 0x28, 0x28, 0x28, 0x28, 0x28, 0x28, 0x28, 0x28, 0x28, 0x28, 0x28, 0x28, 0x28, 0x28, 0x28, 0x28, 0x28, 0x28, 0x28, 0x28, 0x28, 0x28, 0x28, 0x28, 0x28, 0x28, 0x28, 0x28, 0x28, 0x28, 0x28, 0x28, 0x28, 0x28, 0x28, 0xa0, 0x8e, 0x8f, 0x8e, 0x91, 0xbc, 0x28, 0x28, 0x28, 0x28, 0x28, 0x28, 0x28, 0x28, 0x28, 0x28, 0x28, 0x28, 0x28, 0x28, 0x28, 0x28, 0x28, 0x28, 0x28, 0x28, 0x28, 0x28, 0x28, 0x28, 0x28, 0x28, 0x28, 0x28, 0x28, 0x28, 0x28, 0x28, 0x28, 0x28, 0x28, 0x28, 0x28, 0x28, 0x28, 0x28, 0x28, 0x28, 0x28, 0x28, 0x28, 0x28, 0x28, 0x28, 0x28, 0x28, 0x28, 0x28, 0x28, 0x28, 0x28, 0x28, 0x28, 0x28, 0x28, 0x28, 0x28, 0x28, 0xd1, 0xd3, 0xd3, 0xd3, 0xd3, 0xd3, 0xd3, 0xd3, 0xd3, 0xd3, 0xd3, 0xd3, 0xd3, 0xd3, 0xd3, 0xd3, 0xd3, 0xd3, 0xd3, 0xd3, 0xd3, 0xd3, 0xd3, 0xd3, 0xd3, 0xd3, 0xd3, 0xd3, 0xd3, 0xf9, 0x26, 0xfc, 0xfe, 0xfd, 0x2f, 0xfb, 0xce, 0x1b, 0xd4, 0xd3, 0xd3, 0xe2, 0xf6, 0xda, 0xcf, 0xee, 0xd5, 0xd5, 0x23, 0xf0, 0xf0, 0xf0, 0xf5, 0xd3, 0xd3, 0xd3, 0xd3, 0xd3, 0xd3, 0xd3, 0xd3, 0xd3, 0xd3, 0x30, 0x8a, 0x8f, 0x8f, 0x8e, 0x90, 0xc5, 0x28, 0x28, 0x28, 0x28, 0x28, 0x28, 0x28, 0x28, 0x28, 0x28, 0x28, 0x28, 0x28, 0x28, 0x28, 0x28, 0x28, 0x28, 0x28, 0x28, 0x28, 0x28, 0x28, 0x28, 0x28, 0x28, 0x28, 0x28, 0x28, 0x28, 0x28, 0x28, 0x28, 0x28, 0x28, 0x28, 0xa9, 0x8f, 0x8e, 0x8f, 0xaf, 0x28, 0x28, 0x28, 0x28, 0x28, 0x28, 0x28, 0x28, 0x28, 0x28, 0x28, 0x28, 0x28, 0x28, 0x28, 0x28, 0x28, 0x28, 0x28, 0x28, 0x28, 0x28, 0x28, 0x28, 0x28, 0x28, 0x28, 0x28, 0x28, 0x28, 0x28, 0x28, 0x28, 0x28, 0x28, 0x28, 0x28, 0x28, 0x28, 0x28, 0x28, 0x28, 0x28, 0x28, 0x28, 0xc7, 0x8e, 0x8e, 0xb4, 0xa5, 0x8e, 0x97, 0x28, 0x28, 0x28, 0x28, 0x28, 0x28, 0x28, 0xc7, 0xba, 0xae, 0xaa, 0xb7, 0xc1, 0x28, 0xa1, 0x8e, 0xb1, 0x28, 0x28, 0xbe, 0xb8, 0xc0, 0x28, 0xba, 0xb8, 0x94, 0x8e, 0xa6, 0xb8, 0xb8, 0xc2, 0xbd, 0xb8, 0xbd, 0x28, 0x28, 0x28, 0x28, 0x28, 0x28, 0xbc, 0xb8, 0xbe, 0x28, 0x28, 0x28, 0xbf, 0xb4, 0xaa, 0xaf, 0xbc, 0xc7, 0xc6, 0xb8, 0xb9, 0x28, 0x28, 0x28, 0x28, 0x28, 0x28, 0xd0, 0x28, 0xb1, 0x8e, 0x91, 0x28, 0xc9, 0x28, 0xc9, 0x28, 0xc7, 0x8e, 0x8e, 0xba, 0xd0, 0x28, 0xc9, 0x28, 0xd0, 0x28, 0xc9, 0x28, 0xd0, 0x28, 0xd0, 0x28, 0xd0, 0x28, 0xd0, 0x28, 0xd0, 0x28, 0xc9, 0x28, 0xd0, 0x28, 0xc9, 0x28, 0xd0, 0x28, 0xc9, 0x28, 0xc9, 0x28, 0xc9, 0x28, 0xc9, 0x28, 0xc9, 0x28, 0xd0, 0x28, 0xc9, 0x28, 0xc9, 0x28, 0xc9, 0x28, 0xd0, 0x28, 0xd0, 0x28, 0x7a, 0x7d, 0x31, 0x31, 0x31, 0x7f, 0x7f, 0x33, 0x7f, 0x33, 0x33, 0x33, 0x33, 0x7f, 0xd6, 0x7f, 0x7f, 0x7d, 0x2e, 0xfd, 0x2e, 0x2e, 0x2e, 0xfd, 0x2e, 0x2e, 0x2e, 0x2e, 0x2e, 0x2e, 0x2f, 0x31, 0x7a, 0x7a, 0x31, 0x7a, 0x7a, 0x30, 0x30, 0x2f, 0x30, 0x7a, 0x28, 0x28, 0x28, 0x28, 0x28, 0x28, 0x28, 0x28, 0x28, 0x28, 0x28, 0x28, 0x28, 0x28, 0x28, 0x28, 0x28, 0x28, 0x28, 0x28, 0x28, 0x28, 0x28, 0x28, 0x28, 0x28, 0x28, 0x28, 
  0x28, 0x28, 0x28, 0x28, 0x28, 0x28, 0x28, 0x28, 0x28, 0x28, 0x28, 0x28, 0x28, 0x28, 0xc9, 0x93, 0x8f, 0x8e, 0x8e, 0xa0, 0x28, 0x28, 0x28, 0x28, 0x28, 0x28, 0x28, 0x28, 0x28, 0x28, 0x28, 0x28, 0x28, 0x28, 0x28, 0x28, 0x28, 0x28, 0x28, 0x28, 0x28, 0x28, 0x28, 0x28, 0x28, 0x28, 0x28, 0x28, 0x28, 0x28, 0x28, 0x28, 0x28, 0x28, 0x28, 0x28, 0xc4, 0x8f, 0x8e, 0x8e, 0x8e, 0x90, 0xc5, 0x28, 0x28, 0x28, 0x28, 0x28, 0x28, 0x28, 0x28, 0x28, 0x28, 0x28, 0x28, 0x28, 0x28, 0x28, 0x28, 0x28, 0x28, 0x28, 0x28, 0x28, 0x28, 0x28, 0x28, 0x28, 0x28, 0x28, 0x28, 0x28, 0x28, 0x28, 0x28, 0x28, 0x28, 0x28, 0x28, 0x28, 0x28, 0x28, 0x28, 0x28, 0x28, 0x28, 0x28, 0x28, 0x28, 0x28, 0x28, 0x28, 0x28, 0x28, 0x28, 0x28, 0x28, 0x28, 0x28, 0x28, 0x28, 0x28, 0x28, 0x28, 0xd1, 0xd3, 0xd3, 0xd3, 0xd3, 0xd3, 0xd3, 0xd3, 0xd3, 0xd3, 0xd3, 0xd3, 0xd3, 0xd3, 0xd3, 0xd3, 0xca, 0xfa, 0x1a, 0x1e, 0xf6, 0xd8, 0xd3, 0xd3, 0xd3, 0xd3, 0xd3, 0xd3, 0xd3, 0xd3, 0xf6, 0x28, 0xed, 0x17, 0xfc, 0x24, 0x1f, 0xd3, 0xd3, 0xd3, 0xd3, 0xd3, 0xd9, 0x23, 0x24, 0xd4, 0xd3, 0xf5, 0x28, 0x2f, 0x07, 0xfb, 0xd0, 0xd9, 0xd3, 0xd3, 0xd3, 0xd3, 0xd3, 0xd3, 0xd3, 0xd3, 0xd3, 0x8a, 0x8e, 0x8e, 0x8e, 0x8e, 0xb8, 0x28, 0x28, 0x28, 0x28, 0x28, 0x28, 0x28, 0x28, 0x28, 0x28, 0x28, 0x28, 0x28, 0x28, 0x28, 0x28, 0x28, 0x28, 0x28, 0x28, 0x28, 0x28, 0x28, 0x28, 0x28, 0x28, 0x28, 0x28, 0x28, 0x28, 0x28, 0x28, 0x28, 0x28, 0x28, 0x28, 0xbc, 0x8f, 0x8e, 0x8f, 0x8e, 0xc6, 0x28, 0x28, 0x28, 0x28, 0x28, 0x28, 0x28, 0x28, 0x28, 0x28, 0x28, 0x28, 0x28, 0x28, 0x28, 0x28, 0x28, 0x28, 0x28, 0x28, 0x28, 0x28, 0x28, 0x28, 0x28, 0x28, 0x28, 0x28, 0x28, 0x28, 0x28, 0x28, 0x28, 0x28, 0x28, 0x28, 0x28, 0x28, 0x28, 0x28, 0x28, 0x28, 0x28, 0x28, 0x28, 0xb7, 0x8f, 0x8e, 0xc6, 0xbb, 0x8e, 0x8e, 0xc1, 0x28, 0x28, 0x28, 0x28, 0x28, 0xbd, 0x91, 0x8f, 0x8e, 0x8f, 0x8e, 0x8e, 0xb4, 0xa0, 0x8e, 0xb1, 0x28, 0x28, 0xa5, 0x8e, 0xae, 0x28, 0x8e, 0x8f, 0x8e, 0x8f, 0x8e, 0x8e, 0x8e, 0xb7, 0xb2, 0x8e, 0x8f, 0xc7, 0x28, 0x28, 0x28, 0x28, 0xc9, 0x8f, 0x8e, 0xb4, 0x28, 0xc9, 0xac, 0x8e, 0x8e, 0x8e, 0x8e, 0x8e, 0x94, 0xbb, 0x8e, 0x8e, 0x28, 0x28, 0x28, 0x28, 0x28, 0xc9, 0x28, 0xc9, 0xb2, 0x8e, 0x94, 0xd0, 0x28, 0xd0, 0x28, 0xd0, 0xc9, 0x90, 0x8f, 0xb2, 0x28, 0xd0, 0x28, 0xc9, 0x28, 0x28, 0xd0, 0x28, 0xd0, 0x28, 0xd0, 0x28, 0xc9, 0x28, 0xc9, 0x28, 0xc9, 0x28, 0xd0, 0x28, 0xc9, 0x28, 0xd0, 0x28, 0xc9, 0x28, 0xd0, 0x28, 0xd0, 0x28, 0xd0, 0x28, 0xd0, 0x28, 0xd0, 0x28, 0xc9, 0x28, 0xd0, 0x28, 0xd0, 0x28, 0xd0, 0x28, 0xc9, 0x28, 0xc9, 0x28, 0x31, 0x7b, 0x31, 0x7f, 0x7f, 0x7f, 0x33, 0x7f, 0x7f, 0x7f, 0x34, 0xd6, 0x33, 0xd6, 0x33, 0x33, 0x33, 0x7f, 0x32, 0x2e, 0x2e, 0xfd, 0x2e, 0x2f, 0x2e, 0x2e, 0x2e, 0x2e, 0x2e, 0x7a, 0x7a, 0x31, 0x7a, 0x31, 0x7a, 0x31, 0x7a, 0x7a, 0x2f, 0x30, 0x2f, 0x30, 0x28, 0x28, 0x28, 0x28, 0x28, 0x28, 0x28, 0x28, 0x28, 0x28, 0x28, 0x28, 0x28, 0x28, 0x28, 0x28, 0x28, 0x28, 0x28, 0x28, 0x28, 0x28, 0x28, 0x28, 0x28, 0x28, 0x28, 0x28, 
  0x28, 0x28, 0x28, 0x28, 0x28, 0x28, 0x28, 0x28, 0x28, 0x28, 0x28, 0x28, 0x28, 0x28, 0x28, 0xb9, 0x8f, 0x8e, 0x8f, 0x8e, 0xc8, 0x28, 0x28, 0x28, 0x28, 0x28, 0x28, 0x28, 0x28, 0x28, 0x28, 0x28, 0x28, 0x28, 0x28, 0x28, 0x28, 0x28, 0x28, 0x28, 0x28, 0x28, 0x28, 0x28, 0x28, 0x28, 0x28, 0x28, 0x28, 0x28, 0x28, 0x28, 0x28, 0x28, 0x28, 0x28, 0x28, 0xb4, 0x8e, 0x8f, 0x8f, 0x8e, 0x91, 0xc9, 0x28, 0x28, 0x28, 0x28, 0x28, 0x28, 0x28, 0x28, 0x28, 0x28, 0x28, 0x28, 0x28, 0x28, 0x28, 0x28, 0x28, 0x28, 0x28, 0x28, 0x28, 0x28, 0x28, 0x28, 0x28, 0x28, 0x28, 0x28, 0x28, 0x28, 0x28, 0x28, 0x28, 0x28, 0x28, 0x28, 0x28, 0x28, 0x28, 0x28, 0x28, 0x28, 0x28, 0x28, 0x28, 0x28, 0x28, 0x28, 0x28, 0x28, 0x28, 0x28, 0x28, 0x28, 0x28, 0x28, 0x28, 0x28, 0x28, 0x28, 0xd1, 0xd3, 0xd3, 0xd3, 0xd3, 0xd3, 0xd3, 0xd3, 0xd3, 0xd3, 0xd3, 0xd3, 0xd3, 0xd3, 0xd3, 0xd3, 0xcd, 0x23, 0xee, 0xee, 0x24, 0xf0, 0xdd, 0xd3, 0xd3, 0xd3, 0xd3, 0xd3, 0xd3, 0xd3, 0xd3, 0xe2, 0x21, 0x28, 0xf0, 0xe8, 0xd3, 0xd3, 0x24, 0xcb, 0xca, 0xd7, 0xcd, 0x28, 0xdf, 0xd3, 0xd5, 0x27, 0xf8, 0x00, 0x00, 0x00, 0xcb, 0xfb, 0xd3, 0xd3, 0xd3, 0xd3, 0xd3, 0xd3, 0xd3, 0xd3, 0x87, 0x8e, 0x8f, 0x8e, 0x8f, 0x9a, 0x28, 0x28, 0x28, 0x28, 0x28, 0x28, 0x28, 0x28, 0x28, 0x28, 0x28, 0x28, 0x28, 0x28, 0x28, 0x28, 0x28, 0x28, 0x28, 0x28, 0x28, 0x28, 0x28, 0x28, 0x28, 0x28, 0x28, 0x28, 0x28, 0x28, 0x28, 0x28, 0x28, 0x28, 0x28, 0x28, 0x28, 0x9f, 0x8e, 0x8f, 0x8e, 0x9e, 0x28, 0x28, 0x28, 0x28, 0x28, 0x28, 0x28, 0x28, 0x28, 0x28, 0x28, 0x28, 0x28, 0x28, 0x28, 0x28, 0x28, 0x28, 0x28, 0x28, 0x28, 0x28, 0x28, 0x28, 0x28, 0x28, 0x28, 0x28, 0x28, 0x28, 0x28, 0x28, 0x28, 0x28, 0x28, 0x28, 0x28, 0x28, 0x28, 0x28, 0x28, 0x28, 0x28, 0x28, 0x28, 0x28, 0x9e, 0x8e, 0xa0, 0x28, 0xd0, 0x90, 0x8e, 0xae, 0x28, 0x28, 0x28, 0x28, 0xbf, 0x8e, 0x8e, 0x8e, 0xa5, 0xae, 0xa3, 0x8f, 0x8e, 0x8e, 0x8f, 0xb1, 0x28, 0x28, 0xa5, 0x8f, 0xae, 0x28, 0x9f, 0x9e, 0x8f, 0x8e, 0x91, 0x9e, 0x9e, 0xbd, 0xc7, 0x8f, 0x8f, 0xb4, 0x28, 0x28, 0x28, 0x28, 0xb9, 0x8f, 0x8e, 0xc6, 0x28, 0xa5, 0x8e, 0x8f, 0x94, 0xad, 0xaa, 0x94, 0x8e, 0x8e, 0x8f, 0x8e, 0x28, 0x28, 0x28, 0x28, 0x28, 0x28, 0xd0, 0x28, 0xb1, 0x8e, 0x91, 0x28, 0xc9, 0x28, 0xc9, 0x28, 0xc1, 0x8e, 0x8e, 0xbc, 0xd0, 0x28, 0xd0, 0x28, 0xd0, 0x28, 0xc9, 0x28, 0xc9, 0x28, 0xc9, 0x28, 0xd0, 0x28, 0xd0, 0x28, 0xd0, 0x28, 0xc9, 0x28, 0xd0, 0x28, 0xc9, 0x28, 0xd0, 0x28, 0xc9, 0x28, 0xc9, 0x28, 0xc9, 0x28, 0xc9, 0x28, 0xc9, 0x28, 0xd0, 0x28, 0xc9, 0x28, 0xc9, 0x28, 0xc9, 0x28, 0xd0, 0x28, 0xd0, 0x28, 0x30, 0xd5, 0x32, 0x32, 0x32, 0x7f, 0x7f, 0x7f, 0x7f, 0x7f, 0x7f, 0x7f, 0x33, 0x33, 0x7f, 0x33, 0x32, 0x33, 0xd6, 0x7f, 0x32, 0xfd, 0x2e, 0x2e, 0x2f, 0x2f, 0x2e, 0x2f, 0x7a, 0x7a, 0x31, 0x7a, 0x7a, 0x7a, 0x31, 0x7a, 0x7a, 0x7a, 0x30, 0x30, 0x7a, 0x30, 0x28, 0x28, 0x28, 0x28, 0x28, 0x28, 0x28, 0x28, 0x28, 0x28, 0x28, 0x28, 0x28, 0x28, 0x28, 0x28, 0x28, 0x28, 0x28, 0x28, 0x28, 0x28, 0x28, 0x28, 0x28, 0x28, 0x28, 0x28, 
  0x28, 0x28, 0x28, 0x28, 0x28, 0x28, 0x28, 0x28, 0x28, 0x28, 0x28, 0x28, 0x28, 0x28, 0x28, 0x28, 0x8f, 0x8e, 0x8e, 0x8e, 0xae, 0x28, 0x28, 0x28, 0x28, 0x28, 0x28, 0x28, 0x28, 0x28, 0x28, 0x28, 0x28, 0x28, 0x28, 0x28, 0x28, 0x28, 0x28, 0x28, 0x28, 0x28, 0x28, 0x28, 0x28, 0x28, 0x28, 0x28, 0x28, 0x28, 0x28, 0x28, 0x28, 0x28, 0x28, 0x28, 0x28, 0x28, 0xae, 0x8e, 0x8e, 0x8f, 0x8e, 0xb2, 0xc9, 0x28, 0x28, 0x28, 0x28, 0x28, 0x28, 0x28, 0x28, 0x28, 0x28, 0x28, 0x28, 0x28, 0x28, 0x28, 0x28, 0x28, 0x28, 0x28, 0x28, 0x28, 0x28, 0x28, 0x28, 0x28, 0x28, 0x28, 0x28, 0x28, 0x28, 0x28, 0x28, 0x28, 0x28, 0x28, 0x28, 0x28, 0x28, 0x28, 0x28, 0x28, 0x28, 0x28, 0x28, 0x28, 0x28, 0x28, 0x28, 0x28, 0x28, 0x28, 0x28, 0x28, 0x28, 0x28, 0x28, 0x28, 0x28, 0x28, 0xed, 0xd7, 0xdd, 0xd8, 0xd3, 0xd3, 0xd3, 0xd3, 0xd3, 0xd3, 0xd3, 0xd3, 0xd3, 0xd3, 0xca, 0xcc, 0x25, 0x15, 0x11, 0x10, 0xe5, 0x21, 0x25, 0xd5, 0xd3, 0xd3, 0xd3, 0xd3, 0xd3, 0xd3, 0xd3, 0xd3, 0xd3, 0xd3, 0xd3, 0xd3, 0xd3, 0xd3, 0xee, 0x1e, 0xd5, 0x1f, 0xd0, 0xfa, 0xd3, 0xd3, 0xe6, 0x28, 0x34, 0x00, 0x00, 0x00, 0x18, 0xea, 0xd3, 0xd3, 0xd3, 0xd3, 0xd3, 0xd3, 0xd3, 0x7e, 0x8d, 0x8e, 0x8e, 0x8f, 0x97, 0x28, 0x28, 0x28, 0x28, 0x28, 0x28, 0x28, 0x28, 0x28, 0x28, 0x28, 0x28, 0x28, 0x28, 0x28, 0x28, 0x28, 0x28, 0x28, 0x28, 0x28, 0x28, 0x28, 0x28, 0x28, 0x28, 0x28, 0x28, 0x28, 0x28, 0x28, 0x28, 0x28, 0x28, 0x28, 0x28, 0x28, 0xc1, 0x8f, 0x8f, 0x8f, 0x8e, 0xbd, 0x28, 0x28, 0x28, 0x28, 0x28, 0x28, 0x28, 0x28, 0x28, 0x28, 0x28, 0x28, 0x28, 0x28, 0x28, 0x28, 0x28, 0x28, 0x28, 0x28, 0x28, 0x28, 0x28, 0x28, 0x28, 0x28, 0x28, 0x28, 0x28, 0x28, 0x28, 0x28, 0x28, 0x28, 0x28, 0x28, 0x28, 0x28, 0x28, 0x28, 0x28, 0x28, 0x28, 0x28, 0x28, 0xc2, 0x8e, 0x8f, 0xb9, 0x28, 0x28, 0xad, 0x8e, 0x8f, 0x28, 0x28, 0x28, 0x28, 0x97, 0x8f, 0x91, 0xc1, 0x28, 0x28, 0x28, 0xc0, 0x90, 0x8f, 0x8e, 0xb1, 0x28, 0x28, 0xa5, 0x8e, 0xae, 0x28, 0x28, 0x28, 0x9e, 0x8e, 0xb4, 0x28, 0x28, 0x28, 0x28, 0xad, 0x8f, 0x91, 0x28, 0x28, 0x28, 0x28, 0xa0, 0x8e, 0xa5, 0x28, 0xba, 0x8e, 0x8e, 0xaf, 0x28, 0x28, 0x28, 0xc9, 0xad, 0x8f, 0x8e, 0x8f, 0x28, 0x28, 0x28, 0x28, 0x28, 0xc9, 0x28, 0xc9, 0xb2, 0x8e, 0x91, 0x28, 0xd0, 0x28, 0xd0, 0xc4, 0x9a, 0x8f, 0x8f, 0xc6, 0x28, 0xd0, 0x28, 0xc9, 0x28, 0xd0, 0x28, 0xd0, 0x28, 0xd0, 0x28, 0xd0, 0x28, 0xc9, 0x28, 0xc9, 0x28, 0xd0, 0x28, 0xc9, 0x28, 0xd0, 0x28, 0xc9, 0x28, 0xd0, 0x28, 0xd0, 0x28, 0xd0, 0x28, 0xd0, 0x28, 0xd0, 0x28, 0xc9, 0x28, 0xd0, 0x28, 0xd0, 0x28, 0xd0, 0x28, 0xc9, 0x28, 0xc9, 0x28, 0x28, 0x32, 0x32, 0x7f, 0x7d, 0x32, 0x32, 0x7f, 0x7f, 0x7f, 0x7f, 0x7f, 0x7f, 0x33, 0x7f, 0x33, 0x7f, 0xd6, 0x7f, 0xd6, 0x32, 0x32, 0x32, 0xca, 0x2e, 0x2e, 0x2f, 0x31, 0x7a, 0x7a, 0x31, 0x30, 0x31, 0x7a, 0x31, 0x7a, 0x31, 0x7a, 0x7a, 0x7a, 0x31, 0x31, 0x30, 0x28, 0x28, 0x28, 0x28, 0x28, 0x28, 0x28, 0x28, 0x28, 0x28, 0x28, 0x28, 0x28, 0x28, 0x28, 0x28, 0x28, 0x28, 0x28, 0x28, 0x28, 0x28, 0x28, 0x28, 0x28, 0x28, 0x28, 0x28, 
  0x28, 0x28, 0x28, 0x28, 0x28, 0x28, 0x28, 0x28, 0x28, 0x28, 0x28, 0x28, 0x28, 0x28, 0x28, 0x28, 0xbd, 0x8f, 0x8e, 0x8f, 0x8f, 0xc7, 0x28, 0x28, 0x28, 0x28, 0x28, 0x28, 0x28, 0x28, 0x28, 0x28, 0x28, 0x28, 0x28, 0x28, 0x28, 0x28, 0x28, 0x28, 0x28, 0x28, 0x28, 0x28, 0x28, 0x28, 0x28, 0x28, 0x28, 0x28, 0x28, 0x28, 0x28, 0x28, 0x28, 0x28, 0x28, 0x28, 0x28, 0xaf, 0x8e, 0x8e, 0x8e, 0x8e, 0xaf, 0x28, 0x28, 0x28, 0x28, 0x28, 0x28, 0x28, 0x28, 0x28, 0x28, 0x28, 0x28, 0x28, 0x28, 0x28, 0x28, 0x28, 0x28, 0x28, 0x28, 0x28, 0x28, 0x28, 0x28, 0x28, 0x28, 0x28, 0x28, 0x28, 0x28, 0x28, 0x28, 0x28, 0x28, 0x28, 0x28, 0x28, 0x28, 0x28, 0x28, 0x28, 0x28, 0x28, 0x28, 0x28, 0x28, 0x28, 0x28, 0x28, 0x28, 0x28, 0x28, 0x28, 0x28, 0x28, 0x28, 0x28, 0x28, 0x28, 0x28, 0x28, 0xc9, 0x28, 0x26, 0xd5, 0xd3, 0xd3, 0xd3, 0xd3, 0xd3, 0xd3, 0xd3, 0xd3, 0xd5, 0x28, 0xf5, 0x05, 0x00, 0x00, 0x02, 0xfa, 0xef, 0xfb, 0xd3, 0xd3, 0xd3, 0xd3, 0xd3, 0xd3, 0xd3, 0xd3, 0xd3, 0xd3, 0xd3, 0xd3, 0xd3, 0xd3, 0xd3, 0xd7, 0xce, 0x28, 0xfc, 0xd3, 0xd3, 0xd3, 0xe1, 0x28, 0x28, 0x0b, 0x04, 0xf6, 0xc9, 0xd8, 0xd3, 0xd3, 0xd3, 0xd3, 0xd3, 0xd3, 0x7c, 0x8e, 0x8f, 0x8f, 0x8e, 0x9a, 0xc7, 0x28, 0x28, 0x28, 0x28, 0x28, 0x28, 0x28, 0x28, 0x28, 0x28, 0x28, 0x28, 0x28, 0x28, 0x28, 0x28, 0x28, 0x28, 0x28, 0x28, 0x28, 0x28, 0x28, 0x28, 0x28, 0x28, 0x28, 0x28, 0x28, 0x28, 0x28, 0x28, 0x28, 0x28, 0x28, 0x28, 0x28, 0x9c, 0x8e, 0x8f, 0x8e, 0xa3, 0x28, 0x28, 0x28, 0x28, 0x28, 0x28, 0x28, 0x28, 0x28, 0x28, 0x28, 0x28, 0x28, 0x28, 0x28, 0x28, 0x28, 0x28, 0x28, 0x28, 0x28, 0x28, 0x28, 0x28, 0x28, 0x28, 0x28, 0x28, 0x28, 0x28, 0x28, 0x28, 0x28, 0x28, 0x28, 0x28, 0x28, 0x28, 0x28, 0x28, 0x28, 0x28, 0x28, 0x28, 0x28, 0x28, 0xaf, 0x8e, 0x8f, 0xc7, 0x28, 0x28, 0xbf, 0x8e, 0x8f, 0xbb, 0x28, 0x28, 0xbe, 0x8e, 0x8e, 0xbe, 0x28, 0x28, 0x28, 0x28, 0x28, 0xbd, 0x8e, 0x8f, 0xb1, 0x28, 0x28, 0xa5, 0x8f, 0xae, 0x28, 0x28, 0x28, 0x9e, 0x8e, 0xb4, 0x28, 0x28, 0x28, 0x28, 0xc2, 0x8e, 0x8e, 0xbb, 0x28, 0x28, 0xc5, 0x8f, 0x8e, 0xbc, 0x28, 0x9f, 0x8e, 0xa3, 0x28, 0x28, 0x28, 0x28, 0x28, 0x28, 0x9e, 0x8e, 0x8f, 0x28, 0x28, 0x28, 0x28, 0x28, 0x28, 0xd0, 0x28, 0xb1, 0x8e, 0x8e, 0x9e, 0x9e, 0x9e, 0x97, 0x8e, 0x8f, 0x8e, 0xb9, 0x28, 0xc9, 0x28, 0xc9, 0x28, 0xd0, 0x28, 0xd0, 0x28, 0xc9, 0x28, 0xd0, 0x28, 0xc9, 0x28, 0xd0, 0x28, 0xd0, 0x28, 0xc9, 0x28, 0xd0, 0x28, 0xc9, 0x28, 0xd0, 0x28, 0xc9, 0x28, 0xc9, 0x28, 0xc9, 0x28, 0xc9, 0x28, 0xc9, 0x28, 0xd0, 0x28, 0x28, 0x28, 0xc9, 0x28, 0xc9, 0x28, 0xd0, 0x28, 0x28, 0x28, 0x31, 0x7f, 0x7d, 0x32, 0x7d, 0x7f, 0x7f, 0x7f, 0x33, 0x32, 0x33, 0x7f, 0x33, 0x33, 0xd6, 0x33, 0x7f, 0x33, 0x7f, 0x33, 0x7f, 0xd6, 0x32, 0x7d, 0x2f, 0x31, 0x7a, 0x31, 0x31, 0x30, 0x7a, 0x7a, 0x7a, 0x7a, 0x7a, 0x30, 0x7a, 0x30, 0x7a, 0x7a, 0x7a, 0x7a, 0x28, 0x28, 0x28, 0x28, 0x28, 0x28, 0x28, 0x28, 0x28, 0x28, 0x28, 0x28, 0x28, 0x28, 0x28, 0x28, 0x28, 0x28, 0x28, 0x28, 0x28, 0x28, 0x28, 0x28, 0x28, 0x28, 0x28, 0x28, 
  0x28, 0x28, 0x28, 0x28, 0x28, 0x28, 0x28, 0x28, 0x28, 0x28, 0x28, 0x28, 0x28, 0x28, 0x28, 0x28, 0x28, 0x97, 0x8f, 0x8e, 0x8e, 0xb2, 0x28, 0x28, 0x28, 0x28, 0x28, 0x28, 0x28, 0x28, 0x28, 0x28, 0x28, 0x28, 0x28, 0x28, 0x28, 0x28, 0x28, 0x28, 0x28, 0x28, 0x28, 0x28, 0x28, 0x28, 0x28, 0x28, 0x28, 0x28, 0x28, 0x28, 0x28, 0x28, 0x28, 0x28, 0x28, 0x28, 0x28, 0xc5, 0x91, 0x8f, 0x8e, 0x8f, 0x8e, 0xb7, 0x28, 0x28, 0x28, 0x28, 0x28, 0x28, 0x28, 0x28, 0x28, 0x28, 0x28, 0x28, 0x28, 0x28, 0x28, 0x28, 0x28, 0x28, 0x28, 0x28, 0x28, 0x28, 0x28, 0x28, 0x28, 0x28, 0x28, 0x28, 0x28, 0x28, 0x28, 0x28, 0x28, 0x28, 0x28, 0x28, 0x28, 0x28, 0x28, 0x28, 0x28, 0x28, 0x28, 0x28, 0x28, 0x28, 0x28, 0x28, 0x28, 0x28, 0x28, 0x28, 0x28, 0x28, 0x28, 0x28, 0x28, 0x28, 0x22, 0xf9, 0xf5, 0xf9, 0x24, 0xcd, 0xd5, 0xd3, 0xd3, 0xd3, 0xd3, 0xd3, 0xd3, 0xd3, 0xd6, 0x28, 0xf5, 0x03, 0x00, 0x00, 0x00, 0xe5, 0xef, 0xf7, 0xd3, 0xd3, 0xd3, 0xd3, 0xd3, 0xd3, 0xd3, 0xd3, 0xd3, 0xd3, 0xda, 0x1f, 0xd8, 0xd3, 0xd8, 0x25, 0x28, 0x24, 0x28, 0x19, 0xd4, 0xd3, 0xd3, 0xef, 0x28, 0x28, 0x28, 0x28, 0xe6, 0xd3, 0xd3, 0xd3, 0xd3, 0xd3, 0xd3, 0x7b, 0x8e, 0x8e, 0x8e, 0x8e, 0x8f, 0xba, 0x28, 0x28, 0x28, 0x28, 0x28, 0x28, 0x28, 0x28, 0x28, 0x28, 0x28, 0x28, 0x28, 0x28, 0x28, 0x28, 0x28, 0x28, 0x28, 0x28, 0x28, 0x28, 0x28, 0x28, 0x28, 0x28, 0x28, 0x28, 0x28, 0x28, 0x28, 0x28, 0x28, 0x28, 0x28, 0x28, 0x28, 0xc6, 0x90, 0x8e, 0x8e, 0x8f, 0xc1, 0x28, 0x28, 0x28, 0x28, 0x28, 0x28, 0x28, 0x28, 0x28, 0x28, 0x28, 0x28, 0x28, 0x28, 0x28, 0x28, 0x28, 0x28, 0x28, 0x28, 0x28, 0x28, 0x28, 0x28, 0x28, 0x28, 0x28, 0x28, 0x28, 0x28, 0x28, 0x28, 0x28, 0x28, 0x28, 0x28, 0x28, 0x28, 0x28, 0x28, 0x28, 0x28, 0x28, 0x28, 0x28, 0x28, 0x91, 0x8e, 0xaa, 0x28, 0x28, 0x28, 0x28, 0x94, 0x8e, 0xa5, 0x28, 0x28, 0xb6, 0x8f, 0x94, 0x28, 0x28, 0x28, 0x28, 0x28, 0x28, 0x28, 0x90, 0x8e, 0xb1, 0x28, 0x28, 0xa5, 0x8e, 0xae, 0x28, 0x28, 0x28, 0x9e, 0x8e, 0xb4, 0x28, 0x28, 0x28, 0x28, 0x28, 0xa5, 0x8f, 0x9f, 0x28, 0x28, 0xb2, 0x8f, 0x90, 0x28, 0x28, 0x90, 0x8e, 0xba, 0x28, 0x28, 0x28, 0x28, 0x28, 0x28, 0xb7, 0x8e, 0x8e, 0x28, 0x28, 0x28, 0x28, 0x28, 0x28, 0xc9, 0x28, 0xb1, 0x8f, 0x8e, 0x8e, 0x8e, 0x8e, 0x8e, 0x8f, 0x8f, 0xb9, 0x28, 0xd0, 0x28, 0xd0, 0x28, 0xd0, 0x28, 0xd0, 0x28, 0xd0, 0x28, 0xd0, 0x28, 0xd0, 0x28, 0xc9, 0x28, 0xd0, 0x28, 0xd0, 0x28, 0xc9, 0x28, 0xd0, 0x28, 0xc9, 0x28, 0xd0, 0x28, 0xd0, 0x28, 0xd0, 0x28, 0xd0, 0x28, 0xd0, 0x28, 0xc9, 0x28, 0xc9, 0x28, 0xd0, 0x28, 0xd0, 0x28, 0xc9, 0x28, 0x28, 0xd0, 0x28, 0x32, 0x32, 0x32, 0x7d, 0x7f, 0x7f, 0x7f, 0x33, 0x7f, 0x7f, 0x7f, 0x32, 0x33, 0x33, 0x33, 0x32, 0x7f, 0x33, 0xd6, 0x7f, 0x7f, 0x7f, 0xd6, 0x32, 0x7f, 0x7a, 0x31, 0x7a, 0x7a, 0x31, 0x31, 0x7a, 0x31, 0x7a, 0x7a, 0x30, 0x7a, 0x7a, 0x30, 0x7a, 0x30, 0x7a, 0x28, 0x28, 0x28, 0x28, 0x28, 0x28, 0x28, 0x28, 0x28, 0x28, 0x28, 0x28, 0x28, 0x28, 0x28, 0x28, 0x28, 0x28, 0x28, 0x28, 0x28, 0x28, 0x28, 0x28, 0x28, 0x28, 0x28, 0x28, 
  0x28, 0x28, 0x28, 0x28, 0x28, 0x28, 0x28, 0x28, 0x28, 0x28, 0x28, 0x28, 0x28, 0x28, 0x28, 0x28, 0x28, 0xb7, 0x8e, 0x8f, 0x8f, 0x8f, 0xc4, 0x28, 0x28, 0x28, 0x28, 0x28, 0x28, 0x28, 0x28, 0x28, 0x28, 0x28, 0x28, 0x28, 0x28, 0x28, 0x28, 0x28, 0x28, 0x28, 0x28, 0x28, 0x28, 0x28, 0x28, 0x28, 0x28, 0x28, 0x28, 0x28, 0x28, 0x28, 0x28, 0x28, 0x28, 0x28, 0x28, 0x28, 0xc0, 0x90, 0x8e, 0x8e, 0x8f, 0x8f, 0xc0, 0x28, 0x28, 0x28, 0x28, 0x28, 0x28, 0x28, 0x28, 0x28, 0x28, 0x28, 0x28, 0x28, 0x28, 0x28, 0x28, 0x28, 0x28, 0x28, 0x28, 0x28, 0x28, 0x28, 0x28, 0x28, 0x28, 0x28, 0x28, 0x28, 0x28, 0x28, 0x28, 0x28, 0x28, 0x28, 0x28, 0x28, 0x28, 0x28, 0x28, 0x28, 0x28, 0x28, 0x28, 0x28, 0x28, 0x28, 0x28, 0x28, 0x28, 0x28, 0x28, 0x28, 0x28, 0x28, 0x28, 0x28, 0xee, 0x0e, 0x00, 0x7d, 0xe5, 0x26, 0xf6, 0xd3, 0xd3, 0xd3, 0xd3, 0xd3, 0xd3, 0xd3, 0xd6, 0x28, 0xfa, 0x03, 0x00, 0x00, 0x01, 0x15, 0xef, 0x15, 0xd3, 0xd3, 0xd3, 0xd3, 0xd3, 0xd3, 0xd3, 0xd3, 0xd3, 0xd3, 0xf2, 0xf0, 0xf2, 0xd7, 0xf0, 0x26, 0xe5, 0xdb, 0x18, 0x27, 0x1c, 0xd6, 0xd3, 0xf1, 0xf0, 0xf0, 0xf0, 0x25, 0xda, 0xd3, 0xd3, 0xd3, 0xd3, 0xd3, 0x30, 0x8c, 0x8e, 0x8e, 0x8f, 0x8f, 0xaf, 0x28, 0x28, 0x28, 0x28, 0x28, 0x28, 0x28, 0x28, 0x28, 0x28, 0xcf, 0xcf, 0x28, 0x28, 0x28, 0x28, 0x28, 0x28, 0x28, 0x28, 0x28, 0x28, 0x28, 0x28, 0x28, 0x28, 0x28, 0x28, 0x28, 0x28, 0x28, 0x28, 0x28, 0x28, 0x28, 0x28, 0x28, 0x28, 0x9e, 0x8e, 0x8f, 0x8e, 0xa5, 0x28, 0x28, 0x28, 0x28, 0x28, 0x28, 0x28, 0x28, 0x28, 0x28, 0x28, 0x28, 0x28, 0x28, 0x28, 0x28, 0x28, 0x28, 0x28, 0x28, 0x28, 0x28, 0x28, 0x28, 0x28, 0x28, 0x28, 0x28, 0x28, 0x28, 0x28, 0x28, 0x28, 0x28, 0x28, 0x28, 0x28, 0x28, 0x28, 0x28, 0x28, 0x28, 0x28, 0x28, 0x28, 0x28, 0xbd, 0x8e, 0x8e, 0x94, 0xa5, 0xa5, 0xa3, 0xa5, 0x90, 0x8f, 0x8e, 0xc8, 0x28, 0xb1, 0x8e, 0x9f, 0x28, 0x28, 0x28, 0x28, 0x28, 0x28, 0x28, 0x9a, 0x8f, 0xb1, 0x28, 0x28, 0xa5, 0x8e, 0xae, 0x28, 0x28, 0x28, 0x9e, 0x8e, 0xb4, 0x28, 0x28, 0x28, 0x28, 0x28, 0xbd, 0x8e, 0x8e, 0xc1, 0x28, 0x97, 0x8e, 0xaf, 0x28, 0xc9, 0x8e, 0x8e, 0xbd, 0x28, 0x28, 0x28, 0x28, 0x28, 0x28, 0xbb, 0x8e, 0x8e, 0x28, 0x28, 0x28, 0x28, 0x28, 0xd0, 0x28, 0xd0, 0xb2, 0x8e, 0x8f, 0xb2, 0xb2, 0xb4, 0xb4, 0xbd, 0xc7, 0xd0, 0x28, 0xd0, 0x28, 0xc9, 0x28, 0x28, 0xd0, 0x28, 0xc9, 0x28, 0xc9, 0x28, 0xc9, 0x28, 0xc9, 0x28, 0xd0, 0x28, 0xd0, 0x28, 0xc9, 0x28, 0xd0, 0x28, 0xc9, 0x28, 0xd0, 0x28, 0xc9, 0x28, 0xc9, 0x28, 0xc9, 0x28, 0xc9, 0x28, 0xc9, 0x28, 0xd0, 0x28, 0x28, 0x28, 0xd0, 0x28, 0xc9, 0x28, 0x28, 0x28, 0x28, 0x28, 0x1f, 0x7f, 0x7f, 0x7f, 0x7f, 0x7f, 0x7f, 0x7f, 0x7f, 0x7f, 0x7f, 0x33, 0x7f, 0x33, 0x7f, 0x33, 0x7f, 0x33, 0x33, 0x33, 0x33, 0x7f, 0x32, 0x32, 0x32, 0x31, 0x7a, 0x31, 0x31, 0x31, 0x7a, 0x31, 0x7a, 0x31, 0x7a, 0x7a, 0x7a, 0x30, 0x30, 0x30, 0x30, 0x30, 0x28, 0x28, 0x28, 0x28, 0x28, 0x28, 0x28, 0x28, 0x28, 0x28, 0x28, 0x28, 0x28, 0x28, 0x28, 0x28, 0x28, 0x28, 0x28, 0x28, 0x28, 0x28, 0x28, 0x28, 0x28, 0x28, 0x28, 0x28, 
  0x28, 0x28, 0x28, 0x28, 0x28, 0x28, 0x28, 0x28, 0x28, 0x28, 0x28, 0x28, 0x28, 0x28, 0x28, 0x28, 0x28, 0xc9, 0x8f, 0x8e, 0x8e, 0x8e, 0xa9, 0x28, 0x28, 0x28, 0x28, 0x28, 0x28, 0x28, 0x28, 0x28, 0x28, 0x28, 0x28, 0x28, 0x28, 0x28, 0x28, 0x28, 0x28, 0x28, 0x28, 0x28, 0x28, 0x28, 0x28, 0x28, 0x28, 0x28, 0x24, 0x28, 0x28, 0x28, 0x28, 0x28, 0x28, 0x28, 0x28, 0x28, 0x28, 0xc6, 0x8f, 0x8e, 0x8e, 0x8f, 0x8e, 0xbb, 0x28, 0x28, 0x28, 0x28, 0x28, 0x28, 0x28, 0x28, 0x28, 0x28, 0x28, 0x28, 0x28, 0x28, 0x28, 0x28, 0x28, 0x28, 0x28, 0x28, 0x28, 0x28, 0x28, 0x28, 0x28, 0x28, 0x28, 0x28, 0x28, 0x28, 0x28, 0x28, 0x28, 0x28, 0x28, 0x28, 0x28, 0x28, 0x28, 0x28, 0x28, 0x28, 0x28, 0x28, 0x28, 0x28, 0x28, 0x28, 0x28, 0x28, 0x28, 0x28, 0x28, 0x28, 0x28, 0x28, 0xfa, 0x00, 0x00, 0x00, 0x31, 0xef, 0xcd, 0xd3, 0xd3, 0xd3, 0xd3, 0xd3, 0xd3, 0xd3, 0xd4, 0xd0, 0x1c, 0xe7, 0x02, 0x01, 0xf2, 0xea, 0x28, 0x10, 0xd3, 0xd3, 0xd3, 0xd3, 0xd3, 0xd3, 0xd3, 0xd4, 0xd3, 0xd3, 0xd3, 0xd3, 0xf2, 0x28, 0x22, 0xd4, 0xdd, 0x28, 0xec, 0xd5, 0xd0, 0x28, 0xe1, 0xd3, 0xd3, 0xd3, 0xd3, 0xd3, 0xd3, 0xd3, 0xd3, 0xd3, 0xd3, 0x30, 0x8e, 0x8e, 0x8e, 0x8f, 0x8e, 0xb4, 0x28, 0x28, 0x28, 0x28, 0x28, 0x28, 0x28, 0x28, 0x28, 0x28, 0xd0, 0x08, 0x03, 0x24, 0x28, 0x28, 0x28, 0x28, 0x28, 0x28, 0x28, 0x28, 0x28, 0x28, 0x28, 0x28, 0x28, 0x28, 0x28, 0x28, 0x28, 0x28, 0x28, 0x28, 0x28, 0x28, 0x28, 0x28, 0xc4, 0x8e, 0x8f, 0x8e, 0x8f, 0xba, 0x28, 0x28, 0x28, 0x28, 0x28, 0x28, 0x28, 0x28, 0x28, 0x28, 0x28, 0x28, 0x28, 0x28, 0x28, 0x28, 0x28, 0x28, 0x28, 0x28, 0x28, 0x28, 0x28, 0x28, 0x28, 0x28, 0x28, 0x28, 0x28, 0x28, 0x28, 0x28, 0x28, 0x28, 0x28, 0x28, 0x28, 0x28, 0x28, 0x28, 0x28, 0x28, 0x28, 0x28, 0x28, 0x28, 0xaa, 0x8f, 0x8e, 0x8f, 0x8e, 0x8e, 0x8e, 0x8f, 0x8e, 0x8f, 0x8f, 0xb6, 0x28, 0xba, 0x8e, 0x90, 0x28, 0x28, 0x28, 0x28, 0x28, 0x28, 0xc9, 0x8f, 0x8e, 0xb1, 0x28, 0x28, 0xa5, 0x8e, 0xae, 0x28, 0x28, 0x28, 0x9e, 0x8e, 0xb2, 0x28, 0x28, 0x28, 0x28, 0x28, 0x28, 0x97, 0x8f, 0xaa, 0xc0, 0x8f, 0x8f, 0xc2, 0x28, 0x28, 0x94, 0x8f, 0xb6, 0x28, 0x28, 0x28, 0x28, 0x28, 0x28, 0xb1, 0x8f, 0x8e, 0x28, 0x28, 0x28, 0x28, 0x28, 0x28, 0xc9, 0x28, 0xb1, 0x8f, 0x94, 0xd0, 0x28, 0xd0, 0x28, 0xd0, 0x28, 0xc9, 0x28, 0xc9, 0x28, 0xd0, 0x28, 0xc9, 0x28, 0xd0, 0x28, 0xd0, 0x28, 0xd0, 0x28, 0xd0, 0x28, 0xc9, 0x28, 0xc9, 0x28, 0xd0, 0x28, 0xd0, 0x28, 0xd0, 0x28, 0xc9, 0x28, 0xd0, 0x28, 0xd0, 0x28, 0xd0, 0x28, 0xd0, 0x28, 0xd0, 0x28, 0xc9, 0x28, 0xd0, 0x28, 0xd0, 0x28, 0xc9, 0x28, 0xc9, 0x28, 0x28, 0x28, 0xc9, 0x28, 0x7f, 0x32, 0x7f, 0x32, 0x7f, 0x7f, 0x7f, 0x32, 0x7f, 0x33, 0x7f, 0x33, 0x33, 0x33, 0x33, 0x33, 0x33, 0x33, 0xd6, 0x33, 0x7f, 0x32, 0xd6, 0x32, 0x7d, 0x31, 0x31, 0x31, 0x31, 0x7a, 0x31, 0x7a, 0x31, 0x7a, 0x7a, 0x7a, 0x30, 0x30, 0x7a, 0x30, 0x30, 0x28, 0x28, 0x28, 0x28, 0x28, 0x28, 0x28, 0x28, 0x28, 0x28, 0x28, 0x28, 0x28, 0x28, 0x28, 0x28, 0x28, 0x28, 0x28, 0x28, 0x28, 0x28, 0x28, 0x28, 0x28, 0x28, 0x28, 0x28, 
  0x28, 0x28, 0x28, 0x28, 0x28, 0x28, 0x28, 0x28, 0x28, 0x28, 0x28, 0x28, 0x28, 0x28, 0x28, 0x28, 0x28, 0x28, 0xbc, 0x8e, 0x8f, 0x8e, 0x8f, 0xba, 0x28, 0x28, 0x28, 0x28, 0x28, 0x28, 0x28, 0x28, 0x28, 0x28, 0x28, 0x28, 0x28, 0x28, 0x28, 0x28, 0x28, 0x28, 0x28, 0x28, 0x28, 0x28, 0x28, 0x28, 0x28, 0x0e, 0x01, 0x28, 0x28, 0x28, 0x28, 0x28, 0x28, 0x28, 0x28, 0x28, 0x28, 0x28, 0xc5, 0x8e, 0x8f, 0x8e, 0x8f, 0x8e, 0xbb, 0x28, 0x28, 0x28, 0x28, 0x28, 0x28, 0x28, 0x28, 0x28, 0x28, 0x28, 0x28, 0x28, 0x28, 0x28, 0x28, 0x28, 0x28, 0x28, 0x28, 0x28, 0x28, 0x28, 0x28, 0x28, 0x28, 0x28, 0x28, 0x28, 0x28, 0x28, 0x28, 0x28, 0x28, 0x28, 0x28, 0x28, 0x28, 0x28, 0x28, 0x28, 0x28, 0x28, 0x28, 0x28, 0x28, 0x28, 0x28, 0x28, 0x28, 0x28, 0x28, 0x28, 0x28, 0x28, 0xfa, 0x00, 0x00, 0x00, 0x08, 0xcc, 0xcf, 0xd3, 0xd3, 0xd3, 0xd3, 0xd3, 0xd3, 0xd3, 0xd3, 0xd8, 0x28, 0xea, 0xf9, 0xf9, 0xea, 0x28, 0xea, 0xd3, 0xd3, 0xd3, 0xd3, 0xd3, 0xd3, 0xd3, 0xe2, 0x28, 0xf6, 0xd3, 0xd3, 0x19, 0x28, 0x18, 0xd3, 0xd3, 0xd3, 0xd5, 0xd4, 0xd3, 0xd5, 0x28, 0x28, 0xe5, 0xd3, 0xd3, 0xd3, 0xd3, 0xd3, 0xd3, 0xd3, 0xd3, 0x30, 0x8e, 0x8e, 0x8f, 0x8e, 0x8e, 0xaf, 0xc9, 0x28, 0x28, 0x28, 0x28, 0x28, 0x28, 0x28, 0x28, 0x28, 0x28, 0x0a, 0x00, 0x00, 0x04, 0xf0, 0x28, 0x28, 0x28, 0x28, 0x28, 0x28, 0x28, 0x28, 0x28, 0x28, 0x28, 0x28, 0x28, 0x28, 0x28, 0x28, 0x28, 0x28, 0x28, 0x28, 0x28, 0x28, 0xc8, 0x8f, 0x8e, 0x8f, 0x8e, 0xa3, 0x28, 0x28, 0x28, 0x28, 0x28, 0x28, 0x28, 0x28, 0x28, 0x28, 0x28, 0x28, 0x28, 0x28, 0x28, 0x28, 0x28, 0x28, 0x28, 0x28, 0x28, 0x28, 0x28, 0x28, 0x28, 0x28, 0x28, 0x28, 0x28, 0x28, 0x28, 0x28, 0x28, 0x28, 0x28, 0x28, 0x28, 0x28, 0x28, 0x28, 0x28, 0x28, 0x28, 0x28, 0x28, 0x28, 0xc7, 0x8f, 0x8e, 0x9f, 0xaf, 0xaf, 0xaf, 0xaf, 0xaf, 0xaf, 0x97, 0x8e, 0x9c, 0x28, 0xc2, 0x8e, 0x8e, 0xb2, 0x28, 0x28, 0x28, 0x28, 0x28, 0xaf, 0x8e, 0x8e, 0xb1, 0x28, 0x28, 0xa5, 0x8f, 0xae, 0x28, 0x28, 0x28, 0x9e, 0x8e, 0xb2, 0x28, 0x28, 0x28, 0x28, 0x28, 0x28, 0xb8, 0x8e, 0x8f, 0xaa, 0x8e, 0x9e, 0x28, 0x28, 0x28, 0xa6, 0x8e, 0x90, 0xc7, 0x28, 0x28, 0x28, 0x28, 0xc6, 0x90, 0x8e, 0x8f, 0x28, 0x28, 0x28, 0x28, 0x28, 0xd0, 0x28, 0xd0, 0xb2, 0x8e, 0x94, 0xd0, 0x28, 0xc9, 0x28, 0xc9, 0x28, 0xd0, 0x28, 0xd0, 0x28, 0xc9, 0x28, 0xd0, 0x28, 0xc9, 0x28, 0xc9, 0x28, 0xc9, 0x28, 0xd0, 0x28, 0xd0, 0x28, 0xd0, 0x28, 0xc9, 0x28, 0xd0, 0x28, 0xd0, 0x28, 0xd0, 0x28, 0xc9, 0x28, 0xc9, 0x28, 0xd0, 0x28, 0xc9, 0x28, 0xc9, 0x28, 0xd0, 0x28, 0xc9, 0x28, 0xd0, 0x28, 0xd0, 0x28, 0xd0, 0x28, 0xd0, 0x28, 0xd0, 0x28, 0x10, 0x7f, 0x32, 0x32, 0x7f, 0x7f, 0x33, 0x7f, 0x7f, 0x7f, 0x7f, 0x33, 0x7f, 0x33, 0x33, 0x33, 0x33, 0x33, 0x33, 0x7f, 0x7f, 0x32, 0x32, 0x32, 0x7f, 0x7a, 0x31, 0x30, 0x7a, 0x7a, 0x7a, 0x31, 0x7a, 0x7a, 0x7a, 0x7a, 0x30, 0x30, 0x30, 0x30, 0x30, 0x28, 0x28, 0x28, 0x28, 0x28, 0x28, 0x28, 0x28, 0x28, 0x28, 0x28, 0x28, 0x28, 0x28, 0x28, 0x28, 0x28, 0x28, 0x28, 0x28, 0x28, 0x28, 0x28, 0x28, 0x28, 0x28, 0x28, 0x28, 
  0x28, 0x28, 0x28, 0x28, 0x28, 0x28, 0x28, 0x28, 0x28, 0x28, 0x28, 0x28, 0x28, 0x28, 0x28, 0x28, 0x28, 0x28, 0x28, 0x90, 0x8e, 0x8e, 0x8e, 0xa5, 0x28, 0x28, 0x28, 0x28, 0x28, 0x28, 0x28, 0x28, 0x28, 0x28, 0x28, 0x28, 0x28, 0x28, 0x28, 0x28, 0x28, 0x28, 0x28, 0x28, 0x28, 0x28, 0x28, 0x27, 0x0b, 0x00, 0x00, 0x03, 0x26, 0x28, 0x28, 0x28, 0x28, 0x28, 0x28, 0x28, 0x28, 0x28, 0x28, 0xb2, 0x8e, 0x8f, 0x8e, 0x8e, 0x8f, 0xc1, 0x28, 0x28, 0x28, 0x28, 0x28, 0x28, 0x28, 0x28, 0x28, 0x28, 0x28, 0x28, 0x28, 0x28, 0x28, 0x28, 0x28, 0x28, 0x28, 0x28, 0x28, 0x28, 0x28, 0x28, 0x28, 0x28, 0x28, 0x28, 0x28, 0x28, 0x28, 0x28, 0x28, 0x28, 0x28, 0x28, 0x28, 0x28, 0x28, 0x28, 0x28, 0x28, 0x28, 0x28, 0x28, 0x28, 0x28, 0x28, 0x28, 0x28, 0x28, 0x28, 0x28, 0x28, 0xea, 0x00, 0x00, 0x00, 0xe6, 0x22, 0xec, 0xd3, 0xd3, 0xd3, 0xd3, 0xd3, 0xd3, 0xd3, 0xd3, 0xd3, 0xd9, 0xf0, 0xd0, 0x27, 0x28, 0xf2, 0xd4, 0xd3, 0xd3, 0xd3, 0xd3, 0xd3, 0xd3, 0xd3, 0xd6, 0xcd, 0xe0, 0xde, 0xcf, 0x25, 0xd9, 0xd3, 0xd3, 0xcc, 0xf6, 0xd4, 0xd3, 0xd3, 0xd6, 0xd8, 0x1c, 0xd0, 0xe8, 0xd3, 0xd3, 0xd3, 0xd3, 0xd3, 0xd3, 0xd3, 0x8d, 0x8e, 0x8f, 0x8e, 0x8f, 0x94, 0xc9, 0x28, 0x28, 0x28, 0x28, 0x28, 0x28, 0x28, 0x28, 0x28, 0x28, 0x0f, 0x01, 0x00, 0x00, 0x00, 0x03, 0xcb, 0x28, 0x28, 0x28, 0x28, 0x28, 0x28, 0x28, 0x28, 0x28, 0x28, 0x28, 0x28, 0x28, 0x28, 0x28, 0x28, 0x28, 0x28, 0x28, 0x28, 0x28, 0xbb, 0x8e, 0x8e, 0x8f, 0x8e, 0xbe, 0x28, 0x28, 0x28, 0x28, 0x28, 0x28, 0x28, 0x28, 0x28, 0x28, 0x28, 0x28, 0x28, 0x28, 0x28, 0x28, 0x28, 0x28, 0x28, 0x28, 0x28, 0x28, 0x28, 0x28, 0x28, 0x28, 0x28, 0x28, 0x28, 0x28, 0x28, 0x28, 0x28, 0x28, 0x28, 0x28, 0x28, 0x28, 0x28, 0x28, 0x28, 0x28, 0x28, 0x28, 0x28, 0x28, 0xb8, 0x8f, 0x8e, 0xc1, 0xd0, 0x28, 0x28, 0x28, 0x28, 0x28, 0xb7, 0x8e, 0x8e, 0xc1, 0x28, 0xaa, 0x8f, 0x8e, 0xb1, 0xc7, 0x28, 0xc7, 0xae, 0x8e, 0x8e, 0x8f, 0xb1, 0x28, 0x28, 0xa5, 0x8e, 0xae, 0x28, 0x28, 0x28, 0xa9, 0x8e, 0x9e, 0xc6, 0x28, 0x28, 0x28, 0x28, 0x28, 0xc9, 0x90, 0x8e, 0x8e, 0x8e, 0xb9, 0x28, 0x28, 0x28, 0xc2, 0x8e, 0x8e, 0x97, 0xbf, 0x28, 0x28, 0xbe, 0x94, 0x8e, 0x8f, 0x8e, 0x28, 0x28, 0x28, 0x28, 0x28, 0x28, 0xd0, 0x28, 0xb1, 0x8e, 0x91, 0x28, 0xd0, 0x28, 0xd0, 0x28, 0xd0, 0x28, 0x28, 0x28, 0xd0, 0x28, 0xd0, 0x28, 0xd0, 0x28, 0xd0, 0x28, 0xd0, 0x28, 0xc9, 0x28, 0xc9, 0x28, 0xc9, 0x28, 0xd0, 0x28, 0xd0, 0x28, 0xd0, 0x28, 0xc9, 0x28, 0xd0, 0x28, 0xd0, 0x28, 0xd0, 0x28, 0xd0, 0x28, 0xd0, 0x28, 0xd0, 0x28, 0xd0, 0x28, 0xd0, 0x28, 0xc9, 0x28, 0xc9, 0x28, 0xc9, 0x28, 0xc9, 0x28, 0xd0, 0x28, 0x32, 0x7f, 0x7f, 0x7f, 0x7f, 0x33, 0x7f, 0x33, 0x33, 0x7f, 0xd6, 0x33, 0x33, 0x34, 0xd6, 0x34, 0xd6, 0x33, 0xd6, 0x32, 0x7f, 0xd6, 0x32, 0xd6, 0x7a, 0x31, 0x7a, 0x7a, 0x7a, 0x30, 0x7a, 0x7a, 0x7a, 0x7a, 0x30, 0x2f, 0x2f, 0x2f, 0x2f, 0x30, 0x28, 0x28, 0x28, 0x28, 0x28, 0x28, 0x28, 0x28, 0x28, 0x28, 0x28, 0x28, 0x28, 0x28, 0x28, 0x28, 0x28, 0x28, 0x28, 0x28, 0x28, 0x28, 0x28, 0x28, 0x28, 0x28, 0x28, 0x28, 
  0x28, 0x28, 0x28, 0x28, 0x28, 0x28, 0x28, 0x28, 0x28, 0x28, 0x28, 0x28, 0x28, 0x28, 0x28, 0x28, 0x28, 0x28, 0x28, 0xc7, 0x8f, 0x8f, 0x8e, 0x8f, 0xb8, 0x28, 0x28, 0x28, 0x28, 0x28, 0x28, 0x28, 0x28, 0x28, 0x28, 0x28, 0x28, 0x28, 0x28, 0x28, 0x28, 0x28, 0x28, 0x28, 0x28, 0x28, 0x1f, 0x06, 0x00, 0x00, 0x00, 0x00, 0x05, 0x22, 0x28, 0x28, 0x28, 0x28, 0x28, 0x28, 0x28, 0x28, 0x28, 0x28, 0xbb, 0x8f, 0x8e, 0x8f, 0x8e, 0x90, 0xb1, 0x28, 0x28, 0x28, 0x28, 0x28, 0x28, 0x28, 0x28, 0x28, 0x28, 0x28, 0x28, 0x28, 0x28, 0x28, 0x28, 0x28, 0x28, 0x28, 0x28, 0x28, 0x28, 0x28, 0x28, 0x28, 0x28, 0x28, 0x28, 0x28, 0x28, 0x28, 0x28, 0x28, 0x28, 0x28, 0x28, 0x28, 0x28, 0x28, 0x28, 0x28, 0x28, 0x28, 0x28, 0x28, 0x28, 0x28, 0x28, 0x28, 0x28, 0x28, 0x28, 0x28, 0xef, 0xf1, 0x13, 0xe2, 0xcb, 0x28, 0xdb, 0xd3, 0xd3, 0xd3, 0xd3, 0xd3, 0xd3, 0xd3, 0xd3, 0xd3, 0xd3, 0xd5, 0xd9, 0xda, 0xd5, 0xd3, 0xd3, 0xd3, 0xd3, 0xd3, 0xe3, 0x21, 0xdc, 0xd3, 0xd3, 0xd6, 0xcc, 0xd0, 0xf9, 0xd6, 0xd3, 0xd3, 0x24, 0xf0, 0xee, 0x26, 0xcc, 0xd3, 0xce, 0x25, 0xd4, 0xfb, 0x28, 0xee, 0xd4, 0xd3, 0xd3, 0xd3, 0x7e, 0x8c, 0x8e, 0x8f, 0x8e, 0x8f, 0xa5, 0xc7, 0x28, 0x28, 0x28, 0x28, 0x28, 0x28, 0x28, 0x28, 0x28, 0x28, 0x28, 0x21, 0x02, 0x00, 0x00, 0x00, 0x00, 0x01, 0xde, 0x28, 0x28, 0x28, 0x28, 0x28, 0x28, 0x28, 0x28, 0x28, 0x28, 0x28, 0x28, 0x28, 0x28, 0x28, 0x28, 0x28, 0x28, 0x28, 0xc5, 0x90, 0x8e, 0x8e, 0x8f, 0xba, 0x28, 0x28, 0x28, 0x28, 0x28, 0x28, 0x28, 0x28, 0x28, 0x28, 0x28, 0x28, 0x28, 0x28, 0x28, 0x28, 0x28, 0x28, 0x28, 0x28, 0x28, 0x28, 0x28, 0x28, 0x28, 0x28, 0x28, 0x28, 0x28, 0x28, 0x28, 0x28, 0x28, 0x28, 0x28, 0x28, 0x28, 0x28, 0x28, 0x28, 0x28, 0x28, 0x28, 0x28, 0x28, 0x28, 0x28, 0x9f, 0x8e, 0x97, 0x28, 0x28, 0x28, 0x28, 0x28, 0x28, 0x28, 0xc7, 0x8e, 0x8f, 0xae, 0x28, 0xc7, 0x94, 0x8e, 0x8e, 0x8e, 0x90, 0x8e, 0x8e, 0x90, 0x90, 0x8f, 0xb1, 0x28, 0x28, 0xa5, 0x8e, 0xae, 0x28, 0x28, 0x28, 0xb7, 0x8e, 0x8e, 0x8e, 0x8e, 0xb7, 0x28, 0x28, 0x28, 0x28, 0xaf, 0x8f, 0x8e, 0x8f, 0xc9, 0x28, 0x28, 0x28, 0x28, 0xb7, 0x8e, 0x8e, 0x8e, 0x8f, 0x8f, 0x8e, 0x8f, 0x97, 0x8e, 0x8f, 0x28, 0x28, 0x28, 0x28, 0x28, 0xc9, 0x28, 0xd0, 0xb2, 0x8e, 0x91, 0x28, 0xc9, 0x28, 0x28, 0xc9, 0x28, 0xd0, 0xd0, 0x28, 0x28, 0x28, 0x2d, 0xfd, 0xe5, 0x26, 0x28, 0x28, 0x28, 0x28, 0xd0, 0x28, 0xd0, 0x28, 0xd0, 0x28, 0xd0, 0x28, 0xd0, 0x28, 0xc9, 0x28, 0xd0, 0x28, 0xc9, 0x28, 0xc9, 0x28, 0xc9, 0x28, 0xc9, 0x28, 0xc9, 0x28, 0xc9, 0x28, 0xc9, 0x28, 0xd0, 0x28, 0xd0, 0x28, 0xd0, 0x28, 0xd0, 0x28, 0xd0, 0x28, 0x28, 0x28, 0x7f, 0x33, 0x7f, 0x33, 0x7f, 0x7f, 0x7f, 0x33, 0x7f, 0x7f, 0x33, 0x33, 0x33, 0x33, 0x33, 0x33, 0x33, 0x33, 0x7f, 0xd6, 0x7f, 0x33, 0xd6, 0x32, 0x7f, 0x7a, 0x7a, 0x31, 0x7a, 0x7a, 0x7a, 0x7a, 0x7a, 0x30, 0x30, 0x2f, 0x30, 0x2f, 0x30, 0x2f, 0x28, 0x28, 0x28, 0x28, 0x28, 0x28, 0x28, 0x28, 0x28, 0x28, 0x28, 0x28, 0x28, 0x28, 0x28, 0x28, 0x28, 0x28, 0x28, 0x28, 0x28, 0x28, 0x28, 0x28, 0x28, 0x28, 0x28, 0x28, 
  0x28, 0x28, 0x28, 0x28, 0x28, 0x28, 0x28, 0x28, 0x28, 0x28, 0x28, 0x28, 0x28, 0x28, 0x28, 0x28, 0x28, 0x28, 0x28, 0x28, 0xad, 0x8e, 0x8f, 0x8e, 0x9c, 0xc7, 0x28, 0x28, 0x28, 0x28, 0x28, 0x28, 0x28, 0x28, 0x28, 0x28, 0x28, 0x28, 0x28, 0x28, 0x28, 0x28, 0x28, 0x28, 0x28, 0xe7, 0x04, 0x00, 0x00, 0x00, 0x2a, 0x00, 0x00, 0x29, 0x28, 0x28, 0x28, 0x28, 0x28, 0x28, 0x28, 0x28, 0x28, 0x28, 0x28, 0xb7, 0x8e, 0x8f, 0x8e, 0x8f, 0x8e, 0xad, 0x28, 0x28, 0x28, 0x28, 0x28, 0x28, 0x28, 0x28, 0x28, 0x28, 0x28, 0x28, 0x28, 0x28, 0x28, 0x28, 0x28, 0x28, 0x28, 0x28, 0x28, 0x28, 0x28, 0x28, 0x28, 0x28, 0x28, 0x28, 0x28, 0x28, 0x28, 0x28, 0x28, 0x28, 0x28, 0x28, 0x28, 0x28, 0x28, 0x28, 0x28, 0x28, 0x28, 0x28, 0x28, 0x28, 0x28, 0x28, 0x28, 0x28, 0x28, 0x28, 0xd0, 0xef, 0xef, 0x20, 0x28, 0xe1, 0xd3, 0xd3, 0xd3, 0xd3, 0xd3, 0xd3, 0xd3, 0xd3, 0xd3, 0xd3, 0xd3, 0xd3, 0xd3, 0xd3, 0xd3, 0xd3, 0xd3, 0xd3, 0xd3, 0xd3, 0xde, 0xd0, 0xdb, 0xd7, 0xec, 0xcf, 0x1e, 0xdd, 0xd3, 0xd3, 0xd6, 0x24, 0xe9, 0x02, 0x00, 0x0e, 0x28, 0xdf, 0xdf, 0xe2, 0xd3, 0xca, 0xf9, 0x28, 0xfb, 0xd3, 0x2f, 0x81, 0x8d, 0x8e, 0x8e, 0x8e, 0x8e, 0xa5, 0xc9, 0x28, 0x28, 0x28, 0x28, 0x28, 0x28, 0x28, 0x28, 0x28, 0x28, 0x28, 0x28, 0x28, 0x29, 0x00, 0x00, 0x00, 0x00, 0x00, 0x00, 0xdb, 0x28, 0x28, 0x28, 0x28, 0x28, 0x28, 0x28, 0x28, 0x28, 0x28, 0x28, 0x28, 0x28, 0x28, 0x28, 0x28, 0x28, 0x28, 0xb1, 0x8e, 0x8f, 0x8e, 0x90, 0xc8, 0x28, 0x28, 0x28, 0x28, 0x28, 0x28, 0x28, 0x28, 0x28, 0x28, 0x28, 0x28, 0x28, 0x28, 0x28, 0x28, 0x28, 0x28, 0x28, 0x28, 0x28, 0x28, 0x28, 0x28, 0x28, 0x28, 0x28, 0x28, 0x28, 0x28, 0x28, 0x28, 0x28, 0x28, 0x28, 0x28, 0x28, 0x28, 0x28, 0x28, 0x28, 0x28, 0x28, 0x28, 0x28, 0x28, 0xc5, 0x8e, 0x8e, 0xb4, 0x28, 0x28, 0x28, 0x28, 0x28, 0x28, 0x28, 0x28, 0xa6, 0x8e, 0x91, 0x28, 0x28, 0xc9, 0xad, 0x8e, 0x8f, 0x8e, 0x8e, 0x9a, 0xc1, 0xa3, 0x8e, 0xb1, 0x28, 0x28, 0xa5, 0x8e, 0xae, 0x28, 0x28, 0x28, 0x28, 0xae, 0x90, 0x8f, 0x8e, 0xb7, 0x28, 0x28, 0x28, 0x28, 0xc6, 0x8e, 0x8e, 0xac, 0x28, 0x28, 0x28, 0x28, 0x28, 0x28, 0xbe, 0x94, 0x8f, 0x8f, 0x8e, 0x90, 0xaf, 0xbf, 0x8f, 0x8e, 0x28, 0x28, 0x28, 0x28, 0x28, 0x28, 0xd0, 0x28, 0xb2, 0x8f, 0x94, 0xd0, 0x28, 0xc9, 0x28, 0x28, 0x28, 0xc9, 0x28, 0xc9, 0x2c, 0x2e, 0x2b, 0x2a, 0x2a, 0x2a, 0x2b, 0x2a, 0xff, 0x29, 0x34, 0x23, 0x28, 0xc9, 0x28, 0xc9, 0x28, 0xd0, 0x28, 0xd0, 0x28, 0xd0, 0x28, 0xc9, 0x28, 0xd0, 0x28, 0x28, 0xd0, 0x28, 0xd0, 0x28, 0xd0, 0x28, 0xd0, 0x28, 0xd0, 0x28, 0xd0, 0x28, 0xc9, 0x28, 0xc9, 0x28, 0xc9, 0x28, 0xc9, 0x28, 0xd0, 0x28, 0x28, 0x33, 0x7f, 0x7f, 0x7f, 0x32, 0x32, 0x32, 0x33, 0x7f, 0x7f, 0x33, 0x34, 0x33, 0x33, 0x33, 0xd6, 0x33, 0x7f, 0xd6, 0x32, 0x7f, 0x7d, 0x32, 0x7f, 0x7a, 0x31, 0x30, 0x31, 0x7a, 0x30, 0x7a, 0x30, 0x30, 0x30, 0x30, 0x2f, 0x2f, 0x2f, 0x2f, 0x28, 0x28, 0x28, 0x28, 0x28, 0x28, 0x28, 0x28, 0x28, 0x28, 0x28, 0x28, 0x28, 0x28, 0x28, 0x28, 0x28, 0x28, 0x28, 0x28, 0x28, 0x28, 0x28, 0x28, 0x28, 0x28, 0x28, 0x28, 
  0x28, 0x28, 0x28, 0x28, 0x28, 0x28, 0x28, 0x28, 0x28, 0x28, 0x28, 0x28, 0x28, 0x28, 0x28, 0x28, 0x28, 0x28, 0x28, 0x28, 0xc7, 0x8f, 0x8e, 0x8f, 0x8e, 0xad, 0x28, 0x28, 0x28, 0x28, 0x28, 0x28, 0x28, 0x28, 0x28, 0x28, 0x28, 0x28, 0x28, 0x28, 0x28, 0x28, 0x28, 0x28, 0xf7, 0x01, 0x00, 0x00, 0x02, 0x10, 0xd0, 0x32, 0x00, 0x00, 0xf3, 0x28, 0x28, 0x28, 0x28, 0x28, 0x28, 0x28, 0x28, 0x28, 0x28, 0x28, 0xb6, 0x90, 0x8e, 0x8e, 0x8f, 0x8e, 0xae, 0xc9, 0x28, 0x28, 0x28, 0x28, 0x28, 0x28, 0x28, 0x28, 0x28, 0x28, 0x28, 0x28, 0x28, 0x28, 0x28, 0x28, 0x28, 0x28, 0x28, 0x28, 0x28, 0x28, 0x28, 0x28, 0x28, 0x28, 0x28, 0x28, 0x28, 0x28, 0x28, 0x28, 0x28, 0x28, 0x28, 0x28, 0x28, 0x28, 0x28, 0x28, 0x28, 0x28, 0x28, 0x28, 0x28, 0x28, 0x28, 0x28, 0x28, 0x28, 0xee, 0xe8, 0xec, 0xe9, 0xdc, 0xd3, 0xd3, 0xd3, 0xd3, 0xd3, 0xd3, 0xd3, 0xd3, 0xd3, 0xd3, 0xd3, 0xd3, 0xd3, 0xd3, 0xd3, 0xd3, 0xd3, 0xfa, 0x22, 0xd4, 0xd3, 0xd3, 0xdb, 0xf9, 0xcf, 0x20, 0xe7, 0xd4, 0xd3, 0xca, 0xd3, 0x21, 0x28, 0x05, 0x00, 0x00, 0x00, 0x24, 0xe9, 0xd3, 0xd3, 0xd3, 0xd3, 0xd4, 0xe7, 0xd0, 0xe4, 0x81, 0x8d, 0x8f, 0x8e, 0x8f, 0x8e, 0xa6, 0xc8, 0x28, 0x28, 0x28, 0x28, 0x28, 0x28, 0x28, 0x28, 0x28, 0x28, 0x28, 0x28, 0x28, 0x28, 0x54, 0x02, 0x00, 0x03, 0x09, 0x00, 0x00, 0x00, 0x33, 0x24, 0x28, 0x28, 0x28, 0x28, 0x28, 0x28, 0x28, 0x28, 0x28, 0x28, 0x28, 0x28, 0x28, 0x28, 0x28, 0xbc, 0x8e, 0x8f, 0x8e, 0x8f, 0xba, 0x28, 0x28, 0x28, 0x28, 0x28, 0x28, 0x28, 0x28, 0x28, 0x28, 0x28, 0x28, 0x28, 0x28, 0x28, 0x28, 0x28, 0x28, 0x28, 0x28, 0x28, 0x28, 0x28, 0x28, 0x28, 0x28, 0x28, 0x28, 0x28, 0x28, 0x28, 0x28, 0x28, 0x28, 0x28, 0x28, 0x28, 0x28, 0x28, 0x28, 0x28, 0x28, 0x28, 0x28, 0x28, 0x28, 0x28, 0x28, 0x28, 0x28, 0x28, 0x28, 0x28, 0x28, 0x28, 0x28, 0x28, 0x28, 0x28, 0x28, 0x28, 0x28, 0x28, 0x28, 0x28, 0x28, 0xc9, 0xc1, 0xbf, 0xc7, 0x28, 0x28, 0x28, 0x28, 0x28, 0x28, 0x28, 0x28, 0x28, 0x28, 0x28, 0x28, 0x28, 0x28, 0x28, 0x28, 0xc5, 0xc8, 0x28, 0x28, 0x28, 0x28, 0x28, 0xbb, 0x8e, 0x8e, 0xbf, 0x28, 0x28, 0x28, 0x28, 0x28, 0x28, 0x28, 0x28, 0xc6, 0xbe, 0xc2, 0x28, 0x28, 0x28, 0x28, 0x28, 0x28, 0x28, 0x28, 0x28, 0x28, 0xc9, 0x28, 0xc9, 0xd0, 0x28, 0xd0, 0x28, 0xc9, 0x28, 0xd0, 0x28, 0xd0, 0x28, 0x11, 0x2e, 0x2e, 0x2a, 0x2a, 0x2b, 0x2a, 0x2a, 0x2a, 0x2b, 0x2a, 0x2a, 0x0d, 0x2b, 0x0d, 0x0d, 0x0d, 0xff, 0xca, 0xea, 0xf0, 0xc9, 0xd0, 0x28, 0xd0, 0x28, 0xd0, 0x28, 0xc9, 0x28, 0x28, 0xc9, 0x28, 0xd0, 0x28, 0xc9, 0x28, 0xd0, 0x28, 0xd0, 0x28, 0xd0, 0x28, 0xd0, 0x28, 0xd0, 0x28, 0xd0, 0x28, 0xd0, 0x28, 0x28, 0xd0, 0x33, 0x33, 0x7f, 0x7f, 0x32, 0x7f, 0x32, 0x32, 0x7f, 0x7f, 0x33, 0x33, 0x33, 0x7f, 0x33, 0x33, 0x33, 0x32, 0xd6, 0x7f, 0xd6, 0x32, 0xd5, 0x32, 0x31, 0x7a, 0x30, 0x30, 0x7a, 0x7a, 0x7a, 0x7a, 0xca, 0x30, 0x30, 0x30, 0x30, 0x2f, 0x30, 0x28, 0x28, 0x28, 0x28, 0x28, 0x28, 0x28, 0x28, 0x28, 0x28, 0x28, 0x28, 0x28, 0x28, 0x28, 0x28, 0x28, 0x28, 0x28, 0x28, 0x28, 0x28, 0x28, 0x28, 0x28, 0x28, 0x28, 0x28, 
  0x28, 0x28, 0x28, 0x28, 0x28, 0x28, 0x28, 0x28, 0x28, 0x28, 0x28, 0x28, 0x28, 0x28, 0x28, 0x28, 0x28, 0x28, 0x28, 0x28, 0x28, 0xb1, 0x8f, 0x8e, 0x8e, 0x8e, 0xbb, 0x28, 0x28, 0x28, 0x28, 0x28, 0x28, 0x28, 0x28, 0x28, 0x28, 0x28, 0x28, 0x28, 0x28, 0x28, 0x27, 0x13, 0x00, 0x00, 0x00, 0x03, 0xeb, 0x28, 0x28, 0x28, 0x09, 0x00, 0x00, 0xef, 0x28, 0x28, 0x28, 0x28, 0x28, 0x28, 0x28, 0x28, 0x28, 0x28, 0x28, 0xbe, 0x91, 0x8f, 0x8e, 0x8f, 0x8e, 0x94, 0xc0, 0x28, 0x28, 0x28, 0x28, 0x28, 0x28, 0x28, 0x28, 0x28, 0x28, 0x28, 0x28, 0x28, 0x28, 0x28, 0x28, 0x28, 0x28, 0x28, 0x28, 0x28, 0x28, 0x28, 0x28, 0x28, 0x28, 0x28, 0x28, 0x28, 0x28, 0x28, 0x28, 0x28, 0x28, 0x28, 0x28, 0x28, 0x28, 0x28, 0x28, 0x28, 0x28, 0x28, 0x28, 0x28, 0x28, 0x28, 0x28, 0x28, 0xd1, 0xd3, 0xd3, 0xd3, 0xd3, 0xd3, 0xd3, 0xd3, 0xd3, 0xd3, 0xd3, 0xd3, 0xd3, 0xd3, 0xd3, 0xd3, 0xd3, 0xd5, 0xea, 0xf1, 0xd3, 0xd3, 0xf2, 0x19, 0xd3, 0xdf, 0xd1, 0xd0, 0x21, 0xf4, 0xca, 0xd3, 0xd3, 0xd3, 0xd3, 0xd3, 0x15, 0x28, 0xd9, 0x00, 0x00, 0x09, 0x28, 0x1e, 0xd3, 0xd3, 0xd3, 0xf4, 0x28, 0xd5, 0xed, 0xad, 0x8f, 0x8f, 0x8e, 0x8e, 0x8f, 0xae, 0x28, 0x28, 0x28, 0x28, 0x28, 0x28, 0x28, 0x28, 0x28, 0x28, 0x28, 0x28, 0x28, 0x28, 0x28, 0x28, 0x28, 0x0e, 0x00, 0x01, 0x16, 0x0b, 0x00, 0x00, 0x00, 0x09, 0x24, 0x28, 0x28, 0x28, 0x28, 0x28, 0x28, 0x28, 0x28, 0x28, 0x28, 0x28, 0x28, 0x28, 0xc6, 0x97, 0x8e, 0x8f, 0x8e, 0x94, 0xc7, 0x28, 0x28, 0x28, 0x28, 0x28, 0x28, 0x28, 0x28, 0x28, 0x28, 0x28, 0x28, 0x28, 0x28, 0x28, 0x28, 0x28, 0x28, 0x28, 0x28, 0x28, 0x28, 0x28, 0x28, 0x28, 0x28, 0x28, 0x28, 0x28, 0x28, 0x28, 0x28, 0x28, 0x28, 0x28, 0x28, 0x28, 0x28, 0x28, 0x28, 0x28, 0x28, 0x28, 0x28, 0x28, 0x28, 0x28, 0x28, 0x28, 0x28, 0x28, 0x28, 0x28, 0x28, 0x28, 0x28, 0x28, 0x28, 0x28, 0x28, 0x28, 0x28, 0x28, 0x28, 0x28, 0x28, 0x28, 0x28, 0x28, 0x28, 0x28, 0x28, 0x28, 0x28, 0x28, 0x28, 0x28, 0x28, 0x28, 0x28, 0x28, 0x28, 0x28, 0x28, 0x28, 0x28, 0x28, 0x28, 0x28, 0x28, 0x28, 0x28, 0xc4, 0x90, 0x8e, 0xa0, 0x28, 0x28, 0x28, 0x28, 0x28, 0x28, 0x28, 0x28, 0x28, 0x28, 0x28, 0x28, 0x28, 0x28, 0x28, 0x28, 0x28, 0x28, 0x28, 0x28, 0x28, 0x28, 0x28, 0xd0, 0x28, 0x28, 0xc9, 0x28, 0x28, 0xd0, 0x28, 0x28, 0x28, 0x15, 0x2e, 0x2e, 0xd3, 0xff, 0xff, 0xff, 0xff, 0x2c, 0x2a, 0x2b, 0x2a, 0x2b, 0x2a, 0x2a, 0x0d, 0x2b, 0x2a, 0x2b, 0x0d, 0x2a, 0x2a, 0x0d, 0x2a, 0x2a, 0xff, 0xff, 0xdf, 0x25, 0x28, 0x28, 0x28, 0xd0, 0x28, 0xd0, 0x28, 0xd0, 0x28, 0xd0, 0x28, 0xd0, 0x28, 0xd0, 0x28, 0xd0, 0x28, 0xc9, 0x28, 0xc9, 0x28, 0xc9, 0x28, 0x28, 0x28, 0x28, 0x1f, 0x7f, 0x33, 0x33, 0x7f, 0x32, 0xd6, 0x32, 0x7f, 0x7f, 0x33, 0x7f, 0x7f, 0xd6, 0x33, 0x7f, 0x33, 0xd6, 0x7f, 0x7f, 0xd5, 0x32, 0x7f, 0x32, 0x7f, 0x30, 0x7a, 0x7a, 0x7a, 0x31, 0x7a, 0x30, 0x2f, 0x2f, 0x30, 0x30, 0x2f, 0x30, 0x30, 0x28, 0x28, 0x28, 0x28, 0x28, 0x28, 0x28, 0x28, 0x28, 0x28, 0x28, 0x28, 0x28, 0x28, 0x28, 0x28, 0x28, 0x28, 0x28, 0x28, 0x28, 0x28, 0x28, 0x28, 0x28, 0x28, 0x28, 0x28, 
  0x28, 0x28, 0x28, 0x28, 0x28, 0x28, 0x28, 0x28, 0x28, 0x28, 0x28, 0x28, 0x28, 0x28, 0x28, 0x28, 0x28, 0x28, 0x28, 0x28, 0x28, 0x28, 0x9c, 0x8f, 0x8e, 0x8e, 0x9a, 0x28, 0x28, 0x28, 0x28, 0x28, 0x28, 0x28, 0x28, 0x28, 0x28, 0x28, 0x28, 0x28, 0x28, 0x28, 0x2a, 0x00, 0x00, 0x00, 0x00, 0xdb, 0x28, 0x28, 0x28, 0x28, 0xcf, 0x00, 0x00, 0x12, 0x28, 0x28, 0x28, 0x28, 0x28, 0x28, 0x28, 0x28, 0x28, 0x28, 0x28, 0x28, 0xbf, 0x8e, 0x8e, 0x8e, 0x8e, 0x8f, 0x8e, 0xc2, 0x28, 0x28, 0x28, 0x28, 0x28, 0x28, 0x28, 0x28, 0x28, 0x28, 0x28, 0x28, 0x28, 0x28, 0x28, 0x28, 0x28, 0x28, 0x28, 0x28, 0x28, 0x28, 0x28, 0x28, 0x28, 0x28, 0x28, 0x28, 0x28, 0x28, 0x28, 0x28, 0x28, 0x28, 0x28, 0x28, 0x28, 0x28, 0x28, 0x28, 0x28, 0x28, 0x28, 0x28, 0x28, 0x28, 0x28, 0x28, 0xd1, 0xd3, 0xd3, 0xd3, 0xd3, 0xd3, 0xd3, 0xd3, 0xd3, 0xd3, 0xd3, 0xd3, 0xd3, 0xd7, 0xe0, 0xd3, 0xd3, 0xdd, 0x28, 0xcd, 0xd3, 0xd3, 0xd3, 0xe0, 0x1b, 0x28, 0xd0, 0xe7, 0xd4, 0xd3, 0xd3, 0xd3, 0xd3, 0xd3, 0xd3, 0xd3, 0x33, 0x28, 0x28, 0x11, 0x2f, 0xee, 0xce, 0xd6, 0xd3, 0xd3, 0xd3, 0xe5, 0x28, 0xd6, 0x8b, 0x8e, 0x8e, 0x8e, 0x8f, 0x8f, 0xb1, 0x28, 0x28, 0x28, 0x28, 0x28, 0x28, 0x28, 0x28, 0x28, 0x28, 0x28, 0x28, 0x28, 0x28, 0x28, 0x28, 0x28, 0x28, 0x25, 0x04, 0x00, 0x06, 0x28, 0x0a, 0x00, 0x00, 0x00, 0x04, 0x24, 0x28, 0x28, 0x28, 0x28, 0x28, 0x28, 0x28, 0x28, 0x28, 0x28, 0x28, 0x28, 0xae, 0x8e, 0x8e, 0x8e, 0x8f, 0xc6, 0x28, 0x28, 0x28, 0x28, 0x28, 0x28, 0x28, 0x28, 0x28, 0x28, 0x28, 0x28, 0x28, 0x28, 0x28, 0x28, 0x28, 0x28, 0x28, 0x28, 0x28, 0x28, 0x28, 0x28, 0x28, 0x28, 0x28, 0x28, 0x28, 0x28, 0x28, 0x28, 0x28, 0x28, 0x28, 0x28, 0x28, 0x28, 0x28, 0x28, 0x28, 0x28, 0x28, 0x28, 0x28, 0x28, 0x28, 0x28, 0x28, 0x28, 0x28, 0x28, 0x28, 0x28, 0x28, 0x28, 0x28, 0x28, 0x28, 0x28, 0x28, 0x28, 0x28, 0x28, 0x28, 0x28, 0x28, 0x28, 0x28, 0x28, 0x28, 0x28, 0x28, 0x28, 0x28, 0x28, 0x28, 0x28, 0x28, 0x28, 0x28, 0x28, 0x28, 0x28, 0x28, 0x28, 0x28, 0x28, 0x28, 0x28, 0x28, 0xc9, 0xa3, 0x8e, 0x8f, 0x8f, 0xc1, 0x28, 0x28, 0x28, 0x28, 0x28, 0x28, 0x28, 0x28, 0x28, 0x28, 0x28, 0x28, 0x28, 0x28, 0x28, 0x28, 0x28, 0x28, 0x28, 0x28, 0x28, 0x28, 0xc9, 0x28, 0x28, 0xc9, 0x28, 0xd0, 0x28, 0xc9, 0x28, 0xce, 0x2e, 0x2e, 0x2e, 0x2e, 0xff, 0xff, 0xff, 0xff, 0xff, 0x0d, 0x2b, 0x0d, 0x2a, 0x2a, 0x2b, 0x2a, 0x2a, 0x2a, 0x2a, 0x2a, 0x2a, 0x2a, 0x2a, 0xff, 0xff, 0xff, 0xff, 0xff, 0xff, 0xff, 0xff, 0x2a, 0xff, 0x0c, 0x29, 0x21, 0x28, 0xc9, 0x28, 0xc9, 0x28, 0xc9, 0x28, 0xc9, 0x28, 0xc9, 0x28, 0xd0, 0x28, 0xd0, 0x28, 0xd0, 0x28, 0xd0, 0x28, 0xd0, 0x28, 0x33, 0x34, 0x7f, 0x33, 0x7f, 0x32, 0x32, 0xd6, 0x7f, 0x33, 0xd6, 0x7f, 0x7f, 0x7f, 0xd6, 0x7f, 0x33, 0x33, 0x7f, 0x7f, 0x32, 0x7d, 0xd6, 0x32, 0x2f, 0x30, 0x7a, 0x7a, 0x7a, 0x7a, 0x7a, 0x30, 0x30, 0x30, 0x30, 0x30, 0x30, 0x30, 0x28, 0x28, 0x28, 0x28, 0x28, 0x28, 0x28, 0x28, 0x28, 0x28, 0x28, 0x28, 0x28, 0x28, 0x28, 0x28, 0x28, 0x28, 0x28, 0x28, 0x28, 0x28, 0x28, 0x28, 0x28, 0x28, 0x28, 0x28, 
  0x28, 0x28, 0x28, 0x28, 0x28, 0x28, 0x28, 0x28, 0x28, 0x28, 0x28, 0x28, 0x28, 0x28, 0x28, 0x28, 0x28, 0x28, 0x28, 0x28, 0x28, 0x28, 0x66, 0x90, 0x8e, 0x8f, 0x8e, 0xb7, 0x28, 0x28, 0x28, 0x28, 0x28, 0x28, 0x28, 0x28, 0x28, 0x28, 0x28, 0x28, 0x25, 0x0b, 0x00, 0x00, 0x00, 0x00, 0x00, 0x03, 0xef, 0x28, 0x28, 0x28, 0xcc, 0x00, 0x00, 0x0b, 0x28, 0x28, 0x28, 0x28, 0x28, 0x28, 0x28, 0x28, 0x28, 0x28, 0x28, 0x28, 0x28, 0xc1, 0x97, 0x8e, 0x8f, 0x8e, 0x8e, 0x8e, 0xb9, 0xc9, 0x28, 0x28, 0x28, 0x28, 0x28, 0x28, 0x28, 0x28, 0x28, 0x28, 0x28, 0x28, 0x28, 0x28, 0x28, 0x28, 0x28, 0x28, 0x28, 0x28, 0x28, 0x28, 0x28, 0x28, 0x28, 0x28, 0x28, 0x28, 0x28, 0x28, 0x28, 0x28, 0x28, 0x28, 0x28, 0x28, 0x28, 0x28, 0x28, 0x28, 0x28, 0x28, 0x28, 0x28, 0x28, 0x28, 0xd1, 0xd3, 0xd3, 0xd3, 0xe0, 0x0e, 0xd3, 0xd3, 0xdc, 0x21, 0xdb, 0xd3, 0xd3, 0xee, 0x27, 0xd3, 0xd3, 0xd3, 0xda, 0x33, 0xde, 0xfc, 0xd0, 0x28, 0xce, 0xe7, 0xd3, 0xd3, 0xd3, 0xd3, 0xd3, 0xd3, 0xd3, 0xd3, 0xd3, 0xd3, 0xd5, 0x24, 0x28, 0x28, 0x28, 0x1f, 0xd5, 0xd3, 0xd3, 0xd3, 0xd3, 0xd3, 0x7c, 0x8d, 0x8f, 0x8e, 0x8f, 0x8e, 0x90, 0xb1, 0x28, 0x28, 0x28, 0x28, 0x28, 0x28, 0x28, 0x28, 0x28, 0x28, 0x28, 0xd0, 0x1f, 0x28, 0x28, 0x28, 0x28, 0x28, 0x28, 0x28, 0x15, 0x00, 0x00, 0xe8, 0x28, 0x0b, 0x00, 0x00, 0x00, 0x01, 0xcb, 0x28, 0x28, 0x28, 0x28, 0x28, 0x28, 0x28, 0x28, 0x28, 0x28, 0xc6, 0x90, 0x8e, 0x8f, 0x8e, 0xa9, 0x28, 0x28, 0x28, 0x28, 0x28, 0x28, 0x28, 0x28, 0x28, 0x28, 0x28, 0x28, 0x28, 0x28, 0x28, 0x28, 0x28, 0x28, 0x28, 0x28, 0x28, 0x28, 0x28, 0x28, 0x28, 0x28, 0x28, 0x28, 0x28, 0x28, 0x28, 0x28, 0x28, 0x28, 0x28, 0x28, 0x28, 0x28, 0x28, 0x28, 0x28, 0x28, 0x28, 0x28, 0x28, 0x28, 0x28, 0x28, 0x28, 0x28, 0x28, 0x28, 0x28, 0x28, 0x28, 0x28, 0x28, 0x28, 0x28, 0x28, 0x28, 0x28, 0x28, 0x28, 0x28, 0x28, 0x28, 0x28, 0x28, 0x28, 0x28, 0x28, 0x28, 0x28, 0x28, 0x28, 0x28, 0x28, 0x28, 0x28, 0x28, 0x28, 0x28, 0x28, 0x28, 0x28, 0x28, 0x28, 0x28, 0x28, 0x28, 0x28, 0xc7, 0x8e, 0x8f, 0x90, 0xbe, 0x28, 0x28, 0x28, 0x28, 0x28, 0x28, 0x28, 0x28, 0x28, 0x28, 0x28, 0x28, 0x28, 0x28, 0x28, 0x28, 0x28, 0x28, 0x28, 0x28, 0x28, 0x28, 0x28, 0x28, 0xd0, 0x28, 0xd0, 0x28, 0xc9, 0x28, 0x26, 0x2e, 0x2e, 0x2e, 0x2e, 0x2e, 0x2a, 0x2a, 0xff, 0xff, 0xff, 0x2a, 0x2c, 0x2a, 0x0d, 0x2a, 0x2a, 0x2a, 0x2b, 0x2a, 0x2a, 0x2a, 0x2a, 0xff, 0xff, 0xff, 0xff, 0xff, 0xff, 0x0c, 0xff, 0x0c, 0xff, 0xff, 0x2a, 0x2a, 0xff, 0x2a, 0x2a, 0xff, 0x28, 0xd0, 0x28, 0xd0, 0x28, 0xd0, 0x28, 0x28, 0xd0, 0x28, 0x28, 0x28, 0x28, 0xd0, 0x28, 0xc9, 0x28, 0xc9, 0x28, 0x28, 0xf1, 0x33, 0x33, 0x7f, 0x33, 0xd6, 0x7f, 0x33, 0x7f, 0x33, 0x7f, 0x7f, 0x33, 0x33, 0x33, 0x7f, 0x33, 0x7f, 0x7f, 0x32, 0x32, 0x32, 0x7d, 0x32, 0x31, 0x30, 0x7a, 0x7a, 0x7a, 0x7a, 0x30, 0x30, 0x2f, 0x7a, 0x30, 0x30, 0x30, 0xca, 0x28, 0x28, 0x28, 0x28, 0x28, 0x28, 0x28, 0x28, 0x28, 0x28, 0x28, 0x28, 0x28, 0x28, 0x28, 0x28, 0x28, 0x28, 0x28, 0x28, 0x28, 0x28, 0x28, 0x28, 0x28, 0x28, 0x28, 0x28, 
  0x28, 0x28, 0x28, 0x28, 0x28, 0x28, 0x28, 0x28, 0x28, 0x28, 0x28, 0x28, 0x28, 0x28, 0x28, 0x28, 0x28, 0x28, 0x28, 0x28, 0x28, 0x28, 0x28, 0xaf, 0x8f, 0x8e, 0x8f, 0x8e, 0xc6, 0x28, 0x28, 0x28, 0x28, 0x28, 0x28, 0x28, 0x28, 0x28, 0x28, 0xcb, 0x00, 0x00, 0x00, 0x00, 0x2e, 0x23, 0x03, 0x00, 0x02, 0x1d, 0x28, 0xcc, 0x01, 0x00, 0x00, 0x34, 0x28, 0x28, 0x28, 0x28, 0x28, 0x28, 0x28, 0x28, 0x28, 0x28, 0x28, 0x28, 0x28, 0x28, 0x28, 0xad, 0x8e, 0x8f, 0x8e, 0x8f, 0x8e, 0x9e, 0xc6, 0x28, 0x28, 0x28, 0x28, 0x28, 0x28, 0x28, 0x28, 0x28, 0x28, 0x28, 0x28, 0x28, 0x28, 0x28, 0x28, 0x28, 0x28, 0x28, 0x28, 0x28, 0x28, 0x28, 0x28, 0x28, 0x28, 0x28, 0x28, 0x28, 0x28, 0x28, 0x28, 0x28, 0x28, 0x28, 0x28, 0x28, 0x28, 0x28, 0x28, 0x28, 0x28, 0x28, 0x28, 0x28, 0xd1, 0xd3, 0xd3, 0xca, 0x28, 0x24, 0xd3, 0xd3, 0xf3, 0x26, 0xe1, 0xd3, 0xd3, 0xd4, 0xd4, 0xd6, 0xdb, 0xed, 0xd0, 0x28, 0x28, 0x24, 0xe8, 0xca, 0xd3, 0xd3, 0xd3, 0xd3, 0xd3, 0xd3, 0xd3, 0xd3, 0xd3, 0xd3, 0xd3, 0xd3, 0xd3, 0xd3, 0xd3, 0xf5, 0x19, 0xd4, 0xd3, 0xd3, 0xd3, 0xd3, 0xca, 0x87, 0x8e, 0x8e, 0x8e, 0x8e, 0x8e, 0x9a, 0xc4, 0x28, 0x28, 0x28, 0x28, 0x28, 0x28, 0x28, 0x28, 0x28, 0x28, 0x28, 0xf0, 0x06, 0x00, 0x00, 0x11, 0x24, 0x28, 0x28, 0x28, 0x28, 0x28, 0x0c, 0x00, 0x01, 0x28, 0x28, 0xeb, 0x01, 0x00, 0x00, 0x00, 0xfc, 0x28, 0x28, 0x28, 0x28, 0x28, 0x28, 0x28, 0x28, 0x28, 0x94, 0x8e, 0x8e, 0x8e, 0x97, 0x28, 0x28, 0x28, 0x28, 0x28, 0x28, 0x28, 0x28, 0x28, 0x28, 0x28, 0x28, 0x28, 0x28, 0x28, 0x28, 0x28, 0x28, 0x28, 0x28, 0x28, 0x28, 0x28, 0x28, 0x28, 0x28, 0x28, 0x28, 0x28, 0x28, 0x28, 0x28, 0x28, 0x28, 0x28, 0x28, 0x28, 0x28, 0x28, 0x28, 0x28, 0x28, 0x28, 0x28, 0x28, 0x28, 0x28, 0x28, 0x28, 0x28, 0x28, 0x28, 0x28, 0x28, 0x28, 0x28, 0x28, 0x28, 0x28, 0x28, 0x28, 0x28, 0x28, 0x28, 0x28, 0x28, 0x28, 0x28, 0x28, 0x28, 0x28, 0x28, 0x28, 0x28, 0x28, 0x28, 0x28, 0x28, 0x28, 0x28, 0x28, 0x28, 0x28, 0x28, 0x28, 0x28, 0x28, 0x28, 0x28, 0x28, 0x28, 0x28, 0x28, 0xc9, 0xb4, 0xbb, 0xc9, 0x28, 0x28, 0x28, 0x28, 0x28, 0x28, 0x28, 0x28, 0x28, 0x28, 0x28, 0x28, 0x28, 0x28, 0x28, 0x28, 0x28, 0x28, 0x28, 0x28, 0x28, 0x28, 0x28, 0x28, 0xc9, 0x28, 0xc9, 0x28, 0xd0, 0x28, 0x2c, 0x2e, 0x2e, 0x2e, 0x2e, 0x30, 0x2c, 0xfd, 0x2a, 0x2a, 0xff, 0x2a, 0x2a, 0x2a, 0x0d, 0x2a, 0x2b, 0x2a, 0x2b, 0x2a, 0x2a, 0x2a, 0x2a, 0x2a, 0x0c, 0xff, 0xff, 0xff, 0xff, 0xff, 0xff, 0xff, 0xff, 0x2a, 0xff, 0x2a, 0x2a, 0x2a, 0x2a, 0x2a, 0x2b, 0xff, 0x29, 0x28, 0x28, 0xc9, 0x28, 0xc9, 0x28, 0xc9, 0x28, 0xd0, 0x28, 0xd0, 0x28, 0xc9, 0x28, 0xd0, 0x28, 0xd0, 0x28, 0xc9, 0x34, 0x7f, 0x33, 0x32, 0x7f, 0x7f, 0x7f, 0xd6, 0x7f, 0x32, 0x32, 0x7f, 0xd6, 0x32, 0xd6, 0x32, 0xd6, 0x7f, 0x7f, 0x7f, 0x32, 0xd6, 0x7d, 0x7d, 0x30, 0x31, 0x30, 0x7a, 0x30, 0xca, 0x7a, 0x30, 0x30, 0x30, 0xca, 0x30, 0xca, 0x28, 0x28, 0x28, 0x28, 0x28, 0x28, 0x28, 0x28, 0x28, 0x28, 0x28, 0x28, 0x28, 0x28, 0x28, 0x28, 0x28, 0x28, 0x28, 0x28, 0x28, 0x28, 0x28, 0x28, 0x28, 0x28, 0x28, 0x28, 
  0x28, 0x28, 0x28, 0x28, 0x28, 0x28, 0x28, 0x28, 0x28, 0x28, 0x28, 0x28, 0x28, 0x28, 0x28, 0x28, 0x28, 0x28, 0x28, 0x28, 0x28, 0x28, 0x28, 0xc9, 0x91, 0x8f, 0x8e, 0x8e, 0x94, 0xc9, 0x28, 0x28, 0x28, 0x28, 0x28, 0x28, 0x28, 0x28, 0xce, 0x00, 0x00, 0x00, 0x00, 0xca, 0x28, 0x28, 0xf7, 0x01, 0x00, 0x00, 0x05, 0x00, 0x00, 0x00, 0x00, 0x1d, 0x28, 0x28, 0x28, 0x28, 0x28, 0x28, 0x28, 0x28, 0x28, 0x28, 0x28, 0x28, 0x28, 0x28, 0x28, 0xc9, 0xae, 0x8e, 0x8e, 0x8f, 0x8e, 0x8f, 0x97, 0xbc, 0x28, 0x28, 0x28, 0x28, 0x28, 0x28, 0x28, 0x28, 0x28, 0x28, 0x28, 0x28, 0x28, 0x28, 0x28, 0x28, 0x28, 0x28, 0x28, 0x28, 0x28, 0x28, 0x28, 0x28, 0x28, 0x28, 0x28, 0x28, 0x28, 0x28, 0x28, 0x28, 0x28, 0x28, 0x28, 0x28, 0x28, 0x28, 0x28, 0x28, 0x28, 0x28, 0x28, 0x28, 0xd1, 0xd3, 0xd3, 0xd3, 0xe0, 0xd5, 0xd3, 0xd3, 0xd3, 0xd4, 0xd6, 0xd9, 0xf4, 0xea, 0xce, 0x28, 0x28, 0xd0, 0xcf, 0xea, 0x10, 0xd3, 0xd3, 0xd3, 0xd3, 0xd3, 0xd3, 0xd3, 0xd3, 0xd3, 0xd3, 0xd3, 0xd3, 0xd3, 0xd3, 0xd3, 0xd3, 0xd3, 0xd3, 0xd3, 0xd3, 0xd3, 0xd3, 0xd3, 0xd3, 0x7b, 0x8a, 0x8f, 0x8e, 0x8f, 0x8e, 0x8f, 0x9c, 0xc4, 0x28, 0x28, 0x28, 0x28, 0x28, 0x28, 0x28, 0x28, 0x28, 0x28, 0x28, 0xd0, 0xfe, 0x00, 0x00, 0x00, 0x00, 0x01, 0xd9, 0xcd, 0x28, 0x28, 0x28, 0xe9, 0x00, 0x00, 0xe5, 0x28, 0x28, 0xf6, 0x00, 0x00, 0x0a, 0xcf, 0x28, 0x28, 0x28, 0x28, 0x28, 0x28, 0x28, 0x28, 0xaf, 0x8e, 0x8f, 0x8e, 0x8e, 0xbe, 0x28, 0x28, 0x28, 0x28, 0x28, 0x28, 0x28, 0x28, 0x28, 0x28, 0x28, 0x28, 0x28, 0x28, 0x28, 0x28, 0x28, 0x28, 0x28, 0x28, 0x28, 0x28, 0x28, 0x28, 0x28, 0x28, 0x28, 0x28, 0x28, 0x28, 0x28, 0x28, 0x28, 0x28, 0x28, 0x28, 0x28, 0x28, 0x28, 0x28, 0x28, 0x28, 0x28, 0x28, 0x28, 0x28, 0x28, 0x28, 0x28, 0x28, 0x28, 0x28, 0x28, 0x28, 0x28, 0x28, 0x28, 0x28, 0x28, 0x28, 0x28, 0x28, 0x28, 0x28, 0x28, 0x28, 0x28, 0x28, 0x28, 0x28, 0x28, 0x28, 0x28, 0x28, 0x28, 0x28, 0x28, 0x28, 0x28, 0x28, 0x28, 0x28, 0x28, 0x28, 0x28, 0x28, 0x28, 0x28, 0x28, 0x28, 0x28, 0x28, 0x28, 0x28, 0x28, 0x28, 0x28, 0x28, 0x28, 0x28, 0x28, 0x28, 0x28, 0x28, 0x28, 0x28, 0x28, 0x28, 0x28, 0x28, 0x28, 0x28, 0x28, 0x28, 0x28, 0x28, 0x28, 0x28, 0x28, 0x28, 0x28, 0x28, 0xd0, 0x28, 0x28, 0x31, 0x2e, 0x2f, 0x30, 0x7a, 0x30, 0x30, 0x2b, 0xfd, 0x2c, 0xfd, 0xfd, 0x2a, 0x2a, 0x2b, 0x2a, 0x2a, 0x2b, 0x0d, 0x2a, 0x2b, 0x2a, 0x2b, 0x2a, 0x2a, 0xff, 0xff, 0xff, 0xff, 0xff, 0xff, 0xff, 0xff, 0xff, 0xff, 0xff, 0xff, 0xff, 0x2a, 0x2a, 0x2a, 0x2a, 0x2a, 0x2a, 0x2a, 0x0c, 0x11, 0x28, 0xd0, 0x28, 0xd0, 0x28, 0xd0, 0x28, 0xd0, 0x28, 0xd0, 0x28, 0xd0, 0x28, 0xc9, 0x28, 0xd0, 0x28, 0x11, 0x33, 0x7f, 0x7f, 0x7f, 0x32, 0x33, 0x7f, 0x32, 0x7f, 0x32, 0xd6, 0x32, 0x7f, 0x7f, 0xd6, 0x7f, 0x33, 0xd6, 0x33, 0x32, 0x32, 0xd5, 0x32, 0x31, 0x30, 0x30, 0x7a, 0xca, 0xca, 0x7a, 0x30, 0xca, 0x30, 0xca, 0xca, 0x30, 0x28, 0x28, 0x28, 0x28, 0x28, 0x28, 0x28, 0x28, 0x28, 0x28, 0x28, 0x28, 0x28, 0x28, 0x28, 0x28, 0x28, 0x28, 0x28, 0x28, 0x28, 0x28, 0x28, 0x28, 0x28, 0x28, 0x28, 0x28, 
  0x28, 0x28, 0x28, 0x28, 0x28, 0x28, 0x28, 0x28, 0x28, 0x28, 0x28, 0x28, 0x28, 0x28, 0x28, 0x28, 0x28, 0x28, 0x28, 0x28, 0x28, 0x28, 0x28, 0x28, 0xb1, 0x8f, 0x8e, 0x8f, 0x8f, 0xb9, 0x28, 0x28, 0x28, 0x28, 0x28, 0x28, 0x28, 0x28, 0xd0, 0x04, 0x00, 0x00, 0x0f, 0x28, 0x28, 0x28, 0x28, 0xf2, 0x00, 0x00, 0x00, 0x00, 0x00, 0x00, 0x0e, 0x28, 0x28, 0x28, 0x28, 0x28, 0x28, 0x28, 0x28, 0x28, 0x28, 0x28, 0x28, 0x28, 0x28, 0x28, 0x28, 0x28, 0x28, 0xb7, 0x8f, 0x8e, 0x8f, 0x8e, 0x8e, 0x8e, 0xaf, 0x28, 0x28, 0x28, 0x28, 0x28, 0x28, 0x28, 0x28, 0x28, 0x28, 0x28, 0x28, 0x28, 0x28, 0x28, 0x28, 0x28, 0x28, 0x28, 0x28, 0x28, 0x28, 0x28, 0x28, 0x28, 0x28, 0x28, 0x28, 0x28, 0x28, 0x28, 0x28, 0x28, 0x28, 0x28, 0x28, 0x28, 0x28, 0x28, 0x28, 0x28, 0x28, 0x28, 0xed, 0xd4, 0xd5, 0xd7, 0xdb, 0xe4, 0xe9, 0x1b, 0xf0, 0x28, 0x28, 0x28, 0xd0, 0x28, 0xd0, 0x25, 0xfb, 0xd4, 0xd3, 0xd3, 0xd3, 0xd3, 0xd3, 0xd3, 0xd3, 0xd3, 0xd3, 0xd3, 0xd3, 0xd3, 0xd3, 0xd3, 0xd3, 0xd3, 0xd3, 0xd3, 0xd3, 0xd3, 0xd3, 0xd3, 0xd3, 0xd3, 0xd3, 0xd3, 0x7e, 0x8e, 0x8e, 0x8e, 0x8e, 0x8e, 0x8e, 0x9c, 0xc9, 0x28, 0x28, 0x28, 0x28, 0x28, 0x28, 0x28, 0x28, 0x28, 0x28, 0x28, 0x28, 0xf3, 0x00, 0x00, 0x00, 0x00, 0x00, 0x00, 0x00, 0x00, 0xca, 0x25, 0xd0, 0xd0, 0x03, 0x00, 0x01, 0xd0, 0x28, 0x28, 0xea, 0x00, 0x1e, 0x28, 0x28, 0x28, 0x28, 0x28, 0x28, 0x28, 0x28, 0xc0, 0x8f, 0x8e, 0x8f, 0x8e, 0x9e, 0x28, 0x28, 0x28, 0x28, 0x28, 0x28, 0x28, 0x28, 0x28, 0x28, 0x28, 0x28, 0x28, 0x28, 0x28, 0x28, 0x28, 0x28, 0x28, 0x28, 0x28, 0x28, 0x28, 0x28, 0x28, 0x28, 0x28, 0x28, 0x28, 0x28, 0x28, 0x28, 0x28, 0x28, 0x28, 0x28, 0x28, 0x28, 0x28, 0x28, 0x28, 0x28, 0x28, 0x28, 0x28, 0x28, 0x28, 0x28, 0x28, 0x28, 0x28, 0x28, 0x28, 0x28, 0x28, 0x28, 0x28, 0x28, 0x28, 0x28, 0x28, 0x28, 0x28, 0x28, 0x28, 0x28, 0x28, 0x28, 0x28, 0x28, 0x28, 0x28, 0x28, 0x28, 0x28, 0x28, 0x28, 0x28, 0x28, 0x28, 0x28, 0x28, 0x28, 0x28, 0x28, 0x28, 0x28, 0x28, 0x28, 0x28, 0x28, 0x28, 0x28, 0x28, 0x28, 0x28, 0x28, 0x28, 0x28, 0x28, 0x28, 0x28, 0x28, 0x28, 0x28, 0x28, 0x28, 0x28, 0x28, 0x28, 0x28, 0x28, 0x28, 0x28, 0x28, 0x28, 0x28, 0x28, 0x28, 0x28, 0x28, 0x28, 0xc9, 0x28, 0x28, 0xca, 0x7b, 0x7a, 0x30, 0x30, 0x30, 0xfd, 0x0d, 0x0d, 0x2c, 0x2d, 0xfd, 0xfd, 0xfd, 0x7a, 0x2a, 0x2a, 0x2b, 0x2a, 0x2b, 0xff, 0x2a, 0x2b, 0x2a, 0x2b, 0xff, 0xff, 0xff, 0xff, 0xff, 0x2a, 0xff, 0xff, 0x2a, 0xff, 0x2a, 0xff, 0xff, 0xff, 0x2a, 0x2a, 0xff, 0x2a, 0x2a, 0x2a, 0xff, 0x2a, 0xff, 0xff, 0xed, 0x28, 0x28, 0xd0, 0x28, 0xd0, 0x28, 0xc9, 0x28, 0xd0, 0x28, 0xd0, 0x28, 0xd0, 0x28, 0xc9, 0x28, 0x27, 0x33, 0x33, 0x33, 0x7f, 0x7f, 0x7f, 0x7f, 0x7d, 0x7f, 0x32, 0x7f, 0x7f, 0x7f, 0x7f, 0x7f, 0x7f, 0x33, 0x32, 0xd6, 0x32, 0x32, 0x7d, 0xd6, 0x7a, 0x7a, 0x30, 0x7a, 0x30, 0xca, 0x7a, 0x7a, 0xca, 0x7a, 0x30, 0x7a, 0x28, 0x28, 0x28, 0x28, 0x28, 0x28, 0x28, 0x28, 0x28, 0x28, 0x28, 0x28, 0x28, 0x28, 0x28, 0x28, 0x28, 0x28, 0x28, 0x28, 0x28, 0x28, 0x28, 0x28, 0x28, 0x28, 0x28, 0x28, 
  0x28, 0x28, 0x28, 0x28, 0x28, 0x28, 0x28, 0x28, 0x28, 0x28, 0x28, 0x28, 0x28, 0x28, 0x28, 0x28, 0x28, 0x28, 0x28, 0x28, 0x28, 0x28, 0x28, 0x28, 0x28, 0xb2, 0x8f, 0x8e, 0x8e, 0x8f, 0xc1, 0x28, 0x28, 0x28, 0x28, 0x28, 0x28, 0x28, 0x28, 0x28, 0x06, 0x18, 0x28, 0x28, 0x28, 0x28, 0x28, 0xf6, 0x00, 0x03, 0xf5, 0x02, 0x09, 0x1f, 0x28, 0x28, 0x28, 0x28, 0x28, 0x28, 0x28, 0x28, 0x28, 0x28, 0x28, 0x28, 0x28, 0x28, 0x28, 0x28, 0x28, 0x28, 0x28, 0x28, 0xc9, 0x94, 0x8f, 0x8e, 0x8f, 0x8f, 0x8e, 0x90, 0xbb, 0x28, 0x28, 0x28, 0x28, 0x28, 0x28, 0x28, 0x28, 0x28, 0x28, 0x28, 0x28, 0x28, 0x28, 0x28, 0x28, 0x28, 0x28, 0x28, 0x28, 0x28, 0x28, 0x28, 0x28, 0x28, 0x28, 0x28, 0x28, 0x28, 0x28, 0x28, 0x28, 0x28, 0x28, 0x28, 0x28, 0x28, 0x28, 0x28, 0x28, 0x28, 0xd0, 0xf0, 0x26, 0x28, 0xd0, 0x22, 0xee, 0x1a, 0xf6, 0xe1, 0xd7, 0xd5, 0xd4, 0xd4, 0xd3, 0xd3, 0xd3, 0xd3, 0xd3, 0xd3, 0xd3, 0xd3, 0xd3, 0xd3, 0xd3, 0xd3, 0xd3, 0xd3, 0xd3, 0xd3, 0xd3, 0xd3, 0xd3, 0xd3, 0xd3, 0xd3, 0xd3, 0xd3, 0xd3, 0xd3, 0xd3, 0xd3, 0x7b, 0x8c, 0x8e, 0x8e, 0x8f, 0x8e, 0x8f, 0x8e, 0xc1, 0x28, 0x28, 0x28, 0x28, 0x28, 0x28, 0x28, 0x28, 0x28, 0x28, 0x28, 0x28, 0x28, 0x28, 0xd0, 0x32, 0x00, 0x00, 0x00, 0x00, 0x09, 0x00, 0x00, 0x00, 0x00, 0x02, 0x34, 0xef, 0x00, 0x00, 0x14, 0x28, 0x28, 0x28, 0xd0, 0x28, 0x28, 0x28, 0x28, 0x28, 0x28, 0x28, 0x28, 0x28, 0x9c, 0x8e, 0x8f, 0x8e, 0x94, 0xc9, 0x28, 0x28, 0x28, 0x28, 0x28, 0x28, 0x28, 0x28, 0x28, 0x28, 0x28, 0x28, 0x28, 0x28, 0x28, 0x28, 0x28, 0x28, 0x28, 0x28, 0x28, 0x28, 0x28, 0x28, 0x28, 0x28, 0x28, 0x28, 0x28, 0x28, 0x28, 0x28, 0x28, 0x28, 0x28, 0x28, 0x28, 0x28, 0x28, 0x28, 0x28, 0x28, 0x28, 0x28, 0x28, 0x28, 0x28, 0x28, 0x28, 0x28, 0x28, 0x28, 0x28, 0x28, 0x28, 0xb8, 0x97, 0x97, 0x97, 0x97, 0x97, 0x9a, 0xaa, 0xb9, 0x28, 0x28, 0x28, 0x28, 0x28, 0x28, 0x28, 0x28, 0x28, 0x28, 0x28, 0x28, 0x28, 0x28, 0x28, 0x28, 0x28, 0x28, 0x28, 0x28, 0x28, 0x28, 0x28, 0x28, 0x28, 0x28, 0x28, 0x28, 0x28, 0x28, 0x28, 0x28, 0xc9, 0x9f, 0x90, 0xbe, 0x28, 0x28, 0x9e, 0x97, 0xbe, 0x28, 0x28, 0x28, 0x28, 0x28, 0x28, 0x28, 0x28, 0x28, 0x28, 0x28, 0x28, 0x28, 0x28, 0x28, 0x28, 0x28, 0xc4, 0xac, 0x8b, 0x8e, 0x8f, 0x8f, 0x8d, 0x87, 0x7b, 0x0d, 0xfd, 0x0d, 0x0d, 0x2e, 0x0d, 0xfd, 0xfd, 0xfd, 0xfd, 0x2e, 0x2a, 0x0d, 0x2a, 0x2b, 0x2a, 0x2b, 0x2a, 0x2a, 0xff, 0xff, 0xff, 0xff, 0x2a, 0x2a, 0x2b, 0xff, 0x2a, 0x2a, 0xff, 0xff, 0x2a, 0x2a, 0x2a, 0xff, 0x2b, 0xff, 0x2b, 0x2a, 0x2a, 0xff, 0xff, 0x2a, 0x2a, 0x2a, 0x25, 0x28, 0xd0, 0x28, 0xd0, 0x28, 0xc9, 0x28, 0xd0, 0x28, 0xc9, 0x28, 0x28, 0xd0, 0x28, 0x28, 0xc9, 0x33, 0x33, 0x7f, 0x33, 0x7f, 0x7f, 0x7f, 0x7f, 0xd6, 0x7f, 0x7f, 0x7f, 0x32, 0x7f, 0x7f, 0x7f, 0x32, 0x7f, 0x32, 0x32, 0x7f, 0x7f, 0x7a, 0x30, 0x7a, 0xca, 0x7a, 0x2f, 0x7a, 0x30, 0x7a, 0x30, 0x7a, 0x7a, 0x28, 0x28, 0x28, 0x28, 0x28, 0x28, 0x28, 0x28, 0x28, 0x28, 0x28, 0x28, 0x28, 0x28, 0x28, 0x28, 0x28, 0x28, 0x28, 0x28, 0x28, 0x28, 0x28, 0x28, 0x28, 0x28, 0x28, 0x28, 
  0x28, 0x28, 0x28, 0x28, 0x28, 0x28, 0x28, 0x28, 0x28, 0x28, 0x28, 0x28, 0x28, 0x28, 0x28, 0x28, 0x28, 0x28, 0x28, 0x28, 0x28, 0x28, 0x28, 0x28, 0x28, 0xc9, 0x94, 0x8f, 0x8e, 0x8f, 0x90, 0xc7, 0x28, 0x28, 0x28, 0x28, 0x28, 0x28, 0x28, 0x28, 0x28, 0x28, 0x28, 0x28, 0x28, 0x28, 0x28, 0x13, 0x00, 0x00, 0x24, 0x28, 0x28, 0x28, 0x28, 0x28, 0x28, 0x28, 0x28, 0xfc, 0xf8, 0xf6, 0x28, 0x28, 0x28, 0x28, 0x28, 0x28, 0x28, 0x28, 0x28, 0x28, 0x28, 0x28, 0x28, 0x28, 0xac, 0x8f, 0x8e, 0x8e, 0x8e, 0x8e, 0x8e, 0x97, 0x28, 0x28, 0x28, 0x28, 0x28, 0x28, 0x28, 0x28, 0x28, 0x28, 0x28, 0x28, 0x28, 0x28, 0x28, 0x28, 0x28, 0x28, 0x28, 0x28, 0x28, 0x28, 0x28, 0x28, 0x28, 0x28, 0x28, 0x28, 0x28, 0x28, 0x28, 0x28, 0x28, 0x28, 0x28, 0x28, 0x28, 0x28, 0x28, 0x28, 0xd1, 0xd3, 0xd3, 0xd3, 0xd3, 0xd3, 0xd3, 0xd3, 0xd3, 0xd3, 0xd3, 0xd3, 0xca, 0xd3, 0xd3, 0xd3, 0xd3, 0xd3, 0xd3, 0xd3, 0xd3, 0xd3, 0xd3, 0xd3, 0xd3, 0xd3, 0xd3, 0xd3, 0xd3, 0xd3, 0xd3, 0xd3, 0xd3, 0xd3, 0xd3, 0xd3, 0xd3, 0xd3, 0xd3, 0xd3, 0xd3, 0x88, 0x8e, 0x8e, 0x8f, 0x8e, 0x8f, 0x8e, 0x8e, 0xc6, 0x28, 0x28, 0x28, 0x28, 0x28, 0x28, 0x28, 0x28, 0x28, 0x28, 0x28, 0x28, 0x28, 0x28, 0x28, 0x28, 0xd0, 0xf3, 0x00, 0x00, 0x00, 0x01, 0x1f, 0xe9, 0x02, 0x00, 0x00, 0x00, 0x00, 0x00, 0x00, 0x00, 0x21, 0x28, 0x28, 0x28, 0x28, 0x28, 0x28, 0x28, 0x28, 0x28, 0x28, 0x28, 0xad, 0x8e, 0x8e, 0x8e, 0x8f, 0xc1, 0x28, 0x28, 0x28, 0x28, 0x28, 0x28, 0x28, 0x28, 0x28, 0x28, 0x28, 0x28, 0x28, 0x28, 0x28, 0x28, 0x28, 0x28, 0x28, 0x28, 0x28, 0x28, 0x28, 0x28, 0x28, 0x28, 0x28, 0x28, 0x28, 0x28, 0x28, 0x28, 0x28, 0x28, 0x28, 0x28, 0x28, 0x28, 0x28, 0x28, 0x28, 0x28, 0x28, 0x28, 0x28, 0x28, 0x28, 0x28, 0x28, 0x28, 0x28, 0x28, 0x28, 0x28, 0x28, 0x28, 0xb2, 0x8f, 0x8e, 0x8e, 0x8f, 0x8e, 0x8e, 0x8e, 0x8e, 0x9f, 0xc7, 0x28, 0x28, 0x28, 0x28, 0x28, 0x28, 0x28, 0x28, 0x28, 0x28, 0x28, 0x28, 0x28, 0x28, 0x28, 0x28, 0x28, 0x28, 0x28, 0x28, 0x28, 0x28, 0x28, 0x28, 0xc8, 0xb9, 0xc7, 0x28, 0x28, 0x28, 0xc0, 0x8e, 0x8e, 0xad, 0x28, 0x28, 0x90, 0x8e, 0xbc, 0x28, 0x28, 0x28, 0x28, 0x28, 0x28, 0x28, 0x28, 0x28, 0x28, 0x28, 0x28, 0x28, 0x28, 0x28, 0x28, 0xb6, 0x8e, 0x8e, 0x8e, 0x8e, 0x8e, 0x8e, 0x8e, 0x8e, 0x8e, 0x82, 0x0d, 0xfd, 0xfd, 0xfd, 0xfd, 0x2e, 0xfd, 0xfd, 0xfd, 0xfd, 0x2e, 0x0d, 0x2b, 0x2b, 0x2a, 0x2b, 0x2a, 0x2a, 0xff, 0x2a, 0x2a, 0x2b, 0x2a, 0x2b, 0xff, 0x2a, 0x2a, 0xff, 0x2a, 0x2a, 0x2b, 0x2a, 0x2b, 0x2a, 0x2b, 0x2b, 0x2a, 0x2b, 0x2a, 0x2a, 0x2a, 0x2a, 0x2a, 0x2a, 0xff, 0x0c, 0x28, 0xc9, 0x28, 0xc9, 0x28, 0xd0, 0x28, 0xd0, 0x28, 0x28, 0xd0, 0x28, 0x28, 0x28, 0xd0, 0x28, 0xee, 0x34, 0x7f, 0xd6, 0x7f, 0x7f, 0x7f, 0x7f, 0x33, 0x7f, 0x7f, 0x7f, 0x32, 0x7f, 0x7f, 0x7f, 0x32, 0xd6, 0x32, 0x32, 0x32, 0x33, 0xca, 0x7a, 0x30, 0x30, 0x7a, 0x30, 0x30, 0x7a, 0x7a, 0x7a, 0x7a, 0x28, 0x28, 0x28, 0x28, 0x28, 0x28, 0x28, 0x28, 0x28, 0x28, 0x28, 0x28, 0x28, 0x28, 0x28, 0x28, 0x28, 0x28, 0x28, 0x28, 0x28, 0x28, 0x28, 0x28, 0x28, 0x28, 0x28, 0x28, 
  0x28, 0x28, 0x28, 0x28, 0x28, 0x28, 0x28, 0x28, 0x28, 0x28, 0x28, 0x28, 0x28, 0x28, 0x28, 0x28, 0x28, 0x28, 0x28, 0x28, 0x28, 0x28, 0x28, 0x28, 0x28, 0x28, 0xc2, 0x8e, 0x8e, 0x8e, 0x8f, 0x9c, 0x28, 0x28, 0x28, 0x28, 0x28, 0x28, 0x28, 0x28, 0x28, 0x28, 0x28, 0x28, 0x28, 0x28, 0xdc, 0x01, 0x00, 0x01, 0x27, 0x28, 0x28, 0x28, 0x28, 0x28, 0xd0, 0x0b, 0x03, 0x00, 0x00, 0x00, 0x02, 0x0d, 0x26, 0x28, 0x28, 0x28, 0x28, 0x28, 0x28, 0x28, 0x28, 0x28, 0x28, 0x28, 0x28, 0xbc, 0x90, 0x8e, 0x8f, 0x8e, 0x8f, 0x8f, 0x90, 0xaa, 0xc9, 0x28, 0x28, 0x28, 0x28, 0x28, 0x28, 0x28, 0x28, 0x28, 0x28, 0x28, 0x28, 0x28, 0x28, 0x28, 0x28, 0x28, 0x28, 0x28, 0x28, 0x28, 0x28, 0x28, 0x28, 0x28, 0x28, 0x28, 0x28, 0x28, 0x28, 0x28, 0x28, 0x28, 0x28, 0x28, 0x28, 0x28, 0xed, 0xd3, 0xd3, 0xd3, 0xd3, 0xd3, 0xd3, 0xd3, 0xd3, 0xd3, 0xd3, 0xd3, 0xd3, 0xd3, 0xd3, 0xd3, 0xd3, 0xd3, 0xd3, 0xd3, 0xd3, 0xd3, 0xd3, 0xd3, 0xd3, 0xd3, 0xd3, 0xd3, 0xd3, 0xd3, 0xd3, 0xd3, 0xd3, 0xd3, 0xd3, 0xd3, 0xd3, 0xd3, 0xd3, 0x82, 0x8c, 0x8e, 0x8f, 0x8e, 0x8f, 0x8e, 0x8e, 0xaf, 0xc9, 0x28, 0x28, 0x28, 0x28, 0x28, 0x28, 0x28, 0x28, 0x28, 0x28, 0x28, 0x28, 0x28, 0x28, 0x28, 0x28, 0x28, 0x28, 0x28, 0xe3, 0x00, 0x00, 0x00, 0x02, 0x17, 0xcf, 0x1c, 0x2e, 0x00, 0x00, 0x00, 0x00, 0x00, 0x2e, 0x28, 0x28, 0x28, 0x28, 0x28, 0x28, 0x28, 0x28, 0x28, 0x28, 0xb1, 0x8f, 0x8e, 0x8e, 0x8e, 0xb1, 0x28, 0x28, 0x28, 0x28, 0x28, 0x28, 0x28, 0x28, 0x28, 0x28, 0x28, 0x28, 0x28, 0x28, 0x28, 0x28, 0x28, 0x28, 0x28, 0x28, 0x28, 0x28, 0x28, 0x28, 0x28, 0x28, 0x28, 0x28, 0x28, 0x28, 0x28, 0x28, 0x28, 0x28, 0x28, 0x28, 0x28, 0x28, 0x28, 0x28, 0x28, 0x28, 0x28, 0x28, 0x28, 0x28, 0x28, 0x28, 0x28, 0x28, 0x28, 0x28, 0x28, 0x28, 0x28, 0x28, 0x28, 0xb2, 0x8e, 0x8f, 0xb8, 0xb7, 0xb7, 0xb4, 0x9f, 0x8f, 0x8e, 0xaa, 0x28, 0x28, 0x28, 0x28, 0x28, 0x28, 0x28, 0x28, 0x28, 0x28, 0x28, 0x28, 0x28, 0x28, 0x28, 0x28, 0x28, 0x28, 0x28, 0x28, 0x28, 0x28, 0x28, 0x28, 0x8f, 0x8e, 0xc0, 0x28, 0x28, 0x28, 0x28, 0xaa, 0x9e, 0xc1, 0x28, 0x28, 0x90, 0x8e, 0xbc, 0x28, 0x28, 0x28, 0x28, 0x28, 0x28, 0x28, 0x28, 0x28, 0x28, 0x28, 0x28, 0x28, 0x28, 0x28, 0xaa, 0x8f, 0x8e, 0x8e, 0x87, 0x82, 0x81, 0x83, 0x8a, 0x8f, 0x8e, 0x8e, 0x83, 0xfd, 0xfd, 0xfd, 0xfd, 0xfd, 0xfd, 0xfd, 0xfd, 0xfd, 0xfd, 0xfd, 0xd3, 0x2a, 0x2b, 0x2a, 0x2a, 0xff, 0x2a, 0x2a, 0x2b, 0x2a, 0x2a, 0xff, 0x2a, 0xff, 0x2a, 0xff, 0x2a, 0xff, 0x2a, 0x2b, 0xff, 0x2b, 0xff, 0x2a, 0x2b, 0x2a, 0x2a, 0x2a, 0x2a, 0x2a, 0x2a, 0xff, 0xff, 0x0c, 0xff, 0x2a, 0x28, 0xd0, 0x28, 0xc9, 0x28, 0xc9, 0x28, 0xd0, 0x28, 0xd0, 0x28, 0xc9, 0x28, 0xd0, 0x28, 0xd0, 0x31, 0x32, 0x7f, 0xd6, 0x7f, 0x7f, 0x33, 0x7f, 0x7f, 0x7d, 0x32, 0x32, 0x32, 0x32, 0x7f, 0x32, 0x32, 0x32, 0x34, 0x33, 0x34, 0x33, 0x34, 0xd5, 0x2f, 0x30, 0x7a, 0xca, 0xca, 0x7a, 0x7a, 0x28, 0x28, 0x28, 0x28, 0x28, 0x28, 0x28, 0x28, 0x28, 0x28, 0x28, 0x28, 0x28, 0x28, 0x28, 0x28, 0x28, 0x28, 0x28, 0x28, 0x28, 0x28, 0x28, 0x28, 0x28, 0x28, 0x28, 0x28, 
  0x28, 0x28, 0x28, 0x28, 0x28, 0x28, 0x28, 0x28, 0x28, 0x28, 0x28, 0x28, 0x28, 0x28, 0x28, 0x28, 0x28, 0x28, 0x28, 0x28, 0x28, 0x28, 0x28, 0x28, 0x28, 0x28, 0x28, 0xb6, 0x8e, 0x8f, 0x8f, 0x8e, 0xac, 0x28, 0x28, 0x28, 0x28, 0x28, 0x28, 0x28, 0x28, 0x28, 0x28, 0x28, 0x28, 0x0b, 0x00, 0x00, 0x00, 0x29, 0x28, 0x28, 0x28, 0x28, 0x28, 0x23, 0x06, 0x00, 0x00, 0x00, 0x00, 0x00, 0x00, 0x00, 0x07, 0xec, 0x28, 0x28, 0x28, 0x28, 0x28, 0x28, 0x28, 0x28, 0x28, 0x28, 0x28, 0x28, 0xc5, 0xb9, 0x8e, 0x8e, 0x8e, 0x8f, 0x8f, 0x8e, 0x97, 0xac, 0xc5, 0x28, 0x28, 0x28, 0x28, 0x28, 0x28, 0x28, 0x28, 0x28, 0x28, 0x28, 0x28, 0x28, 0x28, 0x28, 0x28, 0x28, 0x28, 0x28, 0x28, 0x28, 0x28, 0x28, 0x28, 0x28, 0x28, 0x28, 0x28, 0x28, 0x28, 0x28, 0x28, 0x28, 0x28, 0x28, 0xd1, 0xd3, 0xd3, 0xd3, 0xdd, 0x22, 0x23, 0x23, 0x23, 0xcc, 0xd6, 0xd3, 0xd3, 0xd3, 0xd3, 0xd3, 0xd3, 0xd3, 0xd3, 0xd3, 0xd3, 0xd3, 0xd3, 0xd3, 0xd3, 0xd3, 0xd3, 0xd3, 0xd3, 0xd3, 0xd3, 0xd3, 0xd3, 0xd3, 0xd3, 0xd3, 0xd3, 0x82, 0x8b, 0x8e, 0x8e, 0x8e, 0x8e, 0x8f, 0x8e, 0xad, 0xc0, 0x28, 0x28, 0x28, 0x28, 0x28, 0x28, 0x28, 0x28, 0x28, 0x28, 0x28, 0x28, 0x28, 0x28, 0x28, 0x28, 0x28, 0x28, 0x28, 0x28, 0x28, 0x28, 0xfc, 0x01, 0x00, 0x00, 0x01, 0x13, 0x28, 0x28, 0xcc, 0x17, 0xfd, 0x00, 0x00, 0x11, 0x28, 0x28, 0x28, 0x28, 0x28, 0x28, 0x28, 0x28, 0x28, 0xbd, 0x90, 0x8e, 0x8f, 0x8f, 0x9f, 0xc9, 0x28, 0x28, 0x28, 0x28, 0x28, 0x28, 0x28, 0x28, 0x28, 0x28, 0x28, 0x28, 0x28, 0x28, 0x28, 0x28, 0x28, 0x28, 0x28, 0x28, 0x28, 0x28, 0x28, 0x28, 0x28, 0x28, 0x28, 0x28, 0x28, 0x28, 0x28, 0x28, 0x28, 0x28, 0x28, 0x28, 0x28, 0x28, 0x28, 0x28, 0x28, 0x28, 0x28, 0x28, 0x28, 0x28, 0x28, 0x28, 0x28, 0x28, 0x28, 0x28, 0x28, 0x28, 0x28, 0x28, 0x28, 0xb2, 0x8e, 0x93, 0x28, 0x28, 0x28, 0x28, 0x28, 0xae, 0x8e, 0x8f, 0xc2, 0x28, 0x28, 0x28, 0x28, 0x28, 0x28, 0x28, 0x28, 0x28, 0x28, 0x28, 0x28, 0x28, 0x28, 0x28, 0x28, 0x28, 0x28, 0x28, 0x28, 0x28, 0x28, 0x28, 0x8e, 0x8f, 0xc0, 0x28, 0x28, 0x28, 0x28, 0x28, 0x28, 0x28, 0x28, 0x28, 0x90, 0x8e, 0xbc, 0x28, 0x28, 0x28, 0x28, 0x28, 0x28, 0x28, 0x28, 0x28, 0x28, 0x28, 0x28, 0x28, 0x28, 0xbb, 0x8e, 0x8e, 0x8b, 0x7c, 0x30, 0x2f, 0x0d, 0x0d, 0xfd, 0x7e, 0x8e, 0x8e, 0x8f, 0x7e, 0xfd, 0xfd, 0xfd, 0xfd, 0xfd, 0xfd, 0xfd, 0x0d, 0xfd, 0x0d, 0xfd, 0xfd, 0x2e, 0xff, 0xff, 0x2a, 0xff, 0x2b, 0xff, 0x2a, 0xff, 0xff, 0x2a, 0xff, 0x2b, 0xff, 0x2a, 0x2a, 0x2b, 0x2a, 0x2b, 0x2a, 0x2a, 0x2a, 0xff, 0x2a, 0x2a, 0x2a, 0x2a, 0x2b, 0xff, 0xff, 0xff, 0xff, 0x0c, 0xff, 0xff, 0x28, 0x28, 0xd0, 0x28, 0xd0, 0x28, 0x28, 0xc9, 0x28, 0xc9, 0x28, 0xd0, 0x28, 0xd0, 0x28, 0x28, 0xed, 0x7f, 0xd6, 0x7f, 0x33, 0x7f, 0x32, 0x32, 0x7f, 0x32, 0x32, 0x7d, 0x7f, 0x7d, 0xd6, 0x32, 0x34, 0x33, 0x34, 0x33, 0x34, 0x33, 0x33, 0x7f, 0x33, 0x33, 0x7f, 0x31, 0x7a, 0x7a, 0x28, 0x28, 0x28, 0x28, 0x28, 0x28, 0x28, 0x28, 0x28, 0x28, 0x28, 0x28, 0x28, 0x28, 0x28, 0x28, 0x28, 0x28, 0x28, 0x28, 0x28, 0x28, 0x28, 0x28, 0x28, 0x28, 0x28, 0x28, 
  0x28, 0x28, 0x28, 0x28, 0x28, 0x28, 0x28, 0x28, 0x28, 0x28, 0x28, 0x28, 0x28, 0x28, 0x28, 0x28, 0x28, 0x28, 0x28, 0x28, 0x28, 0x28, 0x28, 0x28, 0x28, 0x28, 0x28, 0xc9, 0x9e, 0x8e, 0x8f, 0x8e, 0x8f, 0xbe, 0x28, 0x28, 0x28, 0x28, 0x28, 0x28, 0x28, 0x28, 0x28, 0x28, 0xf2, 0x00, 0x00, 0x00, 0x29, 0xf0, 0x28, 0x28, 0x28, 0x28, 0xcd, 0x07, 0x00, 0x00, 0x00, 0x2e, 0xf7, 0xea, 0xf1, 0x00, 0x00, 0x09, 0x26, 0x28, 0x28, 0x28, 0x28, 0x28, 0x28, 0x28, 0x28, 0x28, 0x28, 0x28, 0x28, 0x28, 0xc0, 0x9f, 0x8f, 0x8e, 0x8e, 0x8f, 0x8e, 0x8e, 0x94, 0xb1, 0xc8, 0x28, 0x28, 0x28, 0x28, 0x28, 0x28, 0x28, 0x28, 0x28, 0x28, 0x28, 0x28, 0x28, 0x28, 0x28, 0x28, 0x28, 0x28, 0x28, 0x28, 0x28, 0x28, 0x28, 0x28, 0x28, 0x28, 0x28, 0x28, 0x28, 0x28, 0x28, 0x28, 0x28, 0xd1, 0xd3, 0xd3, 0xca, 0x25, 0x28, 0xf5, 0x0d, 0xfe, 0x28, 0xfa, 0xd3, 0xd3, 0xd3, 0xd3, 0xd3, 0xd3, 0xd3, 0xd3, 0xd3, 0xd3, 0xd3, 0xd3, 0xd3, 0xd3, 0xd3, 0xd3, 0xd3, 0xd3, 0xd3, 0xd3, 0xd3, 0xd3, 0xd3, 0xd3, 0x82, 0x8a, 0x8f, 0x8e, 0x8f, 0x8e, 0x8e, 0x8f, 0x90, 0xba, 0x28, 0x28, 0x28, 0x28, 0x28, 0x28, 0x28, 0x28, 0x28, 0x28, 0x28, 0x28, 0x28, 0xd0, 0x31, 0x7d, 0x24, 0x28, 0x28, 0x28, 0x28, 0x28, 0x28, 0x28, 0x28, 0x1e, 0x05, 0x00, 0x00, 0x00, 0xdb, 0xd0, 0x28, 0x28, 0x28, 0xd1, 0x14, 0xd0, 0x28, 0x28, 0x28, 0x28, 0x28, 0x28, 0x28, 0x28, 0x28, 0x91, 0x8e, 0x8e, 0x8f, 0x8f, 0xc1, 0x28, 0x28, 0x28, 0x28, 0x28, 0x28, 0x28, 0x28, 0x28, 0x28, 0x28, 0x28, 0x28, 0x28, 0x28, 0x28, 0x28, 0x28, 0x28, 0x28, 0x28, 0x28, 0x28, 0x28, 0x28, 0x28, 0x28, 0x28, 0x28, 0x28, 0x28, 0x28, 0x28, 0x28, 0x28, 0x28, 0x28, 0x28, 0x28, 0x28, 0x28, 0x28, 0x28, 0x28, 0x28, 0x28, 0x28, 0x28, 0x28, 0x28, 0x28, 0x28, 0x28, 0x28, 0x28, 0x28, 0x28, 0x28, 0xb2, 0x8e, 0x91, 0x28, 0x28, 0x28, 0x28, 0x28, 0xc9, 0x8e, 0x8e, 0xba, 0x28, 0xba, 0xb8, 0xc5, 0xc6, 0xba, 0xb9, 0x28, 0x28, 0x28, 0xc4, 0xb7, 0xac, 0xad, 0xba, 0xc5, 0x28, 0xb9, 0xb8, 0xc8, 0xc7, 0xb8, 0xb8, 0x8f, 0x8e, 0xaf, 0xb8, 0xb8, 0xc7, 0x28, 0xba, 0xb8, 0xc6, 0x28, 0x28, 0x90, 0x8e, 0xbc, 0x28, 0x28, 0x28, 0xc2, 0xb8, 0xb8, 0xc0, 0x28, 0x28, 0x28, 0x28, 0x28, 0x28, 0xc8, 0x90, 0x8e, 0x97, 0xca, 0xca, 0x0d, 0xfd, 0x0d, 0xfd, 0xfd, 0x0d, 0x7e, 0x8d, 0x83, 0x2c, 0xfd, 0xfd, 0xfd, 0xfd, 0xfd, 0x2e, 0xfd, 0xfd, 0x2e, 0xfd, 0x0d, 0xfd, 0x0d, 0xfd, 0x2e, 0x2b, 0x2a, 0xff, 0xff, 0xff, 0xff, 0xff, 0xff, 0x2a, 0xff, 0x2b, 0xff, 0x2b, 0x2a, 0x2b, 0xff, 0x2b, 0xff, 0x2b, 0x2b, 0xff, 0x2a, 0x2a, 0x2a, 0x0d, 0x2a, 0x2a, 0xff, 0xff, 0x2a, 0x2a, 0xfd, 0x33, 0xd0, 0x28, 0xc9, 0x28, 0xd0, 0x28, 0xd0, 0x28, 0xd0, 0x28, 0xc9, 0x28, 0xc9, 0x28, 0xc9, 0x28, 0x28, 0x34, 0x33, 0x7f, 0x32, 0x7f, 0x32, 0xd6, 0x7f, 0x32, 0xd6, 0x7f, 0x32, 0x34, 0x33, 0x33, 0x33, 0x33, 0x34, 0x33, 0x34, 0x33, 0x33, 0x7f, 0x32, 0x33, 0x33, 0x33, 0x33, 0x28, 0x28, 0x28, 0x28, 0x28, 0x28, 0x28, 0x28, 0x28, 0x28, 0x28, 0x28, 0x28, 0x28, 0x28, 0x28, 0x28, 0x28, 0x28, 0x28, 0x28, 0x28, 0x28, 0x28, 0x28, 0x28, 0x28, 0x28, 
  0x28, 0x28, 0x28, 0x28, 0x28, 0x28, 0x28, 0x28, 0x28, 0x28, 0x28, 0x28, 0x28, 0x28, 0x28, 0x28, 0x28, 0x28, 0x28, 0x28, 0x28, 0x28, 0x28, 0x28, 0x28, 0x28, 0x28, 0x28, 0xc7, 0x9a, 0x8e, 0x8e, 0x8e, 0x91, 0xc1, 0x28, 0x28, 0x28, 0x28, 0x28, 0x28, 0x28, 0x28, 0x28, 0xf3, 0x00, 0x00, 0x29, 0x28, 0x28, 0x28, 0x28, 0x28, 0xcf, 0x0c, 0x00, 0x00, 0x02, 0xf3, 0x28, 0x28, 0x28, 0x28, 0xd9, 0x00, 0x00, 0xf4, 0x28, 0x28, 0x28, 0x28, 0x28, 0x28, 0x28, 0x28, 0x28, 0x28, 0x28, 0x28, 0x28, 0x28, 0xc9, 0xb6, 0xa3, 0x8f, 0x8e, 0x8f, 0x8e, 0x8f, 0x8e, 0x97, 0xb4, 0xbe, 0x28, 0x28, 0x28, 0x28, 0x28, 0x28, 0x28, 0x28, 0x28, 0x28, 0x28, 0x28, 0x28, 0x28, 0x28, 0x28, 0x28, 0x28, 0x28, 0x28, 0x28, 0x28, 0x28, 0x28, 0x28, 0x28, 0x28, 0x28, 0x28, 0x28, 0x28, 0xd1, 0xd3, 0xd3, 0xf4, 0x28, 0xcf, 0x01, 0x00, 0x00, 0xf4, 0x25, 0xd8, 0xd3, 0xd3, 0xd3, 0xd3, 0xd3, 0xd3, 0xd3, 0xd3, 0xd3, 0xd3, 0xd3, 0xd3, 0xd3, 0xd3, 0xd3, 0xd3, 0xd3, 0xd3, 0xd3, 0xd3, 0x7c, 0x81, 0x8a, 0x8e, 0x8e, 0x8e, 0x8e, 0x8e, 0x8f, 0x97, 0xad, 0xc5, 0x28, 0x28, 0x28, 0x28, 0x28, 0x28, 0x28, 0x28, 0x28, 0x28, 0x28, 0x28, 0x28, 0xcb, 0xff, 0x00, 0x00, 0x03, 0xf6, 0x27, 0x28, 0x28, 0x28, 0x28, 0x28, 0x28, 0x28, 0xcb, 0x09, 0x00, 0x00, 0x00, 0x2e, 0x22, 0x28, 0x28, 0x28, 0x28, 0x28, 0x28, 0x28, 0x28, 0x28, 0x28, 0x28, 0x28, 0xd0, 0xa9, 0x8f, 0x8e, 0x8e, 0x90, 0xbb, 0x28, 0x28, 0x28, 0x28, 0x28, 0x28, 0x28, 0x28, 0x28, 0x28, 0x28, 0x28, 0x28, 0x28, 0x28, 0x28, 0x28, 0x28, 0x28, 0x28, 0x28, 0x28, 0x28, 0x28, 0x28, 0x28, 0x28, 0x28, 0x28, 0x28, 0x28, 0x28, 0x28, 0x28, 0x28, 0x28, 0x28, 0x28, 0x28, 0x28, 0x28, 0x28, 0x28, 0x28, 0x28, 0x28, 0x28, 0x28, 0x28, 0x28, 0x28, 0x28, 0x28, 0x28, 0x28, 0x28, 0x28, 0x28, 0x28, 0xb2, 0x8e, 0x94, 0x28, 0x28, 0x28, 0x28, 0x28, 0x28, 0x90, 0x8e, 0xb4, 0x28, 0x90, 0x8e, 0xb2, 0x8f, 0x8e, 0x9e, 0x28, 0x28, 0xb7, 0x8e, 0x8e, 0x8e, 0x8e, 0x8e, 0x8f, 0xbe, 0x8e, 0x8f, 0xbe, 0xbf, 0x8e, 0x8f, 0x8e, 0x8f, 0x8f, 0x8e, 0x8f, 0xc2, 0x28, 0x90, 0x8e, 0xbc, 0x28, 0x28, 0x90, 0x8e, 0xbc, 0x28, 0x28, 0xc2, 0x91, 0x8e, 0x91, 0xc5, 0x28, 0x28, 0x28, 0x28, 0x28, 0x28, 0xba, 0x8e, 0x8f, 0xbf, 0x30, 0xfd, 0xfd, 0x0d, 0x0d, 0x0d, 0xfd, 0xfd, 0x2e, 0xfd, 0xfd, 0xfd, 0x2e, 0xfd, 0xfd, 0x2e, 0x2e, 0xfd, 0xfd, 0x2e, 0xfd, 0xfd, 0xfd, 0x0d, 0xfd, 0x2a, 0x2a, 0x0d, 0x2b, 0x2b, 0x2b, 0xfd, 0x2b, 0x2b, 0x2a, 0x2b, 0x2b, 0x2a, 0x2a, 0x2a, 0x2a, 0x2a, 0x2b, 0x2a, 0x2a, 0xff, 0x2a, 0x2b, 0x2a, 0x2a, 0x2a, 0x2b, 0x2a, 0xff, 0x2a, 0x0c, 0x2a, 0xfd, 0xfd, 0x2c, 0x28, 0xd0, 0x28, 0xd0, 0x28, 0xd0, 0x28, 0xc9, 0x28, 0xc9, 0x28, 0xd0, 0x28, 0xd0, 0x28, 0x28, 0x28, 0x28, 0x11, 0x7f, 0x32, 0xd6, 0x32, 0xd6, 0x32, 0xd6, 0x32, 0x33, 0x33, 0x33, 0x33, 0x33, 0x33, 0x34, 0x33, 0x34, 0x34, 0x33, 0x33, 0x7f, 0x33, 0x33, 0x33, 0x34, 0x33, 0x28, 0x28, 0x28, 0x28, 0x28, 0x28, 0x28, 0x28, 0x28, 0x28, 0x28, 0x28, 0x28, 0x28, 0x28, 0x28, 0x28, 0x28, 0x28, 0x28, 0x28, 0x28, 0x28, 0x28, 0x28, 0x28, 0x28, 0x28, 
  0x28, 0x28, 0x28, 0x28, 0x28, 0x28, 0x28, 0x28, 0x28, 0x28, 0x28, 0x28, 0x28, 0x28, 0x28, 0x28, 0x28, 0x28, 0x28, 0x28, 0x28, 0x28, 0x28, 0x28, 0x28, 0x28, 0x28, 0x28, 0x28, 0xc4, 0x8f, 0x8e, 0x8f, 0x8e, 0x97, 0xc2, 0x28, 0x28, 0x28, 0x28, 0x28, 0x28, 0x28, 0x28, 0x28, 0x33, 0x07, 0x27, 0x28, 0x28, 0x28, 0x28, 0x28, 0x7a, 0x00, 0x00, 0x00, 0xea, 0x28, 0x28, 0x28, 0x28, 0x28, 0x28, 0x04, 0x00, 0x0c, 0x28, 0x28, 0x28, 0x28, 0x28, 0x28, 0x28, 0x28, 0x28, 0x28, 0x28, 0x28, 0x28, 0x28, 0x28, 0x28, 0x28, 0xb1, 0x9c, 0x8f, 0x8e, 0x8e, 0x8e, 0x8e, 0x8f, 0x8f, 0xa9, 0xbd, 0xc4, 0x28, 0x28, 0x28, 0x28, 0x28, 0x28, 0x28, 0x28, 0x28, 0x28, 0x28, 0x28, 0x28, 0x28, 0x28, 0x28, 0x28, 0x28, 0x28, 0x28, 0x28, 0x28, 0x28, 0x28, 0x28, 0x28, 0x28, 0x28, 0xd1, 0xd3, 0xd3, 0xfc, 0x28, 0xcd, 0x01, 0x00, 0x00, 0xe1, 0xd0, 0xde, 0xd3, 0xd3, 0xd3, 0xd3, 0xd3, 0xd3, 0xd3, 0xd3, 0xd3, 0xd3, 0xd3, 0xd3, 0xd3, 0xd3, 0xd3, 0xd3, 0xd3, 0x2f, 0x7e, 0x83, 0x8e, 0x8f, 0x8e, 0x8f, 0x8e, 0x8f, 0x8f, 0x90, 0xa9, 0xc6, 0x28, 0x28, 0x28, 0x28, 0x28, 0x28, 0x28, 0x28, 0x28, 0x28, 0x28, 0x28, 0x28, 0x28, 0x28, 0x17, 0x00, 0x00, 0x00, 0x00, 0x00, 0x0c, 0xcb, 0x28, 0x28, 0x28, 0x28, 0x28, 0x28, 0x28, 0x28, 0xff, 0x00, 0x00, 0x00, 0x0a, 0xcd, 0x28, 0x28, 0x28, 0x28, 0x28, 0x28, 0x28, 0x28, 0x28, 0x28, 0xc9, 0xae, 0x8f, 0x8e, 0x8f, 0x8e, 0xb2, 0x28, 0x28, 0x28, 0x28, 0x28, 0x28, 0x28, 0x28, 0x28, 0x28, 0x28, 0x28, 0x28, 0x28, 0x28, 0x28, 0x28, 0x28, 0x28, 0x28, 0x28, 0x28, 0x28, 0x28, 0x28, 0x28, 0x28, 0x28, 0x28, 0x28, 0x28, 0x28, 0x28, 0x28, 0x28, 0x28, 0x28, 0x28, 0x28, 0x28, 0x28, 0x28, 0x28, 0x28, 0x28, 0x28, 0x28, 0x28, 0x28, 0x28, 0x28, 0x28, 0x28, 0x28, 0x28, 0x28, 0x28, 0x28, 0x28, 0x28, 0xb2, 0x8e, 0x91, 0x28, 0x28, 0x28, 0x28, 0x28, 0xc1, 0x8e, 0x8f, 0xbc, 0x28, 0x90, 0x8f, 0x8e, 0x8f, 0x8e, 0xad, 0x28, 0xb4, 0x8e, 0x8e, 0x90, 0xa9, 0xad, 0x9c, 0x8f, 0x8e, 0x8f, 0x8e, 0xbe, 0xc1, 0x9e, 0x9e, 0x8f, 0x8e, 0x97, 0x9e, 0x9e, 0xc6, 0x28, 0x90, 0x8f, 0xbc, 0x28, 0x28, 0x90, 0x8f, 0xbc, 0x28, 0xc4, 0x91, 0x8e, 0x91, 0xc4, 0x28, 0x28, 0x28, 0x28, 0x28, 0x28, 0x28, 0xaf, 0x8f, 0x94, 0x28, 0xfd, 0xfd, 0xfd, 0x0d, 0xfd, 0xfd, 0xfd, 0xfd, 0x2e, 0xfd, 0xfd, 0xfd, 0xfd, 0xfd, 0xfd, 0x2e, 0xfd, 0xfd, 0xfd, 0x2e, 0x2e, 0xfd, 0xfd, 0xfd, 0x0d, 0x0d, 0x2b, 0x2c, 0x2b, 0x2a, 0x2a, 0x2b, 0x2a, 0x2a, 0x2b, 0x2b, 0xfd, 0x2d, 0x2b, 0x2b, 0x2a, 0x2b, 0xff, 0x2b, 0x2a, 0x2a, 0x2b, 0x2a, 0x2a, 0x2a, 0xff, 0x2a, 0x2a, 0x2a, 0x2a, 0x2a, 0x2e, 0x2e, 0xfd, 0x2e, 0xe9, 0x28, 0xc9, 0x28, 0xc9, 0x28, 0xd0, 0x28, 0xd0, 0x28, 0xd0, 0x28, 0xc9, 0x28, 0xc9, 0x28, 0x28, 0x28, 0x28, 0xc9, 0xd6, 0x7f, 0xd6, 0x32, 0xd6, 0x32, 0x34, 0x34, 0x33, 0x33, 0x33, 0x7f, 0x33, 0x7f, 0x33, 0x33, 0x34, 0x34, 0x34, 0x33, 0x33, 0x7f, 0x34, 0x33, 0x33, 0x28, 0x28, 0x28, 0x28, 0x28, 0x28, 0x28, 0x28, 0x28, 0x28, 0x28, 0x28, 0x28, 0x28, 0x28, 0x28, 0x28, 0x28, 0x28, 0x28, 0x28, 0x28, 0x28, 0x28, 0x28, 0x28, 0x28, 0x28, 
  0x28, 0x28, 0x28, 0x28, 0x28, 0x28, 0x28, 0x28, 0x28, 0x28, 0x28, 0x28, 0x28, 0x28, 0x28, 0x28, 0x28, 0x28, 0x28, 0x28, 0x28, 0x28, 0x28, 0x28, 0x28, 0x28, 0x28, 0x28, 0x28, 0x28, 0xba, 0x8e, 0x8e, 0x8e, 0x8e, 0xa5, 0x28, 0x28, 0x28, 0x28, 0x28, 0x28, 0x28, 0x28, 0x28, 0x28, 0x1b, 0x28, 0x28, 0x28, 0x28, 0x28, 0x22, 0x01, 0x00, 0x00, 0x33, 0x28, 0x28, 0x28, 0x28, 0x28, 0x28, 0x28, 0x06, 0x00, 0x02, 0x28, 0x28, 0x28, 0x28, 0x28, 0x28, 0x28, 0x28, 0x28, 0x28, 0x28, 0x28, 0x28, 0x28, 0x28, 0x28, 0x28, 0x28, 0x28, 0xaf, 0x90, 0x8e, 0x8e, 0x8f, 0x8e, 0x8e, 0x8f, 0x8e, 0x8e, 0xb7, 0xc6, 0x28, 0x28, 0x28, 0x28, 0x28, 0x28, 0x28, 0x28, 0x28, 0x28, 0x28, 0x28, 0x28, 0x28, 0x28, 0x28, 0x28, 0x28, 0x28, 0x28, 0x28, 0x28, 0x28, 0x28, 0x28, 0x28, 0xd1, 0xd3, 0xd3, 0xd4, 0x28, 0x28, 0x7d, 0x00, 0x05, 0x25, 0x17, 0xd3, 0xd3, 0xd3, 0xd3, 0xd3, 0xd3, 0xd3, 0xd3, 0xd3, 0xd3, 0xd3, 0xd3, 0xd3, 0xd3, 0xd3, 0xd3, 0xd3, 0x7e, 0x8c, 0x8e, 0x8f, 0x8e, 0x8e, 0x8e, 0x8e, 0x8e, 0x8f, 0xa3, 0xc8, 0x28, 0x28, 0x28, 0x28, 0x28, 0x28, 0x28, 0x28, 0x28, 0x28, 0x28, 0x28, 0x28, 0x28, 0x28, 0x28, 0x28, 0xf0, 0x01, 0x00, 0x00, 0x00, 0x00, 0x00, 0x00, 0x15, 0x28, 0x28, 0x28, 0x28, 0x28, 0x28, 0x28, 0x28, 0x29, 0x00, 0x00, 0x00, 0x06, 0x28, 0x28, 0x28, 0x28, 0x28, 0x28, 0x28, 0x28, 0x28, 0x28, 0xb9, 0x8e, 0x8e, 0x8e, 0x8e, 0x9e, 0x28, 0x28, 0x28, 0x28, 0x28, 0x28, 0x28, 0x28, 0x28, 0x28, 0x28, 0x28, 0x28, 0x28, 0x28, 0x28, 0x28, 0x28, 0x28, 0x28, 0x28, 0x28, 0x28, 0x28, 0x28, 0x28, 0x28, 0x28, 0x28, 0x28, 0x28, 0x28, 0x28, 0x28, 0x28, 0x28, 0x28, 0x28, 0x28, 0x28, 0x28, 0x28, 0x28, 0x28, 0x28, 0x28, 0x28, 0x28, 0x28, 0x28, 0x28, 0x28, 0x28, 0x28, 0x28, 0x28, 0x28, 0x28, 0x28, 0x28, 0x28, 0xb2, 0x8e, 0x94, 0x28, 0x28, 0x28, 0x28, 0xc4, 0x9a, 0x8e, 0x8f, 0xc7, 0x28, 0x90, 0x8e, 0x8e, 0xb2, 0xc6, 0x28, 0xc2, 0x8e, 0x8e, 0xa0, 0xc8, 0x28, 0x28, 0x28, 0xb9, 0x8e, 0x8e, 0x8f, 0xbe, 0x28, 0x28, 0x28, 0x8e, 0x8f, 0xc0, 0x28, 0x28, 0x28, 0x28, 0x90, 0x8e, 0xbc, 0x28, 0x28, 0x90, 0x8e, 0xbc, 0xc4, 0x91, 0x8e, 0x93, 0xc4, 0x28, 0x28, 0x28, 0x28, 0x28, 0x28, 0x28, 0x28, 0xa0, 0x8e, 0xa6, 0x28, 0xfd, 0xfd, 0xfd, 0xfd, 0xfd, 0x0d, 0xfd, 0xfd, 0x2e, 0xfd, 0xfd, 0xfd, 0xfd, 0x2e, 0xfd, 0x2e, 0xfd, 0x2e, 0x2e, 0xfd, 0xfd, 0x2e, 0xfd, 0xfd, 0xfd, 0x2a, 0x0d, 0x2b, 0x2b, 0x2a, 0x2a, 0x0d, 0x2b, 0x2b, 0x2b, 0x2a, 0x2a, 0x2b, 0x2a, 0x2a, 0x2a, 0x2a, 0xfd, 0xfd, 0xff, 0xff, 0xff, 0xff, 0xff, 0xff, 0xff, 0xff, 0xff, 0x2a, 0xff, 0x2e, 0xfd, 0xfd, 0xfd, 0xfd, 0xfd, 0x28, 0xd0, 0x28, 0xd0, 0x28, 0xc9, 0x28, 0xc9, 0x28, 0xc9, 0x28, 0xd0, 0x28, 0xd0, 0x28, 0x28, 0x28, 0xc9, 0x28, 0xc9, 0xd4, 0x7d, 0x32, 0xfe, 0xfe, 0xfe, 0x34, 0x34, 0x33, 0x7f, 0x33, 0x7f, 0x33, 0x7f, 0x34, 0x34, 0x33, 0x34, 0x34, 0x33, 0x33, 0x33, 0x33, 0x34, 0x28, 0x28, 0x28, 0x28, 0x28, 0x28, 0x28, 0x28, 0x28, 0x28, 0x28, 0x28, 0x28, 0x28, 0x28, 0x28, 0x28, 0x28, 0x28, 0x28, 0x28, 0x28, 0x28, 0x28, 0x28, 0x28, 0x28, 0x28, 
  0x28, 0x28, 0x28, 0x28, 0x28, 0x28, 0x28, 0x28, 0x28, 0x28, 0x28, 0x28, 0x28, 0x28, 0x28, 0x28, 0x28, 0x28, 0x28, 0x28, 0x28, 0x28, 0x28, 0x28, 0x28, 0x28, 0x28, 0x28, 0x28, 0x28, 0x28, 0xaa, 0x8f, 0x8e, 0x8f, 0x8e, 0xad, 0x28, 0x28, 0x28, 0x28, 0x28, 0x28, 0x28, 0x28, 0x28, 0x28, 0x28, 0x28, 0x28, 0x28, 0x28, 0x04, 0x00, 0x00, 0x03, 0x28, 0x28, 0x28, 0x28, 0x28, 0x28, 0x28, 0x28, 0x03, 0x00, 0x03, 0x28, 0x28, 0x28, 0x28, 0x28, 0x28, 0x28, 0x28, 0x28, 0x28, 0x28, 0x28, 0x28, 0x28, 0x28, 0x28, 0x28, 0x28, 0x28, 0x28, 0x28, 0xac, 0x91, 0x8e, 0x8f, 0x8e, 0x8e, 0x8f, 0x8e, 0x8f, 0x8e, 0x94, 0xbc, 0xc6, 0xc9, 0x28, 0x28, 0x28, 0x28, 0x28, 0x28, 0x28, 0x28, 0x28, 0x28, 0x28, 0x28, 0x28, 0x28, 0x28, 0x28, 0x28, 0x28, 0x28, 0x28, 0x28, 0x28, 0xd1, 0xd3, 0xd3, 0xd3, 0xe4, 0x28, 0x28, 0x28, 0x28, 0x27, 0xd9, 0xd3, 0xd3, 0xd3, 0xd3, 0xd3, 0xd3, 0xd3, 0xd3, 0xd3, 0xd3, 0xd3, 0xd3, 0xd3, 0x30, 0x7c, 0x8a, 0x8e, 0x8f, 0x8e, 0x8f, 0x8e, 0x8e, 0x8f, 0x8e, 0x90, 0x9c, 0xc4, 0x28, 0x28, 0x28, 0x28, 0x28, 0x28, 0x28, 0x28, 0x28, 0x28, 0x28, 0x28, 0x28, 0x28, 0x28, 0x28, 0x28, 0x28, 0x28, 0x28, 0x0f, 0x00, 0x00, 0x2f, 0x02, 0x00, 0x00, 0x00, 0x0a, 0x21, 0x28, 0x28, 0x28, 0x28, 0x28, 0x28, 0x28, 0x32, 0x00, 0x03, 0xce, 0x28, 0x28, 0x28, 0x28, 0x28, 0x28, 0x28, 0x28, 0x28, 0xbd, 0x8f, 0x8e, 0x8f, 0x8f, 0x94, 0xc6, 0x28, 0x28, 0x28, 0x28, 0x28, 0x28, 0x28, 0x28, 0x28, 0x28, 0x28, 0x28, 0x28, 0x28, 0x28, 0x28, 0x28, 0x28, 0x28, 0x28, 0x28, 0x28, 0x28, 0x28, 0x28, 0x28, 0x28, 0x28, 0x28, 0x28, 0x28, 0x28, 0x28, 0x28, 0x28, 0x28, 0x28, 0x28, 0x28, 0x28, 0x28, 0x28, 0x28, 0x28, 0x28, 0x28, 0x28, 0x28, 0x28, 0x28, 0x28, 0x28, 0x28, 0x28, 0x28, 0x28, 0x28, 0x28, 0x28, 0x28, 0x28, 0xb2, 0x8e, 0x8e, 0x9e, 0x9e, 0x9e, 0x97, 0x8e, 0x8f, 0x8e, 0xb9, 0x28, 0x28, 0x90, 0x8f, 0xa9, 0x28, 0x28, 0x28, 0xb1, 0x8f, 0x90, 0xc7, 0x28, 0x28, 0x28, 0x28, 0x28, 0xaf, 0x8f, 0x8e, 0xbe, 0x28, 0x28, 0x28, 0x8f, 0x8e, 0xc0, 0x28, 0x28, 0x28, 0x28, 0x90, 0x8e, 0xbc, 0x28, 0x28, 0x90, 0x8f, 0xb7, 0x91, 0x8f, 0x91, 0xc4, 0x28, 0x28, 0x28, 0x28, 0x28, 0x28, 0x28, 0x28, 0x28, 0x9f, 0x8e, 0xaa, 0x28, 0xfd, 0xfd, 0xfd, 0xfd, 0x8a, 0x8f, 0x8e, 0x8e, 0x8e, 0x8e, 0x8e, 0x8e, 0x81, 0xfd, 0x2e, 0xfd, 0x2e, 0xfd, 0x2e, 0xfd, 0xfd, 0x2e, 0x0d, 0xfd, 0x0d, 0x2a, 0x2b, 0x0d, 0x2b, 0x2b, 0x2a, 0x2b, 0x0d, 0x2a, 0x2a, 0x2a, 0x2a, 0x2a, 0x2a, 0x2a, 0x2a, 0x2a, 0x2a, 0x2a, 0x2a, 0x2a, 0x2a, 0x2a, 0x2b, 0x2b, 0x2b, 0x2a, 0x2a, 0x2a, 0x2e, 0x2e, 0xfd, 0xfd, 0xfd, 0xfd, 0xfd, 0x27, 0x28, 0xd0, 0x28, 0xd0, 0x28, 0xd0, 0x28, 0xd0, 0x28, 0xc9, 0x28, 0xc9, 0x28, 0xd0, 0x28, 0xd0, 0x28, 0xd0, 0x28, 0x28, 0xf0, 0x33, 0xfe, 0x34, 0xfe, 0x34, 0x34, 0x7f, 0x33, 0x7f, 0x32, 0x7f, 0x33, 0x33, 0x33, 0x34, 0x34, 0x33, 0x34, 0x33, 0x33, 0x34, 0x33, 0x28, 0x28, 0x28, 0x28, 0x28, 0x28, 0x28, 0x28, 0x28, 0x28, 0x28, 0x28, 0x28, 0x28, 0x28, 0x28, 0x28, 0x28, 0x28, 0x28, 0x28, 0x28, 0x28, 0x28, 0x28, 0x28, 0x28, 0x28, 
  0x28, 0x28, 0x28, 0x28, 0x28, 0x28, 0x28, 0x28, 0x28, 0x28, 0x28, 0x28, 0x28, 0x28, 0x28, 0x28, 0x28, 0x28, 0x28, 0x28, 0x28, 0x28, 0x28, 0x28, 0x28, 0x28, 0x28, 0x28, 0x28, 0x28, 0x28, 0x28, 0xa9, 0x8e, 0x8e, 0x8e, 0x8e, 0xa3, 0x28, 0x28, 0x28, 0x28, 0x28, 0x28, 0x28, 0x28, 0x28, 0x28, 0x28, 0x28, 0x28, 0x28, 0x02, 0x00, 0x00, 0x20, 0x28, 0x28, 0x28, 0x28, 0x28, 0x28, 0x28, 0x0c, 0x00, 0x00, 0x0d, 0x28, 0x28, 0x28, 0x28, 0x18, 0x0b, 0xf0, 0x28, 0x28, 0x28, 0x28, 0x28, 0x28, 0x28, 0x28, 0x28, 0x28, 0x28, 0x28, 0x28, 0x28, 0x28, 0x28, 0xc0, 0x97, 0x8e, 0x8f, 0x8e, 0x8f, 0x8e, 0x8f, 0x8e, 0x8e, 0x8e, 0x8f, 0xa3, 0xc0, 0xc9, 0x28, 0x28, 0x28, 0x28, 0x28, 0x28, 0x28, 0x28, 0x28, 0x28, 0x28, 0x28, 0x28, 0x28, 0x28, 0x28, 0x28, 0x28, 0x28, 0xd1, 0xd3, 0xd3, 0xd3, 0xd3, 0xd3, 0xd3, 0xd3, 0xd3, 0xd3, 0xd3, 0xd3, 0xd3, 0xd3, 0xd3, 0xd3, 0xd3, 0xd3, 0xd3, 0xd3, 0x2f, 0x7b, 0x87, 0x8e, 0x8e, 0x8f, 0x8e, 0x8f, 0x8e, 0x8f, 0x8e, 0x8f, 0x8e, 0x90, 0xb2, 0x28, 0x28, 0x28, 0x28, 0x28, 0x28, 0x28, 0x28, 0x28, 0x28, 0x28, 0x28, 0x28, 0x28, 0x28, 0x28, 0x28, 0x28, 0x28, 0x28, 0x28, 0x28, 0x28, 0x25, 0x00, 0x00, 0x00, 0xf0, 0x0d, 0x00, 0x00, 0x00, 0x00, 0x32, 0x28, 0x28, 0x28, 0x28, 0x28, 0x28, 0x28, 0xfc, 0x1d, 0x28, 0x28, 0x28, 0x28, 0x28, 0x28, 0x28, 0x28, 0x28, 0xbb, 0x8e, 0x8f, 0x8e, 0x8e, 0x8f, 0xc8, 0x28, 0x28, 0x28, 0x28, 0x28, 0x28, 0x28, 0x28, 0x28, 0x28, 0x28, 0x28, 0x28, 0x28, 0x28, 0x28, 0x28, 0x28, 0x28, 0x28, 0x28, 0x28, 0x28, 0x28, 0x28, 0x28, 0x28, 0x28, 0x28, 0x28, 0x28, 0x28, 0x28, 0x28, 0x28, 0x28, 0x28, 0x28, 0x28, 0x28, 0x28, 0x28, 0x28, 0x28, 0x28, 0x28, 0x28, 0x28, 0x28, 0x28, 0x28, 0x28, 0x28, 0x28, 0x28, 0x28, 0x28, 0x28, 0x28, 0x28, 0x28, 0x28, 0xb2, 0x8e, 0x8f, 0x8e, 0x8e, 0x8e, 0x8e, 0x8f, 0x8e, 0xba, 0x28, 0x28, 0x28, 0x90, 0x8e, 0xb8, 0x28, 0x28, 0x28, 0xa6, 0x8e, 0xac, 0x28, 0x28, 0x28, 0x28, 0x28, 0x28, 0xc2, 0x8e, 0x8f, 0xbe, 0x28, 0x28, 0x28, 0x8e, 0x8e, 0xc0, 0x28, 0x28, 0x28, 0x28, 0x90, 0x8e, 0xbc, 0x28, 0x28, 0x90, 0x8e, 0x8f, 0x8e, 0x90, 0xc2, 0x28, 0x28, 0x28, 0x28, 0x28, 0x28, 0x28, 0x28, 0x28, 0x28, 0xae, 0x8e, 0x9a, 0x28, 0xfd, 0xfd, 0x2e, 0xfd, 0x8b, 0x8e, 0x8f, 0x8e, 0x8e, 0x8f, 0x8e, 0x8f, 0x81, 0xfd, 0x2e, 0xfd, 0xfd, 0xfd, 0xfd, 0xfd, 0xfd, 0x0d, 0xfd, 0xfd, 0xfd, 0x2b, 0x0d, 0x2b, 0x2b, 0x2b, 0x2a, 0x2b, 0x2a, 0x2b, 0x2a, 0x2b, 0x2a, 0x2a, 0x2a, 0x2a, 0x2a, 0x2a, 0x2a, 0x2a, 0x2a, 0x2a, 0x2a, 0xff, 0x2a, 0x2a, 0x2a, 0x2a, 0x2a, 0x2e, 0x2e, 0xfd, 0x2e, 0xfd, 0xfd, 0x2c, 0x2c, 0x2c, 0x28, 0xc9, 0xd0, 0x28, 0xc9, 0x28, 0xc9, 0x28, 0xc9, 0x28, 0xd0, 0x28, 0xd0, 0x28, 0xc9, 0x28, 0xc9, 0x28, 0xd0, 0x28, 0xc9, 0x28, 0xc9, 0x28, 0xd0, 0xcf, 0xfa, 0x2f, 0x33, 0x32, 0x7f, 0x7f, 0x7f, 0x33, 0x33, 0x34, 0x34, 0x33, 0x34, 0x7f, 0x34, 0x33, 0x33, 0x28, 0x28, 0x28, 0x28, 0x28, 0x28, 0x28, 0x28, 0x28, 0x28, 0x28, 0x28, 0x28, 0x28, 0x28, 0x28, 0x28, 0x28, 0x28, 0x28, 0x28, 0x28, 0x28, 0x28, 0x28, 0x28, 0x28, 0x28, 
  0x28, 0x28, 0x28, 0x28, 0x28, 0x28, 0x28, 0x28, 0x28, 0x28, 0x28, 0x28, 0x28, 0x28, 0x28, 0x28, 0x28, 0x28, 0x28, 0x28, 0x28, 0x28, 0x28, 0x28, 0x28, 0x28, 0x28, 0x28, 0x28, 0x28, 0x28, 0x28, 0x28, 0x91, 0x8f, 0x8e, 0x8e, 0x8e, 0xb4, 0x28, 0x28, 0x28, 0x28, 0x28, 0x28, 0x28, 0x28, 0x28, 0x28, 0x28, 0x28, 0x28, 0x01, 0x00, 0x08, 0x28, 0x28, 0x28, 0x28, 0x28, 0x28, 0x28, 0x26, 0x01, 0x00, 0x00, 0x14, 0x28, 0x28, 0x28, 0x26, 0x06, 0x00, 0x00, 0xfb, 0x28, 0x28, 0x28, 0x28, 0x28, 0x28, 0x28, 0x28, 0x28, 0x28, 0x28, 0x28, 0x28, 0x28, 0x28, 0x28, 0x28, 0xc0, 0x9f, 0x8e, 0x8f, 0x8e, 0x8e, 0x8f, 0x8e, 0x8f, 0x8e, 0x8e, 0x8e, 0x8e, 0xa6, 0xb1, 0xbf, 0x28, 0x28, 0x28, 0x28, 0x28, 0x28, 0x28, 0x28, 0x28, 0x28, 0x28, 0x28, 0x28, 0x28, 0x28, 0x28, 0xed, 0xd3, 0xd3, 0xd3, 0xd3, 0xd3, 0xd3, 0xd3, 0xd3, 0xd3, 0xd3, 0xd3, 0xd3, 0xd3, 0xd3, 0xd3, 0xd3, 0x7b, 0x82, 0x87, 0x8e, 0x8e, 0x8e, 0x8f, 0x8e, 0x8e, 0x8e, 0x8e, 0x8e, 0x8e, 0x8f, 0x90, 0xb7, 0x28, 0x28, 0x28, 0x28, 0x28, 0x28, 0x28, 0x28, 0x28, 0x28, 0x28, 0x28, 0x28, 0x28, 0x28, 0x28, 0x28, 0xf0, 0x0b, 0x54, 0x28, 0x28, 0x28, 0x28, 0x28, 0x28, 0x03, 0x00, 0x00, 0xef, 0x28, 0xea, 0x01, 0x00, 0x00, 0x00, 0x06, 0xcb, 0x28, 0x28, 0x28, 0x28, 0x28, 0x28, 0x28, 0x28, 0x28, 0x28, 0x28, 0x28, 0x28, 0x28, 0x28, 0xc2, 0x94, 0x8f, 0x8e, 0x8f, 0x8e, 0xc5, 0x28, 0x28, 0x28, 0x28, 0x28, 0x28, 0x28, 0x28, 0x28, 0x28, 0x28, 0x28, 0x28, 0x28, 0x28, 0x28, 0x28, 0x28, 0x28, 0x28, 0x28, 0x28, 0x28, 0x28, 0x28, 0x28, 0x28, 0x28, 0x28, 0x28, 0x28, 0x28, 0x28, 0x28, 0x28, 0x28, 0x28, 0x28, 0x28, 0x28, 0x28, 0x28, 0x28, 0x28, 0x28, 0x28, 0x28, 0x28, 0x28, 0x28, 0x28, 0x28, 0x28, 0x28, 0x28, 0x28, 0x28, 0x28, 0x28, 0x28, 0x28, 0x28, 0x28, 0xb1, 0x8f, 0x8f, 0xb4, 0xb5, 0xb5, 0xb6, 0xbd, 0xc7, 0x28, 0x28, 0x28, 0x28, 0x90, 0x8e, 0xbc, 0x28, 0x28, 0x28, 0x9e, 0x8f, 0xb1, 0x28, 0x28, 0x28, 0x28, 0x28, 0x28, 0xc7, 0x8f, 0x8e, 0xbe, 0x28, 0x28, 0x28, 0x8f, 0x8e, 0xc0, 0x28, 0x28, 0x28, 0x28, 0x90, 0x8e, 0xbc, 0x28, 0x28, 0x90, 0x8e, 0x8e, 0x8e, 0x9f, 0xc9, 0x28, 0x28, 0x28, 0x28, 0x28, 0x28, 0x28, 0x28, 0x28, 0x28, 0xb8, 0x8e, 0x8f, 0xc4, 0x0d, 0x2e, 0xfd, 0xfd, 0x7c, 0x7c, 0x7c, 0x7c, 0x7c, 0x82, 0x8e, 0x8e, 0x7b, 0x2e, 0xfd, 0xfd, 0xfd, 0xfd, 0xfd, 0xfd, 0xfd, 0xfd, 0x0d, 0xfd, 0x0d, 0x2b, 0x2b, 0x2a, 0x2b, 0x0d, 0x2b, 0x2a, 0x2b, 0x2a, 0x2a, 0x2a, 0x2a, 0x2a, 0xff, 0xff, 0xff, 0xff, 0xff, 0x2a, 0x2a, 0x2a, 0xff, 0xff, 0xff, 0x2a, 0x2a, 0x2a, 0x2a, 0xfd, 0x2e, 0xfd, 0xfd, 0xfd, 0xfd, 0x2c, 0xfd, 0x2c, 0x28, 0x28, 0x28, 0xd0, 0x28, 0xd0, 0x28, 0xd0, 0x28, 0xc9, 0x28, 0xc9, 0x28, 0xd0, 0x28, 0xd0, 0x28, 0x28, 0x28, 0xd0, 0x28, 0xd0, 0x28, 0xd0, 0x28, 0xd0, 0x28, 0xd0, 0x28, 0xd0, 0xc9, 0xcf, 0x0f, 0x32, 0x33, 0x33, 0x33, 0x33, 0x33, 0x33, 0x33, 0x7f, 0x33, 0x28, 0x28, 0x28, 0x28, 0x28, 0x28, 0x28, 0x28, 0x28, 0x28, 0x28, 0x28, 0x28, 0x28, 0x28, 0x28, 0x28, 0x28, 0x28, 0x28, 0x28, 0x28, 0x28, 0x28, 0x28, 0x28, 0x28, 0x28, 
  0x28, 0x28, 0x28, 0x28, 0x28, 0x28, 0x28, 0x28, 0x28, 0x28, 0x28, 0x28, 0x28, 0x28, 0x28, 0x28, 0x28, 0x28, 0x28, 0x28, 0x28, 0x28, 0x28, 0x28, 0x28, 0x28, 0x28, 0x28, 0x28, 0x28, 0x28, 0x28, 0x28, 0x6b, 0x90, 0x8e, 0x8f, 0x8e, 0x90, 0xc9, 0x28, 0x28, 0x28, 0x28, 0x28, 0x28, 0x28, 0x28, 0x28, 0x28, 0x28, 0xd0, 0x02, 0x00, 0x0b, 0x28, 0x28, 0x28, 0x28, 0x28, 0x28, 0x26, 0x01, 0x00, 0x00, 0x02, 0x26, 0x28, 0x28, 0x28, 0xf8, 0x00, 0x00, 0x00, 0x00, 0x0e, 0x28, 0x28, 0x28, 0x28, 0x28, 0x28, 0x28, 0x28, 0x28, 0x28, 0x28, 0x28, 0x28, 0x28, 0x28, 0x28, 0x28, 0x28, 0xc8, 0xae, 0x8e, 0x8f, 0x8e, 0x8e, 0x8e, 0x8f, 0x8e, 0x8f, 0x8e, 0x8f, 0x8e, 0x8e, 0x90, 0x93, 0xac, 0xc0, 0x28, 0x28, 0x28, 0x28, 0x28, 0x28, 0x28, 0x28, 0x28, 0x28, 0x28, 0x28, 0xd1, 0xd3, 0xd3, 0xd3, 0xd3, 0xd3, 0xd3, 0xd3, 0xd3, 0xd3, 0xd3, 0xd3, 0xd3, 0x30, 0x83, 0x8c, 0x8d, 0x8e, 0x8e, 0x8e, 0x8e, 0x8e, 0x8f, 0x8e, 0x8f, 0x8e, 0x8f, 0x8e, 0x8e, 0x9e, 0xc0, 0xc9, 0x28, 0x28, 0x28, 0x28, 0x28, 0x28, 0x28, 0x28, 0x28, 0x28, 0x28, 0x28, 0x28, 0x28, 0x28, 0x28, 0x28, 0x1e, 0x02, 0x00, 0xd9, 0x28, 0x28, 0x28, 0x28, 0x28, 0x28, 0xf8, 0x00, 0x00, 0xea, 0x28, 0x28, 0xfc, 0x00, 0x00, 0x00, 0x00, 0x01, 0xe5, 0x28, 0x28, 0x28, 0x28, 0x28, 0x28, 0x28, 0x28, 0x28, 0x28, 0x28, 0x28, 0x28, 0x28, 0x9e, 0x8e, 0x8e, 0x8e, 0x8e, 0xaa, 0x28, 0x28, 0x28, 0x28, 0x28, 0x28, 0x28, 0x28, 0x28, 0x28, 0x28, 0x28, 0x28, 0x28, 0x28, 0x28, 0x28, 0x28, 0x28, 0x28, 0x28, 0x28, 0x28, 0x28, 0x28, 0x28, 0x28, 0x28, 0x28, 0x28, 0x28, 0x28, 0x28, 0x28, 0x28, 0x28, 0x28, 0x28, 0x28, 0x28, 0x28, 0x28, 0x28, 0x28, 0x28, 0x28, 0x28, 0x28, 0x28, 0x28, 0x28, 0x28, 0x28, 0x28, 0x28, 0x28, 0x28, 0x28, 0x28, 0x28, 0x28, 0x28, 0x28, 0x28, 0xb2, 0x8e, 0x91, 0x28, 0x28, 0x28, 0x28, 0x28, 0x28, 0x28, 0x28, 0x28, 0x28, 0x90, 0x8e, 0xbc, 0x28, 0x28, 0x28, 0xac, 0x8e, 0xa5, 0x28, 0x28, 0x28, 0x28, 0x28, 0x28, 0xbe, 0x8e, 0x8f, 0xbe, 0x28, 0x28, 0x28, 0x8e, 0x8e, 0xc0, 0x28, 0x28, 0x28, 0x28, 0x90, 0x8e, 0xbc, 0x28, 0x28, 0x90, 0x8e, 0xae, 0x8e, 0x8f, 0xa5, 0x28, 0x28, 0x28, 0x28, 0x28, 0x28, 0x28, 0x28, 0x28, 0x28, 0xc5, 0x8e, 0x8f, 0x9f, 0x2e, 0x2e, 0x2f, 0xfd, 0xfd, 0x2e, 0x2e, 0x2e, 0x0d, 0x8a, 0x8e, 0x8d, 0xfd, 0x2e, 0x2e, 0xfd, 0xfd, 0xfd, 0xfd, 0xfd, 0xfd, 0xfd, 0xfd, 0xfd, 0xfd, 0x2b, 0x0d, 0x2b, 0x2a, 0x2b, 0x2b, 0x2b, 0x2a, 0x2b, 0x2a, 0x2b, 0x2a, 0x2b, 0xff, 0xff, 0x2a, 0x2a, 0xff, 0x2a, 0x2a, 0x2a, 0xff, 0xff, 0x2a, 0x2b, 0xff, 0x2a, 0xff, 0xfd, 0x2c, 0xfd, 0xfd, 0xfd, 0xfd, 0xfd, 0x2c, 0x2c, 0xfd, 0xc9, 0x28, 0xc9, 0x28, 0xc9, 0x28, 0xc9, 0x28, 0xd0, 0x28, 0xd0, 0x28, 0xc9, 0x28, 0x28, 0x28, 0x28, 0xc9, 0x28, 0xc9, 0x28, 0xd0, 0x28, 0xd0, 0x28, 0xc9, 0x28, 0xc9, 0x28, 0xd0, 0x28, 0xd0, 0x28, 0xd0, 0xd0, 0xc9, 0xd2, 0x0f, 0x32, 0x34, 0x33, 0x33, 0x28, 0x28, 0x28, 0x28, 0x28, 0x28, 0x28, 0x28, 0x28, 0x28, 0x28, 0x28, 0x28, 0x28, 0x28, 0x28, 0x28, 0x28, 0x28, 0x28, 0x28, 0x28, 0x28, 0x28, 0x28, 0x28, 0x28, 0x28, 
  0x28, 0x28, 0x28, 0x28, 0x28, 0x28, 0x28, 0x28, 0x28, 0x28, 0x28, 0x28, 0x28, 0x28, 0x28, 0x28, 0x28, 0x28, 0x28, 0x28, 0x28, 0x28, 0x28, 0x28, 0x28, 0x28, 0x28, 0x28, 0x28, 0x28, 0x28, 0x28, 0x28, 0x28, 0xc4, 0x90, 0x8e, 0x8e, 0x8f, 0x8f, 0xc2, 0x28, 0x28, 0x28, 0x28, 0x28, 0x28, 0x28, 0x28, 0x28, 0x28, 0x28, 0x0a, 0x00, 0x00, 0x1b, 0x28, 0x28, 0x28, 0x28, 0x24, 0x03, 0x00, 0x00, 0x00, 0x19, 0x28, 0x28, 0x28, 0x1b, 0x01, 0x00, 0x00, 0x01, 0x00, 0x00, 0x02, 0xe3, 0x28, 0x28, 0x28, 0x28, 0x28, 0x28, 0x28, 0x28, 0x28, 0x28, 0x28, 0x28, 0x28, 0x28, 0x28, 0x28, 0x28, 0x28, 0x28, 0xc5, 0xba, 0x91, 0x8f, 0x8e, 0x8f, 0x8e, 0x8e, 0x8f, 0x8e, 0x8f, 0x8e, 0x8e, 0x8f, 0x8e, 0x8e, 0x8f, 0x90, 0x91, 0x97, 0x9a, 0x9c, 0x9e, 0xac, 0xae, 0xaf, 0xb4, 0xa8, 0x83, 0x83, 0x87, 0x88, 0x8a, 0x8b, 0x8c, 0x8c, 0x8d, 0x8d, 0x8e, 0x8e, 0x8e, 0x8f, 0x8f, 0x8e, 0x8f, 0x8e, 0x8f, 0x8e, 0x8f, 0x8e, 0x8e, 0x8e, 0x8f, 0xaf, 0xc4, 0xc8, 0x28, 0x28, 0x28, 0x28, 0x28, 0x28, 0x28, 0x28, 0x28, 0x28, 0x28, 0x28, 0x28, 0x28, 0x28, 0x28, 0x28, 0x28, 0x16, 0x03, 0x00, 0x00, 0x00, 0xe2, 0xd0, 0x28, 0x28, 0x28, 0x28, 0x28, 0xef, 0x00, 0x00, 0x03, 0x26, 0xeb, 0x02, 0x00, 0x00, 0x00, 0x00, 0x00, 0x00, 0x03, 0x1d, 0x28, 0x28, 0x28, 0x28, 0x28, 0x28, 0x28, 0x28, 0x28, 0x28, 0x28, 0x97, 0x8f, 0x8e, 0x8f, 0x8e, 0xb3, 0x28, 0x28, 0x28, 0x28, 0x28, 0x28, 0x28, 0x28, 0x28, 0x28, 0x28, 0x28, 0x28, 0x28, 0x28, 0x28, 0x28, 0x28, 0x28, 0x28, 0x28, 0x28, 0x28, 0x28, 0x28, 0x28, 0x28, 0x28, 0x28, 0x28, 0x28, 0x28, 0x28, 0x28, 0x28, 0x28, 0x28, 0x28, 0x28, 0x28, 0x28, 0x28, 0x28, 0x28, 0x28, 0x28, 0x28, 0x28, 0x28, 0x28, 0x28, 0x28, 0x28, 0x28, 0x28, 0x28, 0x28, 0x28, 0x28, 0x28, 0x28, 0x28, 0x28, 0x28, 0x28, 0xb1, 0x8f, 0x91, 0x28, 0x28, 0x28, 0x28, 0x28, 0x28, 0x28, 0x28, 0x28, 0x28, 0x90, 0x8e, 0xbc, 0x28, 0x28, 0x28, 0xb7, 0x8f, 0x8e, 0xbf, 0x28, 0x28, 0x28, 0x28, 0x28, 0x9e, 0x8e, 0x8e, 0xbe, 0x28, 0x28, 0x28, 0x8e, 0x8f, 0xbe, 0x28, 0x28, 0x28, 0x28, 0x90, 0x8e, 0xbc, 0x28, 0x28, 0x90, 0x8e, 0xbc, 0xbb, 0x8e, 0x8e, 0xa9, 0x28, 0x28, 0x28, 0x28, 0x28, 0x28, 0x28, 0x28, 0x28, 0x28, 0xb4, 0x8e, 0x8e, 0x88, 0x30, 0x2e, 0xfd, 0x2e, 0x2e, 0x2e, 0x2e, 0x83, 0x8e, 0x8e, 0x83, 0x2e, 0xfd, 0xfd, 0x2e, 0xfd, 0xfd, 0xfd, 0x2e, 0xfd, 0x0d, 0x0d, 0xfd, 0x2c, 0x2b, 0x2b, 0x2a, 0x0d, 0x2c, 0x0d, 0x2a, 0x2b, 0x2a, 0x2a, 0x2a, 0x2a, 0x2b, 0x2b, 0x2a, 0x2a, 0x2a, 0xff, 0xff, 0xff, 0xff, 0xff, 0xff, 0xff, 0x2a, 0x2a, 0x2a, 0xff, 0xfd, 0x2c, 0xfd, 0xfd, 0xfd, 0x2c, 0x2e, 0xfd, 0xfd, 0x0d, 0x28, 0xd0, 0x28, 0xd0, 0x28, 0xd0, 0x28, 0xd0, 0x28, 0xc9, 0x28, 0xd0, 0x28, 0xc9, 0x28, 0x28, 0x28, 0x28, 0xd0, 0x28, 0xd0, 0x28, 0xc9, 0x28, 0xd0, 0x28, 0xd0, 0x28, 0xc9, 0x28, 0xd0, 0x28, 0xd0, 0x28, 0xd0, 0x28, 0xc9, 0x28, 0xd0, 0x28, 0xd0, 0x28, 0x28, 0x28, 0x28, 0x28, 0x28, 0x28, 0x28, 0x28, 0x28, 0x28, 0x28, 0x28, 0x28, 0x28, 0x28, 0x28, 0x28, 0x28, 0x28, 0x28, 0x28, 0x28, 0x28, 0x28, 0x28, 0x28, 0x28, 0x28, 
  0x28, 0x28, 0x28, 0x28, 0x28, 0x28, 0x28, 0x28, 0x28, 0x28, 0x28, 0x28, 0x28, 0x28, 0x28, 0x28, 0x28, 0x28, 0x28, 0x28, 0x28, 0x28, 0x28, 0x28, 0x28, 0x28, 0x28, 0x28, 0x28, 0x28, 0x28, 0x28, 0x28, 0x28, 0x28, 0xbc, 0x8e, 0x8f, 0x8e, 0x8f, 0x8e, 0xbf, 0x28, 0x28, 0x28, 0x28, 0x28, 0x28, 0x28, 0x28, 0x28, 0x28, 0x27, 0x02, 0x00, 0x01, 0x1a, 0x28, 0x28, 0xcc, 0x04, 0x00, 0x00, 0x00, 0xed, 0x28, 0x28, 0x28, 0x28, 0x03, 0x00, 0x00, 0x03, 0x28, 0xf7, 0x01, 0x00, 0x00, 0xf4, 0x28, 0x28, 0x28, 0x28, 0x28, 0x28, 0x28, 0x28, 0x28, 0x28, 0x28, 0x28, 0x28, 0x28, 0x28, 0x28, 0x28, 0x28, 0x28, 0x28, 0x28, 0xc6, 0xbb, 0x9f, 0x8e, 0x8e, 0x8f, 0x8f, 0x8e, 0x8f, 0x8e, 0x8e, 0x8f, 0x8e, 0x8e, 0x8e, 0x8f, 0x8e, 0x8f, 0x8e, 0x8e, 0x8e, 0x8e, 0x8e, 0x8e, 0x8e, 0x8e, 0x8e, 0x8e, 0x8e, 0x8e, 0x8f, 0x8e, 0x8f, 0x8f, 0x8f, 0x8e, 0x8e, 0x8e, 0x8e, 0x8e, 0x8e, 0x8e, 0x8e, 0x8e, 0x8e, 0x8e, 0x93, 0xb6, 0xc4, 0x28, 0x28, 0x28, 0x28, 0x28, 0x28, 0x28, 0x28, 0x28, 0x28, 0x28, 0x28, 0x28, 0x28, 0x28, 0x28, 0x28, 0x28, 0x28, 0x28, 0x21, 0x0a, 0x00, 0x00, 0x00, 0x7a, 0xcf, 0x28, 0x28, 0x28, 0x28, 0x28, 0x28, 0x28, 0x28, 0x03, 0x00, 0x00, 0x0b, 0x01, 0x00, 0x00, 0xf2, 0x21, 0x02, 0x00, 0x00, 0x0b, 0xf0, 0x28, 0x28, 0x28, 0x28, 0x28, 0x28, 0x28, 0x28, 0x28, 0xc7, 0x97, 0x8e, 0x8e, 0x8e, 0x8e, 0xa6, 0x28, 0x28, 0x28, 0x28, 0x28, 0x28, 0x28, 0x28, 0x28, 0x28, 0x28, 0x28, 0x28, 0x28, 0x28, 0x28, 0x28, 0x28, 0x28, 0x28, 0x28, 0x28, 0x28, 0x28, 0x28, 0x28, 0x28, 0x28, 0x28, 0x28, 0x28, 0x28, 0x28, 0x28, 0x28, 0x28, 0x28, 0x28, 0x28, 0x28, 0x28, 0x28, 0x28, 0x28, 0x28, 0x28, 0x28, 0x28, 0x28, 0x28, 0x28, 0x28, 0x28, 0x28, 0x28, 0x28, 0x28, 0x28, 0x28, 0x28, 0x28, 0x28, 0x28, 0x28, 0x28, 0x28, 0xb2, 0x8e, 0x94, 0x28, 0x28, 0x28, 0x28, 0x28, 0x28, 0x28, 0x28, 0x28, 0x28, 0x90, 0x8e, 0xbc, 0x28, 0x28, 0x28, 0xc9, 0x94, 0x8e, 0x90, 0xba, 0x28, 0x28, 0xc4, 0xa3, 0x8e, 0x8f, 0x8e, 0xbe, 0x28, 0x28, 0x28, 0x90, 0x8e, 0xad, 0xc9, 0x28, 0x28, 0x28, 0x90, 0x8e, 0xbc, 0x28, 0x28, 0x90, 0x8e, 0xbc, 0x28, 0xba, 0x8e, 0x8f, 0xac, 0x28, 0x28, 0x28, 0x28, 0x28, 0x28, 0x28, 0x28, 0x28, 0x28, 0x9c, 0x8e, 0x8e, 0x91, 0xb7, 0xbf, 0xc7, 0xc4, 0xba, 0x9e, 0x8e, 0x8f, 0x9e, 0x28, 0x28, 0x28, 0x28, 0x28, 0x28, 0x28, 0x28, 0x28, 0x28, 0x28, 0x28, 0x28, 0x28, 0x28, 0x28, 0x28, 0x28, 0x28, 0x28, 0x28, 0x28, 0x28, 0x28, 0x28, 0x28, 0x28, 0x28, 0x28, 0x28, 0x28, 0x28, 0x28, 0x28, 0x28, 0x28, 0x28, 0x28, 0x28, 0x28, 0x28, 0x28, 0x28, 0x28, 0x28, 0x28, 0x28, 0x28, 0x28, 0x28, 0x28, 0x28, 0x28, 0x28, 0x28, 0x28, 0x28, 0x28, 0x28, 0x28, 0x28, 0x28, 0x28, 0x28, 0x28, 0x28, 0x28, 0x28, 0x28, 0x28, 0x28, 0x28, 0x28, 0x28, 0x28, 0x28, 0x28, 0x28, 0x28, 0x28, 0x28, 0x28, 0x28, 0x28, 0x28, 0x28, 0x28, 0x28, 0x28, 0x28, 0x28, 0x28, 0x28, 0x28, 0x28, 0x28, 0x28, 0x28, 0x28, 0x28, 0x28, 0x28, 0x28, 0x28, 0x28, 0x28, 0x28, 0x28, 0x28, 0x28, 0x28, 0x28, 0x28, 0x28, 0x28, 0x28, 0x28, 0x28, 0x28, 0x28, 0x28, 0x28, 
  0x28, 0x28, 0x28, 0x28, 0x28, 0x28, 0x28, 0x28, 0x28, 0x28, 0x28, 0x28, 0x28, 0x28, 0x28, 0x28, 0x28, 0x28, 0x28, 0x28, 0x28, 0x28, 0x28, 0x28, 0x28, 0x28, 0x28, 0x28, 0x28, 0x28, 0x28, 0x28, 0x28, 0x28, 0x28, 0x28, 0xb4, 0x8e, 0x8e, 0x8e, 0x8e, 0x94, 0xc5, 0x28, 0x28, 0x28, 0x28, 0x28, 0x28, 0x28, 0x28, 0x28, 0x28, 0xf2, 0x00, 0x00, 0x02, 0x08, 0x08, 0x03, 0x00, 0x00, 0x00, 0xfb, 0xd0, 0x28, 0x28, 0x28, 0xeb, 0x00, 0x00, 0x01, 0x1a, 0x28, 0x28, 0x1a, 0x03, 0x00, 0x02, 0x21, 0x28, 0x28, 0x28, 0x28, 0x28, 0x28, 0x28, 0x28, 0x28, 0x28, 0x28, 0x28, 0x28, 0x28, 0x28, 0x28, 0x28, 0x28, 0x28, 0x28, 0x28, 0x28, 0x28, 0xc2, 0xc0, 0xb6, 0xa3, 0x8e, 0x8e, 0x8f, 0x8e, 0x8e, 0x8f, 0x8e, 0x8f, 0x8e, 0x8e, 0x8e, 0x8f, 0x8f, 0x8e, 0x8f, 0x8e, 0x8f, 0x8e, 0x8f, 0x8e, 0x8f, 0x8e, 0x8f, 0x8e, 0x8f, 0x8e, 0x8e, 0x8e, 0x8f, 0x8e, 0x8f, 0x8e, 0x8f, 0x8e, 0x8f, 0x97, 0xae, 0xbe, 0xc1, 0xc9, 0x28, 0x28, 0x28, 0x28, 0x28, 0x28, 0x28, 0x28, 0x28, 0x28, 0x28, 0x28, 0x28, 0x28, 0x28, 0x28, 0x28, 0x28, 0x28, 0x28, 0x28, 0x34, 0x01, 0x00, 0x00, 0x01, 0x17, 0xd0, 0x28, 0x28, 0x28, 0x28, 0x28, 0x28, 0x28, 0x28, 0x28, 0xe4, 0x00, 0x00, 0x00, 0x00, 0x03, 0xd1, 0x28, 0x28, 0xf0, 0xf3, 0x0e, 0x26, 0x28, 0x28, 0x28, 0x28, 0x28, 0x28, 0x28, 0x28, 0x28, 0x28, 0xa6, 0x8e, 0x8e, 0x8f, 0x8e, 0xa0, 0xc9, 0x28, 0x28, 0x28, 0x28, 0x28, 0x28, 0x28, 0x28, 0x28, 0x28, 0x28, 0x28, 0x28, 0x28, 0x28, 0x28, 0x28, 0x28, 0x28, 0x28, 0x28, 0x28, 0x28, 0x28, 0x28, 0x28, 0x28, 0x28, 0x28, 0x28, 0x28, 0x28, 0x28, 0x28, 0x28, 0x28, 0x28, 0x28, 0x28, 0x28, 0x28, 0x28, 0x28, 0x28, 0x28, 0x28, 0x28, 0x28, 0x28, 0x28, 0x28, 0x28, 0x28, 0x28, 0x28, 0x28, 0x28, 0x28, 0x28, 0x28, 0x28, 0x28, 0x28, 0x28, 0x28, 0x28, 0xb2, 0x8e, 0x94, 0x28, 0x28, 0x28, 0x28, 0x28, 0x28, 0x28, 0x28, 0x28, 0x28, 0x90, 0x8e, 0xbc, 0x28, 0x28, 0x28, 0x28, 0xbf, 0x8f, 0x8e, 0x8e, 0x8e, 0x8f, 0x8e, 0x8e, 0x9a, 0x8f, 0x8e, 0xbe, 0x28, 0x28, 0x28, 0xa9, 0x8f, 0x8e, 0x8f, 0x8e, 0xc2, 0x28, 0x90, 0x8e, 0xbc, 0x28, 0x28, 0x90, 0x8e, 0xbc, 0x28, 0x28, 0xb8, 0x8e, 0x8e, 0xad, 0x28, 0x28, 0x28, 0x28, 0x28, 0x28, 0x28, 0x28, 0x28, 0xc7, 0xaa, 0x8f, 0x8e, 0x8f, 0x8e, 0x8e, 0x8e, 0x8f, 0x8e, 0x8f, 0x9f, 0xc5, 0x28, 0x28, 0x28, 0x28, 0x28, 0x28, 0x28, 0x28, 0x28, 0x28, 0x28, 0x28, 0x28, 0x28, 0x28, 0x28, 0x28, 0x28, 0x28, 0x28, 0x28, 0x28, 0x28, 0x28, 0x28, 0x28, 0x28, 0x28, 0x28, 0x28, 0x28, 0x28, 0x28, 0x28, 0x28, 0x28, 0x28, 0x28, 0x28, 0x28, 0x28, 0x28, 0x28, 0x28, 0x28, 0x28, 0x28, 0x28, 0x28, 0x28, 0x28, 0x28, 0x28, 0x28, 0x28, 0x28, 0x28, 0x28, 0x28, 0x28, 0x28, 0x28, 0x28, 0x28, 0x28, 0x28, 0x28, 0x28, 0x28, 0x28, 0x28, 0x28, 0x28, 0x28, 0x28, 0x28, 0x28, 0x28, 0x28, 0x28, 0x28, 0x28, 0x28, 0x28, 0x28, 0x28, 0x28, 0x28, 0x28, 0x28, 0x28, 0x28, 0x28, 0x28, 0x28, 0x28, 0x28, 0x28, 0x28, 0x28, 0x28, 0x28, 0x28, 0x28, 0x28, 0x28, 0x28, 0x28, 0x28, 0x28, 0x28, 0x28, 0x28, 0x28, 0x28, 0x28, 0x28, 0x28, 0x28, 0x28, 0x28, 0x28, 
  0x28, 0x28, 0x28, 0x28, 0x28, 0x28, 0x28, 0x28, 0x28, 0x28, 0x28, 0x28, 0x28, 0x28, 0x28, 0x28, 0x28, 0x28, 0x28, 0x28, 0x28, 0x28, 0x28, 0x28, 0x28, 0x28, 0x28, 0x28, 0x28, 0x28, 0x28, 0x28, 0x28, 0x28, 0x28, 0x28, 0x28, 0xbc, 0x8f, 0x8e, 0x8f, 0x8e, 0x94, 0xb9, 0x28, 0x28, 0x28, 0x28, 0x28, 0x28, 0x28, 0x28, 0x28, 0x28, 0xe6, 0x04, 0x00, 0x00, 0x00, 0x00, 0x00, 0x01, 0xfa, 0x28, 0x28, 0x28, 0x28, 0xd0, 0x05, 0x00, 0x00, 0x09, 0x28, 0x28, 0x28, 0x28, 0x7a, 0x00, 0x00, 0x0e, 0x28, 0x28, 0x28, 0x28, 0x28, 0x28, 0x28, 0x28, 0x28, 0x28, 0x28, 0x28, 0x28, 0x28, 0x28, 0x28, 0x28, 0x28, 0x28, 0x28, 0x28, 0x28, 0x28, 0x28, 0x28, 0x28, 0x28, 0xc7, 0xc0, 0xbc, 0xbb, 0xb4, 0xaa, 0x9e, 0x8f, 0x8f, 0x8e, 0x8e, 0x8e, 0x8e, 0x8e, 0x8e, 0x8e, 0x8e, 0x8e, 0x8e, 0x8e, 0x8e, 0x8e, 0x8e, 0x8e, 0x8f, 0x8e, 0x8f, 0x8e, 0x97, 0xa6, 0xaf, 0xba, 0xbc, 0xbd, 0xc5, 0x28, 0x28, 0x28, 0x28, 0x28, 0x28, 0x28, 0x28, 0x28, 0x28, 0x28, 0x28, 0x28, 0x28, 0x28, 0x28, 0x28, 0x28, 0x28, 0x28, 0x28, 0x28, 0x28, 0x28, 0x28, 0x1b, 0x00, 0x00, 0x00, 0x33, 0xf0, 0x28, 0x28, 0x28, 0x28, 0x28, 0x28, 0x28, 0x28, 0x28, 0x28, 0x28, 0xc9, 0x01, 0x00, 0x00, 0x29, 0x1f, 0x28, 0x28, 0x28, 0x28, 0x28, 0x28, 0x28, 0x28, 0x28, 0x28, 0x28, 0x28, 0x28, 0x28, 0x28, 0xc6, 0xa3, 0x8e, 0x8f, 0x8e, 0x8e, 0xad, 0xc7, 0x28, 0x28, 0x28, 0x28, 0x28, 0x28, 0x28, 0x28, 0x28, 0x28, 0x28, 0x28, 0x28, 0x28, 0x28, 0x28, 0x28, 0x28, 0x28, 0x28, 0x28, 0x28, 0x28, 0x28, 0x28, 0x28, 0x28, 0x28, 0x28, 0x28, 0x28, 0x28, 0x28, 0x28, 0x28, 0x28, 0x28, 0x28, 0x28, 0x28, 0x28, 0x28, 0x28, 0x28, 0x28, 0x28, 0x28, 0x28, 0x28, 0x28, 0x28, 0x28, 0x28, 0x28, 0x28, 0x28, 0x28, 0x28, 0x28, 0x28, 0x28, 0x28, 0x28, 0x28, 0x28, 0x28, 0x28, 0xb2, 0x8e, 0x94, 0x28, 0x28, 0x28, 0x28, 0x28, 0x28, 0x28, 0x28, 0x28, 0x28, 0x90, 0x8e, 0xbc, 0x28, 0x28, 0x28, 0x28, 0x28, 0xc4, 0xa1, 0x8e, 0x8f, 0x8e, 0x8f, 0xa5, 0xc7, 0x8f, 0x8f, 0xbe, 0x28, 0x28, 0x28, 0xc7, 0xa5, 0x8f, 0x8f, 0x8e, 0xc4, 0x28, 0x90, 0x8f, 0xbc, 0x28, 0x28, 0x90, 0x8e, 0xbd, 0x28, 0x28, 0x28, 0xb7, 0x8f, 0x8e, 0xb1, 0x28, 0x28, 0x28, 0x28, 0x28, 0x28, 0x28, 0x28, 0x28, 0x28, 0xbc, 0x9e, 0x8f, 0x8f, 0x8e, 0x8f, 0x8e, 0x97, 0xba, 0x28, 0x28, 0x28, 0x28, 0x28, 0x28, 0x28, 0x28, 0x28, 0x28, 0x28, 0x28, 0x28, 0x28, 0x28, 0x28, 0x28, 0x28, 0x28, 0x28, 0x28, 0x28, 0x28, 0x28, 0x28, 0x28, 0x28, 0x28, 0x28, 0x28, 0x28, 0x28, 0x28, 0x28, 0x28, 0x28, 0x28, 0x28, 0x28, 0x28, 0x28, 0x28, 0x28, 0x28, 0x28, 0x28, 0x28, 0x28, 0x28, 0x28, 0x28, 0x28, 0x28, 0x28, 0x28, 0x28, 0x28, 0x28, 0x28, 0x28, 0x28, 0x28, 0x28, 0x28, 0x28, 0x28, 0x28, 0x28, 0x28, 0x28, 0x28, 0x28, 0x28, 0x28, 0x28, 0x28, 0x28, 0x28, 0x28, 0x28, 0x28, 0x28, 0x28, 0x28, 0x28, 0x28, 0x28, 0x28, 0x28, 0x28, 0x28, 0x28, 0x28, 0x28, 0x28, 0x28, 0x28, 0x28, 0x28, 0x28, 0x28, 0x28, 0x28, 0x28, 0x28, 0x28, 0x28, 0x28, 0x28, 0x28, 0x28, 0x28, 0x28, 0x28, 0x28, 0x28, 0x28, 0x28, 0x28, 0x28, 0x28, 0x28, 0x28, 0x28, 
  0x28, 0x28, 0x28, 0x28, 0x28, 0x28, 0x28, 0x28, 0x28, 0x28, 0x28, 0x28, 0x28, 0x28, 0x28, 0x28, 0x28, 0x28, 0x28, 0x28, 0x28, 0x28, 0x28, 0x28, 0x28, 0x28, 0x28, 0x28, 0x28, 0x28, 0x28, 0x28, 0x28, 0x28, 0x28, 0x28, 0x28, 0x28, 0xb7, 0x8e, 0x8e, 0x8e, 0x8f, 0x8e, 0xbb, 0x28, 0x28, 0x28, 0x28, 0x28, 0x28, 0x28, 0x28, 0x28, 0x28, 0x25, 0x11, 0x0c, 0x09, 0x29, 0xde, 0x1e, 0x28, 0x28, 0x28, 0x28, 0x28, 0xdf, 0x00, 0x00, 0x00, 0x0c, 0x25, 0x28, 0x28, 0x28, 0x0c, 0x00, 0x00, 0x2f, 0x28, 0x28, 0x28, 0x28, 0x28, 0x28, 0x28, 0x28, 0x28, 0x28, 0x28, 0x28, 0x28, 0x28, 0x28, 0x28, 0x28, 0x28, 0x28, 0x28, 0x28, 0x28, 0x28, 0x28, 0x28, 0x28, 0x28, 0x28, 0x28, 0x28, 0x28, 0x28, 0x28, 0x28, 0x28, 0xc0, 0xbc, 0xb5, 0xb1, 0xaf, 0xaf, 0xaf, 0xaf, 0xaf, 0xaf, 0xaf, 0xaf, 0xaf, 0xaf, 0xaf, 0xb1, 0xb1, 0xbb, 0xbe, 0xc7, 0x28, 0x28, 0x28, 0x28, 0x28, 0x28, 0x28, 0x28, 0x28, 0x28, 0x28, 0x28, 0x28, 0x28, 0x28, 0x28, 0x28, 0x28, 0x28, 0x28, 0x28, 0x28, 0x28, 0x28, 0x28, 0x28, 0x28, 0x28, 0x22, 0xf3, 0xee, 0x28, 0x28, 0x07, 0x00, 0x00, 0x0b, 0x28, 0x28, 0x28, 0x28, 0xce, 0x34, 0xf5, 0x28, 0x28, 0x28, 0x28, 0x28, 0x28, 0x0b, 0x00, 0x00, 0xdf, 0x28, 0x28, 0x28, 0x28, 0x28, 0x28, 0x28, 0x28, 0x28, 0x28, 0x28, 0x28, 0x28, 0x28, 0x28, 0xc6, 0x94, 0x8e, 0x8e, 0x8f, 0x8e, 0xa9, 0xd0, 0x28, 0x28, 0x28, 0x28, 0x28, 0x28, 0x28, 0x28, 0x28, 0x28, 0x28, 0x28, 0x28, 0x28, 0x28, 0x28, 0x28, 0x28, 0x28, 0x28, 0x28, 0x28, 0x28, 0x28, 0x28, 0x28, 0x28, 0x28, 0x28, 0x28, 0x28, 0x28, 0x28, 0x28, 0x28, 0x28, 0x28, 0x28, 0x28, 0x28, 0x28, 0x28, 0x28, 0x28, 0x28, 0x28, 0x28, 0x28, 0x28, 0x28, 0x28, 0x28, 0x28, 0x28, 0x28, 0x28, 0x28, 0x28, 0x28, 0x28, 0x28, 0x28, 0x28, 0x28, 0x28, 0x28, 0x28, 0x28, 0x28, 0x28, 0x28, 0x28, 0x28, 0x28, 0x28, 0x28, 0x28, 0x28, 0x28, 0x28, 0x28, 0x28, 0x28, 0x28, 0x28, 0x28, 0x28, 0x28, 0x28, 0x28, 0x28, 0xc9, 0xbe, 0xc1, 0xc9, 0x28, 0x28, 0x28, 0x28, 0x28, 0x28, 0x28, 0x28, 0x28, 0x28, 0xc9, 0xc5, 0xc7, 0x28, 0x28, 0x28, 0x28, 0x28, 0x28, 0x28, 0x28, 0x28, 0x28, 0x28, 0x28, 0x28, 0x28, 0x28, 0x28, 0x28, 0x28, 0x28, 0x28, 0x28, 0x28, 0x28, 0x28, 0x28, 0x28, 0x28, 0x28, 0x28, 0x28, 0xc4, 0xbe, 0xc1, 0xc9, 0x28, 0x28, 0x28, 0x28, 0x28, 0x28, 0x28, 0x28, 0x28, 0x28, 0x28, 0x28, 0x28, 0x28, 0x28, 0x28, 0x28, 0x28, 0x28, 0x28, 0x28, 0x28, 0x28, 0x28, 0x28, 0x28, 0x28, 0x28, 0x28, 0x28, 0x28, 0x28, 0x28, 0x28, 0x28, 0x28, 0x28, 0x28, 0x28, 0x28, 0x28, 0x28, 0x28, 0x28, 0x28, 0x28, 0x28, 0x28, 0x28, 0x28, 0x28, 0x28, 0x28, 0x28, 0x28, 0x28, 0x28, 0x28, 0x28, 0x28, 0x28, 0x28, 0x28, 0x28, 0x28, 0x28, 0x28, 0x28, 0x28, 0x28, 0x28, 0x28, 0x28, 0x28, 0x28, 0x28, 0x28, 0x28, 0x28, 0x28, 0x28, 0x28, 0x28, 0x28, 0x28, 0x28, 0x28, 0x28, 0x28, 0x28, 0x28, 0x28, 0x28, 0x28, 0x28, 0x28, 0x28, 0x28, 0x28, 0x28, 0x28, 0x28, 0x28, 0x28, 0x28, 0x28, 0x28, 0x28, 0x28, 0x28, 0x28, 0x28, 0x28, 0x28, 0x28, 0x28, 0x28, 0x28, 0x28, 0x28, 0x28, 0x28, 0x28, 0x28, 0x28, 0x28, 
  0x28, 0x28, 0x28, 0x28, 0x28, 0x28, 0x28, 0x28, 0x28, 0x28, 0x28, 0x28, 0x28, 0x28, 0x28, 0x28, 0x28, 0x28, 0x28, 0x28, 0x28, 0x28, 0x28, 0x28, 0x28, 0x28, 0x28, 0x28, 0x28, 0x28, 0x28, 0x28, 0x28, 0x28, 0x28, 0x28, 0x28, 0x28, 0x28, 0xac, 0x8f, 0x8e, 0x8e, 0x8f, 0x8f, 0xbe, 0x28, 0x28, 0x28, 0x28, 0x28, 0x28, 0x28, 0x28, 0x28, 0x28, 0x28, 0x28, 0x28, 0x28, 0x28, 0x28, 0x28, 0x28, 0x28, 0x28, 0x1b, 0x01, 0x00, 0x00, 0x01, 0x00, 0x03, 0xea, 0xed, 0xea, 0x02, 0x00, 0x00, 0xe5, 0x28, 0x28, 0x28, 0x28, 0x28, 0x26, 0x1d, 0x18, 0xcb, 0xf0, 0x28, 0x28, 0x28, 0x28, 0x28, 0x28, 0x28, 0x28, 0x28, 0x28, 0x28, 0x28, 0x28, 0x28, 0x28, 0x28, 0x28, 0x28, 0x28, 0x28, 0x28, 0x28, 0x28, 0x28, 0x28, 0x28, 0x28, 0x28, 0x28, 0x28, 0x28, 0x28, 0x28, 0x28, 0x28, 0x28, 0x28, 0x28, 0x28, 0x28, 0x28, 0x28, 0x28, 0x28, 0x28, 0x28, 0x28, 0x28, 0x28, 0x28, 0x28, 0x28, 0x28, 0x28, 0x28, 0x28, 0x28, 0x28, 0x28, 0x28, 0x28, 0x28, 0x28, 0x28, 0x28, 0x28, 0x28, 0x28, 0x28, 0x28, 0xd0, 0xed, 0x12, 0x01, 0x00, 0x14, 0x28, 0x28, 0x16, 0x00, 0x00, 0x00, 0xfc, 0x28, 0x23, 0xe7, 0x05, 0x00, 0x07, 0x25, 0x28, 0x28, 0x28, 0x28, 0x28, 0xfc, 0x00, 0x00, 0x08, 0x27, 0x28, 0x28, 0x28, 0x28, 0x28, 0x28, 0x28, 0x28, 0x28, 0x28, 0x28, 0x28, 0x28, 0xc5, 0x97, 0x8e, 0x8f, 0x8e, 0x8e, 0xa1, 0xc7, 0x28, 0x28, 0x28, 0x28, 0x28, 0x28, 0x28, 0x28, 0x28, 0x28, 0x28, 0x28, 0x28, 0x28, 0x28, 0x28, 0x28, 0x28, 0x28, 0x28, 0x28, 0x28, 0x28, 0x28, 0x28, 0x28, 0x28, 0x28, 0x28, 0x28, 0x28, 0x28, 0x28, 0x28, 0x28, 0x28, 0x28, 0x28, 0x28, 0x28, 0x28, 0x28, 0x28, 0x28, 0x28, 0x28, 0x28, 0x28, 0x28, 0x28, 0x28, 0x28, 0x28, 0x28, 0x28, 0x28, 0x28, 0x28, 0x28, 0x28, 0x28, 0x28, 0x28, 0x28, 0x28, 0x28, 0x28, 0x28, 0x28, 0x28, 0x28, 0x28, 0x28, 0x28, 0x28, 0x28, 0x28, 0x28, 0x28, 0x28, 0x28, 0x28, 0x28, 0x28, 0x28, 0x28, 0x28, 0x28, 0x28, 0x28, 0x28, 0x28, 0x28, 0x28, 0x28, 0x28, 0x28, 0x28, 0x28, 0x28, 0x28, 0x28, 0x28, 0x28, 0x28, 0x28, 0x28, 0x28, 0x28, 0x28, 0x28, 0x28, 0x28, 0x28, 0x28, 0x28, 0x28, 0x28, 0x28, 0x28, 0x28, 0x28, 0x28, 0x28, 0x28, 0x28, 0x28, 0x28, 0x28, 0x28, 0x28, 0x28, 0x28, 0x28, 0x28, 0x28, 0x28, 0x28, 0x28, 0x28, 0x28, 0x28, 0x28, 0x28, 0x28, 0x28, 0x28, 0x28, 0x28, 0x28, 0x28, 0x28, 0x28, 0x28, 0x28, 0x28, 0x28, 0x28, 0x28, 0x28, 0x28, 0x28, 0x28, 0x28, 0x28, 0x28, 0x28, 0x28, 0x28, 0x28, 0x28, 0x28, 0x28, 0x28, 0x28, 0x28, 0x28, 0x28, 0x28, 0x28, 0x28, 0x28, 0x28, 0x28, 0x28, 0x28, 0x28, 0x28, 0x28, 0x28, 0x28, 0x28, 0x28, 0x28, 0x28, 0x28, 0x28, 0x28, 0x28, 0x28, 0x28, 0x28, 0x28, 0x28, 0x28, 0x28, 0x28, 0x28, 0x28, 0x28, 0x28, 0x28, 0x28, 0x28, 0x28, 0x28, 0x28, 0x28, 0x28, 0x28, 0x28, 0x28, 0x28, 0x28, 0x28, 0x28, 0x28, 0x28, 0x28, 0x28, 0x28, 0x28, 0x28, 0x28, 0x28, 0x28, 0x28, 0x28, 0x28, 0x28, 0x28, 0x28, 0x28, 0x28, 0x28, 0x28, 0x28, 0x28, 0x28, 0x28, 0x28, 0x28, 0x28, 0x28, 0x28, 0x28, 0x28, 0x28, 0x28, 0x28, 0x28, 0x28, 0x28, 0x28, 0x28, 0x28, 0x28, 0x28, 0x28, 
  0x28, 0x28, 0x28, 0x28, 0x28, 0x28, 0x28, 0x28, 0x28, 0x28, 0x28, 0x28, 0x28, 0x28, 0x28, 0x28, 0x28, 0x28, 0x28, 0x28, 0x28, 0x28, 0x28, 0x28, 0x28, 0x28, 0x28, 0x28, 0x28, 0x28, 0x28, 0x28, 0x28, 0x28, 0x28, 0x28, 0x28, 0x28, 0x28, 0x28, 0xb5, 0x90, 0x8f, 0x8e, 0x8f, 0x8e, 0xb6, 0xc9, 0x28, 0x28, 0x28, 0x28, 0x28, 0x28, 0x28, 0x28, 0x28, 0x28, 0x28, 0x28, 0x28, 0x28, 0x28, 0x28, 0x28, 0x26, 0x08, 0x00, 0x00, 0x0b, 0x18, 0x07, 0x00, 0x00, 0x00, 0x00, 0x00, 0x00, 0x0c, 0x28, 0x28, 0x28, 0x28, 0xd0, 0xe7, 0x01, 0x00, 0x00, 0x00, 0x03, 0xf7, 0x25, 0x28, 0x28, 0x28, 0x28, 0x28, 0x28, 0x28, 0x28, 0x28, 0x28, 0x28, 0x28, 0x28, 0x28, 0x28, 0x28, 0x28, 0x28, 0x28, 0x28, 0x28, 0x28, 0x28, 0x28, 0x28, 0x28, 0x28, 0x28, 0x28, 0x28, 0x28, 0x28, 0x28, 0x28, 0x28, 0x28, 0x28, 0x28, 0x28, 0x28, 0x28, 0x28, 0x28, 0x28, 0x28, 0x28, 0x28, 0x28, 0x28, 0x28, 0x28, 0x28, 0x28, 0x28, 0x28, 0x28, 0x28, 0x28, 0x28, 0x28, 0x28, 0x28, 0x28, 0x28, 0x28, 0x28, 0x21, 0xfa, 0x02, 0x00, 0x00, 0x00, 0x03, 0x31, 0x28, 0x28, 0x28, 0x0b, 0x00, 0x00, 0x00, 0x1a, 0x03, 0x00, 0x00, 0x03, 0xfe, 0x28, 0x28, 0x28, 0x28, 0x28, 0x28, 0x28, 0x04, 0x00, 0x00, 0xe9, 0x28, 0x28, 0x28, 0x28, 0x28, 0x28, 0x28, 0x28, 0x28, 0x28, 0x28, 0x28, 0xc0, 0x8e, 0x8f, 0x8e, 0x8f, 0x8e, 0xa3, 0x28, 0x28, 0x28, 0x28, 0x28, 0x28, 0x28, 0x28, 0x28, 0x28, 0x28, 0x28, 0x28, 0x28, 0x28, 0x28, 0x28, 0x28, 0x28, 0x28, 0x28, 0x28, 0x28, 0x28, 0x28, 0x28, 0x28, 0x28, 0x28, 0x28, 0x28, 0x28, 0x28, 0x28, 0x28, 0x28, 0x28, 0x28, 0x28, 0x28, 0x28, 0x28, 0x28, 0x28, 0x28, 0x28, 0x28, 0x28, 0x28, 0x28, 0x28, 0x28, 0x28, 0x28, 0x28, 0x28, 0x28, 0x28, 0x28, 0x28, 0x28, 0x28, 0x28, 0x28, 0x28, 0x28, 0x28, 0x28, 0x28, 0x28, 0x28, 0x28, 0x28, 0x28, 0x28, 0x28, 0x28, 0x28, 0x28, 0x28, 0x28, 0x28, 0x28, 0x28, 0x28, 0x28, 0x28, 0x28, 0x28, 0x28, 0x28, 0x28, 0x28, 0x28, 0x28, 0x28, 0x28, 0x28, 0x28, 0x28, 0x28, 0x28, 0x28, 0x28, 0x28, 0x28, 0x28, 0x28, 0x28, 0x28, 0x28, 0x28, 0x28, 0x28, 0x28, 0x28, 0x28, 0x28, 0x28, 0x28, 0x28, 0x28, 0x28, 0x28, 0x28, 0x28, 0x28, 0x28, 0x28, 0x28, 0x28, 0x28, 0x28, 0x28, 0x28, 0x28, 0x28, 0x28, 0x28, 0x28, 0x28, 0x28, 0x28, 0x28, 0x28, 0x28, 0x28, 0x28, 0x28, 0x28, 0x28, 0x28, 0x28, 0x28, 0x28, 0x28, 0x28, 0x28, 0x28, 0x28, 0x28, 0x28, 0x28, 0x28, 0x28, 0x28, 0x28, 0x28, 0x28, 0x28, 0x28, 0x28, 0x28, 0x28, 0x28, 0x28, 0x28, 0x28, 0x28, 0x28, 0x28, 0x28, 0x28, 0x28, 0x28, 0x28, 0x28, 0x28, 0x28, 0x28, 0x28, 0x28, 0x28, 0x28, 0x28, 0x28, 0x28, 0x28, 0x28, 0x28, 0x28, 0x28, 0x28, 0x28, 0x28, 0x28, 0x28, 0x28, 0x28, 0x28, 0x28, 0x28, 0x28, 0x28, 0x28, 0x28, 0x28, 0x28, 0x28, 0x28, 0x28, 0x28, 0x28, 0x28, 0x28, 0x28, 0x28, 0x28, 0x28, 0x28, 0x28, 0x28, 0x28, 0x28, 0x28, 0x28, 0x28, 0x28, 0x28, 0x28, 0x28, 0x28, 0x28, 0x28, 0x28, 0x28, 0x28, 0x28, 0x28, 0x28, 0x28, 0x28, 0x28, 0x28, 0x28, 0x28, 0x28, 0x28, 0x28, 0x28, 0x28, 0x28, 0x28, 0x28, 0x28, 0x28, 0x28, 0x28, 0x28, 0x28, 0x28, 
  0x28, 0x28, 0x28, 0x28, 0x28, 0x28, 0x28, 0x28, 0x28, 0x28, 0x28, 0x28, 0x28, 0x28, 0x28, 0x28, 0x28, 0x28, 0x28, 0x28, 0x28, 0x28, 0x28, 0x28, 0x28, 0x28, 0x28, 0x28, 0x28, 0x28, 0x28, 0x28, 0x28, 0x28, 0x28, 0x28, 0x28, 0x28, 0x28, 0x28, 0x28, 0xbc, 0x8e, 0x8e, 0x8e, 0x8f, 0x8f, 0xad, 0x28, 0x28, 0x28, 0x28, 0x28, 0x28, 0x28, 0x28, 0x28, 0x28, 0x28, 0x28, 0x28, 0x28, 0x28, 0x28, 0x28, 0x14, 0x00, 0x00, 0x00, 0x23, 0x28, 0x28, 0xd9, 0x00, 0x00, 0x01, 0x02, 0xff, 0xd0, 0x28, 0x28, 0x28, 0xd0, 0x12, 0x00, 0x00, 0x00, 0x00, 0x00, 0x00, 0x00, 0x04, 0x25, 0x28, 0x28, 0x28, 0x28, 0x28, 0x28, 0x28, 0x28, 0x28, 0x28, 0x28, 0x28, 0x28, 0x28, 0x28, 0x28, 0x28, 0x28, 0x28, 0x28, 0x28, 0x28, 0x28, 0x28, 0x28, 0x28, 0x28, 0x28, 0x28, 0x28, 0x28, 0x28, 0x28, 0x28, 0x28, 0x28, 0x28, 0x28, 0x28, 0x28, 0x28, 0x28, 0x28, 0x28, 0x28, 0x28, 0x28, 0x28, 0x28, 0x28, 0x28, 0x28, 0x28, 0x28, 0x28, 0x28, 0x28, 0x28, 0x28, 0x28, 0x28, 0x28, 0x28, 0x21, 0x2f, 0x00, 0x00, 0x00, 0x00, 0x02, 0x34, 0xcf, 0x28, 0x28, 0x28, 0x28, 0x22, 0x01, 0x00, 0x00, 0x00, 0x00, 0x00, 0x06, 0xcd, 0x28, 0x28, 0x28, 0x28, 0x28, 0x28, 0x28, 0x28, 0x0a, 0x00, 0x01, 0x16, 0x28, 0x28, 0x28, 0x28, 0x28, 0x28, 0x28, 0x28, 0x28, 0x28, 0x28, 0xbc, 0x8e, 0x8f, 0x8e, 0x8e, 0x8e, 0xac, 0x28, 0x28, 0x28, 0x28, 0x28, 0x28, 0x28, 0x28, 0x28, 0x28, 0x28, 0x28, 0x28, 0x28, 0x28, 0x28, 0x28, 0x28, 0x28, 0x28, 0x28, 0x28, 0x28, 0x28, 0x28, 0x28, 0x28, 0x28, 0x28, 0x28, 0x28, 0x28, 0x28, 0x28, 0x28, 0x28, 0x28, 0x28, 0x28, 0x28, 0x28, 0x28, 0x28, 0x28, 0x28, 0x28, 0x28, 0x28, 0x28, 0x28, 0x28, 0x28, 0x28, 0x28, 0x28, 0x28, 0x28, 0x28, 0x28, 0x28, 0x28, 0x28, 0x28, 0x28, 0x28, 0x28, 0x28, 0x28, 0x28, 0x28, 0x28, 0x28, 0x28, 0x28, 0x28, 0x28, 0x28, 0x28, 0x28, 0x28, 0x28, 0x28, 0x28, 0x28, 0x28, 0x28, 0x28, 0x28, 0x28, 0x28, 0x28, 0x28, 0x28, 0x28, 0x28, 0x28, 0x28, 0x28, 0x28, 0x28, 0x28, 0x28, 0x28, 0x28, 0x28, 0x28, 0x28, 0x28, 0x28, 0x28, 0x28, 0x28, 0x28, 0x28, 0x28, 0x28, 0x28, 0x28, 0x28, 0x28, 0x28, 0x28, 0x28, 0x28, 0x28, 0x28, 0x28, 0x28, 0x28, 0x28, 0x28, 0x28, 0x28, 0x28, 0x28, 0x28, 0x28, 0x28, 0x28, 0x28, 0x28, 0x28, 0x28, 0x28, 0x28, 0x28, 0x28, 0x28, 0x28, 0x28, 0x28, 0x28, 0x28, 0x28, 0x28, 0x28, 0x28, 0x28, 0x28, 0x28, 0x28, 0x28, 0x28, 0x28, 0x28, 0x28, 0x28, 0x28, 0x28, 0x28, 0x28, 0x28, 0x28, 0x28, 0x28, 0x28, 0x28, 0x28, 0x28, 0x28, 0x28, 0x28, 0x28, 0x28, 0x28, 0x28, 0x28, 0x28, 0x28, 0x28, 0x28, 0x28, 0x28, 0x28, 0x28, 0x28, 0x28, 0x28, 0x28, 0x28, 0x28, 0x28, 0x28, 0x28, 0x28, 0x28, 0x28, 0x28, 0x28, 0x28, 0x28, 0x28, 0x28, 0x28, 0x28, 0x28, 0x28, 0x28, 0x28, 0x28, 0x28, 0x28, 0x28, 0x28, 0x28, 0x28, 0x28, 0x28, 0x28, 0x28, 0x28, 0x28, 0x28, 0x28, 0x28, 0x28, 0x28, 0x28, 0x28, 0x28, 0x28, 0x28, 0x28, 0x28, 0x28, 0x28, 0x28, 0x28, 0x28, 0x28, 0x28, 0x28, 0x28, 0x28, 0x28, 0x28, 0x28, 0x28, 0x28, 0x28, 0x28, 0x28, 0x28, 0x28, 0x28, 0x28, 0x28, 0x28, 0x28, 0x28, 0x28, 0x28, 
  0x28, 0x28, 0x28, 0x28, 0x28, 0x28, 0x28, 0x28, 0x28, 0x28, 0x28, 0x28, 0x28, 0x28, 0x28, 0x28, 0x28, 0x28, 0x28, 0x28, 0x28, 0x28, 0x28, 0x28, 0x28, 0x28, 0x28, 0x28, 0x28, 0x28, 0x28, 0x28, 0x28, 0x28, 0x28, 0x28, 0x28, 0x28, 0x28, 0x28, 0x28, 0x28, 0xbb, 0x8f, 0x8f, 0x8e, 0x8e, 0x8e, 0xaa, 0xc9, 0x28, 0x28, 0x28, 0x28, 0x28, 0x28, 0x28, 0x28, 0x28, 0x28, 0x28, 0x28, 0x28, 0x28, 0xd0, 0x06, 0x00, 0x00, 0x2a, 0x28, 0x28, 0x28, 0x28, 0xfc, 0x00, 0x00, 0xce, 0x28, 0x28, 0x28, 0x28, 0x28, 0x0e, 0x00, 0x00, 0x00, 0x03, 0xf9, 0x0f, 0x03, 0x00, 0x00, 0x06, 0x28, 0x28, 0x28, 0x28, 0x28, 0x28, 0x28, 0x28, 0x28, 0x28, 0x28, 0x28, 0x28, 0x28, 0x28, 0x28, 0x28, 0x28, 0x28, 0x28, 0x28, 0x28, 0x28, 0x28, 0x28, 0x28, 0x28, 0x28, 0x28, 0x28, 0x28, 0x28, 0x28, 0x28, 0x28, 0x28, 0x28, 0x28, 0x28, 0x28, 0x28, 0x28, 0x28, 0x28, 0x28, 0x28, 0x28, 0x28, 0x28, 0x28, 0x28, 0x28, 0x28, 0x28, 0x28, 0x28, 0x28, 0x28, 0x28, 0x28, 0x28, 0x1b, 0x05, 0x00, 0x00, 0x00, 0x00, 0x00, 0x00, 0xf0, 0x28, 0x28, 0x28, 0x28, 0x28, 0x28, 0x28, 0xf8, 0x00, 0x00, 0x00, 0x02, 0x18, 0x28, 0x28, 0x28, 0x28, 0x28, 0x28, 0x28, 0x28, 0x28, 0x28, 0xfa, 0x03, 0xee, 0x28, 0x28, 0x28, 0x28, 0x28, 0x28, 0x28, 0x28, 0x28, 0x28, 0x28, 0xbc, 0x8e, 0x8f, 0x8e, 0x8e, 0x8f, 0x9f, 0x28, 0x28, 0x28, 0x28, 0x28, 0x28, 0x28, 0x28, 0x28, 0x28, 0x28, 0x28, 0x28, 0x28, 0x28, 0x28, 0x28, 0x28, 0x28, 0x28, 0x28, 0x28, 0x28, 0x28, 0x28, 0x28, 0x28, 0x28, 0x28, 0x28, 0x28, 0x28, 0x28, 0x28, 0x28, 0x28, 0x28, 0x28, 0x28, 0x28, 0x28, 0x28, 0x28, 0x28, 0x28, 0x28, 0x28, 0x28, 0x28, 0x28, 0x28, 0x28, 0x28, 0x28, 0x28, 0x28, 0x28, 0x28, 0x28, 0x28, 0x28, 0x28, 0x28, 0x28, 0x28, 0x28, 0x28, 0x28, 0x28, 0x28, 0x28, 0x28, 0x28, 0x28, 0x28, 0x28, 0x28, 0x28, 0x28, 0x28, 0x28, 0x28, 0x28, 0x28, 0x28, 0x28, 0x28, 0x28, 0x28, 0x28, 0x28, 0x28, 0x28, 0x28, 0x28, 0x28, 0x28, 0x28, 0x28, 0x28, 0x28, 0x28, 0x28, 0x28, 0x28, 0x28, 0x28, 0x28, 0x28, 0x28, 0x28, 0x28, 0x28, 0x28, 0x28, 0x28, 0x28, 0x28, 0x28, 0x28, 0x28, 0x28, 0x28, 0x28, 0x28, 0x28, 0x28, 0x28, 0x28, 0x28, 0x28, 0x28, 0x28, 0x28, 0x28, 0x28, 0x28, 0x28, 0x28, 0x28, 0x28, 0x28, 0x28, 0x28, 0x28, 0x28, 0x28, 0x28, 0x28, 0x28, 0x28, 0x28, 0x28, 0x28, 0x28, 0x28, 0x28, 0x28, 0x28, 0x28, 0x28, 0x28, 0x28, 0x28, 0x28, 0x28, 0x28, 0x28, 0x28, 0x28, 0x28, 0x28, 0x28, 0x28, 0x28, 0x28, 0x28, 0x28, 0x28, 0x28, 0x28, 0x28, 0x28, 0x28, 0x28, 0x28, 0x28, 0x28, 0x28, 0x28, 0x28, 0x28, 0x28, 0x28, 0x28, 0x28, 0x28, 0x28, 0x28, 0x28, 0x28, 0x28, 0x28, 0x28, 0x28, 0x28, 0x28, 0x28, 0x28, 0x28, 0x28, 0x28, 0x28, 0x28, 0x28, 0x28, 0x28, 0x28, 0x28, 0x28, 0x28, 0x28, 0x28, 0x28, 0x28, 0x28, 0x28, 0x28, 0x28, 0x28, 0x28, 0x28, 0x28, 0x28, 0x28, 0x28, 0x28, 0x28, 0x28, 0x28, 0x28, 0x28, 0x28, 0x28, 0x28, 0x28, 0x28, 0x28, 0x28, 0x28, 0x28, 0x28, 0x28, 0x28, 0x28, 0x28, 0x28, 0x28, 0x28, 0x28, 0x28, 0x28, 0x28, 0x28, 0x28, 0x28, 0x28, 0x28, 0x28, 0x28, 0x28, 0x28, 0x28, 
  0x28, 0x28, 0x28, 0x28, 0x28, 0x28, 0x28, 0x28, 0x28, 0x28, 0x28, 0x28, 0x28, 0x28, 0x28, 0x28, 0x28, 0x28, 0x28, 0x28, 0x28, 0x28, 0x28, 0x28, 0x28, 0x28, 0x28, 0x28, 0x28, 0x28, 0x28, 0x28, 0x28, 0x28, 0x28, 0x28, 0x28, 0x28, 0x28, 0x28, 0x28, 0x28, 0x28, 0x28, 0x8f, 0x8f, 0x8f, 0x8e, 0x8f, 0x91, 0x28, 0x28, 0x28, 0x28, 0x28, 0x28, 0x28, 0x28, 0x28, 0x28, 0x28, 0x28, 0x28, 0x28, 0x08, 0x00, 0x00, 0x00, 0x28, 0x28, 0x28, 0x28, 0x28, 0xd0, 0x01, 0x00, 0xdb, 0x28, 0x28, 0x28, 0x28, 0x18, 0x00, 0x00, 0x00, 0xea, 0x28, 0x28, 0x28, 0x28, 0xd9, 0x00, 0x00, 0xf5, 0x28, 0x28, 0x28, 0x28, 0x15, 0xd0, 0x28, 0x28, 0x28, 0x28, 0x28, 0x28, 0x28, 0x28, 0x28, 0x28, 0x28, 0x28, 0x28, 0x28, 0x28, 0x28, 0x28, 0x28, 0x28, 0x28, 0x28, 0x28, 0x28, 0x28, 0x28, 0x28, 0x28, 0x28, 0x28, 0x28, 0x28, 0x28, 0x28, 0x28, 0x28, 0x28, 0x28, 0x28, 0x28, 0x28, 0x28, 0x28, 0x28, 0x28, 0x28, 0x28, 0x28, 0x28, 0x28, 0x28, 0x28, 0x28, 0x28, 0x28, 0x11, 0x00, 0x00, 0x00, 0xf4, 0x0a, 0x00, 0x00, 0x17, 0x28, 0x28, 0x28, 0x28, 0x28, 0x28, 0x28, 0x28, 0x07, 0x00, 0x00, 0x29, 0x28, 0x28, 0x28, 0x28, 0x28, 0x28, 0xcf, 0xfe, 0x28, 0x28, 0x28, 0x28, 0x28, 0x28, 0x28, 0x28, 0x28, 0x28, 0x28, 0x28, 0x28, 0x28, 0x28, 0x28, 0xa6, 0x8e, 0x8e, 0x8e, 0x8f, 0x8e, 0xbe, 0x28, 0x28, 0x28, 0x28, 0x28, 0x28, 0x28, 0x28, 0x28, 0x28, 0x28, 0x28, 0x28, 0x28, 0x28, 0x28, 0x28, 0x28, 0x28, 0x28, 0x28, 0x28, 0x28, 0x28, 0x28, 0x28, 0x28, 0x28, 0x28, 0x28, 0x28, 0x28, 0x28, 0x28, 0x28, 0x28, 0x28, 0x28, 0x28, 0x28, 0x28, 0x28, 0x28, 0x28, 0x28, 0x28, 0x28, 0x28, 0x28, 0x28, 0x28, 0x28, 0x28, 0x28, 0x28, 0x28, 0x28, 0x28, 0x28, 0x28, 0x28, 0x28, 0x28, 0x28, 0x28, 0x28, 0x28, 0x28, 0x28, 0x28, 0xc6, 0x28, 0x28, 0x28, 0x28, 0x28, 0x28, 0x28, 0x28, 0x28, 0x28, 0x28, 0x28, 0x28, 0x28, 0x28, 0x28, 0x28, 0x28, 0x28, 0x28, 0x28, 0x28, 0x28, 0x28, 0x28, 0x28, 0x28, 0x28, 0x28, 0x28, 0x28, 0x28, 0x28, 0x28, 0x28, 0x28, 0x28, 0x28, 0x28, 0x28, 0x28, 0x28, 0x28, 0x28, 0x28, 0x28, 0x28, 0x28, 0x28, 0x28, 0x28, 0x28, 0x28, 0x28, 0x28, 0x28, 0x28, 0x28, 0x28, 0x28, 0x28, 0x28, 0x28, 0x28, 0x28, 0x28, 0x28, 0x28, 0x28, 0x28, 0x28, 0x28, 0x28, 0x28, 0x28, 0x28, 0x28, 0x28, 0x28, 0x28, 0x28, 0x28, 0x28, 0x28, 0x28, 0x28, 0x28, 0x28, 0x28, 0x28, 0x28, 0x28, 0x28, 0x28, 0x28, 0x28, 0x28, 0x28, 0x28, 0x28, 0x28, 0x28, 0x28, 0x28, 0x28, 0x28, 0x28, 0x28, 0x28, 0x28, 0x28, 0x28, 0x28, 0x28, 0x28, 0x28, 0x28, 0x28, 0x28, 0x28, 0x28, 0x28, 0x28, 0x28, 0x28, 0x28, 0x28, 0x28, 0x28, 0x28, 0x28, 0x28, 0x28, 0x28, 0x28, 0x28, 0x28, 0x28, 0x28, 0x28, 0x28, 0x28, 0x28, 0x28, 0x28, 0x28, 0x28, 0x28, 0x28, 0x28, 0x28, 0x28, 0x28, 0x28, 0x28, 0x28, 0x28, 0x28, 0x28, 0x28, 0x28, 0x28, 0x28, 0x28, 0x28, 0x28, 0x28, 0x28, 0x28, 0x28, 0x28, 0x28, 0x28, 0x28, 0x28, 0x28, 0x28, 0x28, 0x28, 0x28, 0x28, 0x28, 0x28, 0x28, 0x28, 0x28, 0x28, 0x28, 0x28, 0x28, 0x28, 0x28, 0x28, 0x28, 0x28, 0x28, 0x28, 0x28, 0x28, 0x28, 0x28, 0x28, 0x28, 
  0x28, 0x28, 0x28, 0x28, 0x28, 0x28, 0x28, 0x28, 0x28, 0x28, 0x28, 0x28, 0x28, 0x28, 0x28, 0x28, 0x28, 0x28, 0x28, 0x28, 0x28, 0x28, 0x28, 0x28, 0x28, 0x28, 0x28, 0x28, 0x28, 0x28, 0x28, 0x28, 0x28, 0x28, 0x28, 0x28, 0x28, 0x28, 0x28, 0x28, 0x28, 0x28, 0x28, 0x28, 0xc5, 0x8f, 0x8e, 0x8e, 0x8e, 0x8e, 0x94, 0xc9, 0x28, 0x28, 0x28, 0x28, 0x28, 0x28, 0x28, 0x28, 0x28, 0x28, 0x28, 0x28, 0x2e, 0x00, 0x00, 0x00, 0x0b, 0x26, 0x28, 0x28, 0x28, 0x22, 0x00, 0x00, 0x29, 0x28, 0x28, 0x28, 0x28, 0x0b, 0x00, 0x00, 0x02, 0x28, 0x28, 0x28, 0x28, 0x28, 0x54, 0x00, 0x00, 0x07, 0x28, 0x28, 0x28, 0xe9, 0x00, 0x01, 0x03, 0x33, 0xe5, 0xd0, 0x28, 0x28, 0x28, 0x28, 0x28, 0x28, 0x28, 0x28, 0x28, 0x28, 0x28, 0x28, 0x28, 0x28, 0x28, 0x28, 0x28, 0x28, 0x28, 0x28, 0x28, 0x28, 0x28, 0x28, 0x28, 0x28, 0x28, 0x28, 0x28, 0x28, 0x28, 0x28, 0x28, 0x28, 0x28, 0x28, 0x28, 0x28, 0x28, 0x28, 0x28, 0x28, 0x28, 0x28, 0x28, 0x28, 0x28, 0x28, 0x28, 0x28, 0x18, 0x04, 0x15, 0x27, 0x28, 0xf2, 0x00, 0x00, 0x03, 0x26, 0x28, 0x28, 0x28, 0x28, 0x28, 0x28, 0x28, 0xeb, 0x00, 0x00, 0x00, 0x1e, 0x28, 0x28, 0x28, 0x28, 0xdf, 0x01, 0x00, 0xef, 0x28, 0x28, 0x28, 0x28, 0x28, 0x28, 0x28, 0x28, 0x28, 0x28, 0x28, 0x28, 0x28, 0x28, 0xa6, 0x8e, 0x8e, 0x8f, 0x8e, 0x8f, 0xba, 0x28, 0x28, 0x28, 0x28, 0x28, 0x28, 0x28, 0x28, 0x28, 0x28, 0x28, 0x28, 0x28, 0x28, 0x28, 0x28, 0x28, 0x28, 0x28, 0x28, 0x28, 0x28, 0x28, 0x28, 0x28, 0x28, 0x28, 0x28, 0x28, 0x28, 0x28, 0x28, 0x28, 0x28, 0x28, 0x28, 0x28, 0x28, 0x28, 0x28, 0x28, 0x28, 0x28, 0x28, 0x28, 0x28, 0x28, 0x28, 0x28, 0x28, 0x28, 0x28, 0x28, 0x28, 0x28, 0x28, 0x28, 0x28, 0x28, 0x28, 0x28, 0x28, 0x28, 0x28, 0x28, 0x28, 0x28, 0xc2, 0xac, 0x9e, 0x8f, 0x8e, 0x8e, 0x94, 0xaf, 0xc5, 0x28, 0x28, 0x28, 0x28, 0xae, 0x97, 0xb6, 0x28, 0x28, 0x28, 0x28, 0x28, 0x28, 0x28, 0x28, 0x28, 0x28, 0x28, 0x28, 0x28, 0x28, 0x28, 0x28, 0xc9, 0x9f, 0x90, 0xbe, 0x28, 0x28, 0x28, 0x28, 0x28, 0x28, 0x28, 0x28, 0x28, 0x28, 0x28, 0x28, 0x28, 0x28, 0x28, 0x28, 0x28, 0x28, 0x28, 0x28, 0x28, 0x28, 0x28, 0x28, 0x28, 0x28, 0x28, 0x28, 0x28, 0x28, 0x28, 0x28, 0x28, 0x28, 0x28, 0x28, 0x28, 0x28, 0x28, 0x28, 0x28, 0x28, 0x28, 0x28, 0x28, 0x28, 0x28, 0x28, 0x28, 0x28, 0x28, 0xad, 0x97, 0x97, 0x97, 0x97, 0x97, 0x97, 0xa5, 0xb2, 0xd0, 0x28, 0x28, 0x28, 0x28, 0x28, 0x28, 0x28, 0x28, 0x28, 0x28, 0x28, 0x28, 0x28, 0x28, 0x28, 0x28, 0x28, 0x28, 0x28, 0x28, 0x28, 0x28, 0x28, 0x28, 0x28, 0x28, 0x28, 0x28, 0x28, 0x28, 0x28, 0x28, 0x28, 0x28, 0x28, 0x28, 0x28, 0x28, 0x28, 0x28, 0x28, 0x28, 0x28, 0x28, 0x28, 0x28, 0x28, 0x28, 0x28, 0x28, 0x28, 0x28, 0x28, 0x28, 0x28, 0x28, 0x28, 0x28, 0x28, 0x28, 0x28, 0x28, 0x28, 0x28, 0x28, 0x28, 0x28, 0x28, 0x28, 0x28, 0x28, 0x28, 0x28, 0x28, 0x28, 0x28, 0x28, 0x28, 0x28, 0x28, 0x28, 0x28, 0x28, 0x28, 0x28, 0x28, 0x28, 0x28, 0x28, 0x28, 0x28, 0x28, 0x28, 0x28, 0x28, 0x28, 0x28, 0x28, 0x28, 0x28, 0x28, 0x28, 0x28, 0x28, 0x28, 0x28, 0x28, 0x28, 0x28, 0x28, 0x28, 
  0x28, 0x28, 0x28, 0x28, 0x28, 0x28, 0x28, 0x28, 0x28, 0x28, 0x28, 0x28, 0x28, 0x28, 0x28, 0x28, 0x28, 0x28, 0x28, 0x28, 0x28, 0x28, 0x28, 0x28, 0x28, 0x28, 0x28, 0x28, 0x28, 0x28, 0x28, 0x28, 0x28, 0x28, 0x28, 0x28, 0x28, 0x28, 0x28, 0x28, 0x28, 0x28, 0x28, 0x28, 0x28, 0xc2, 0x91, 0x8e, 0x8f, 0x8f, 0x8e, 0x91, 0xc7, 0x28, 0x28, 0x28, 0x28, 0x28, 0x28, 0x28, 0x28, 0x28, 0x28, 0x28, 0x28, 0xfb, 0x00, 0x00, 0x00, 0x02, 0xfa, 0x28, 0x25, 0x02, 0x00, 0x00, 0x10, 0x28, 0x28, 0x28, 0x26, 0x00, 0x00, 0x00, 0xed, 0x28, 0x28, 0x28, 0x28, 0x28, 0xcf, 0x00, 0x00, 0x02, 0x28, 0x28, 0x28, 0x0c, 0x00, 0x00, 0x00, 0x00, 0x00, 0x01, 0x04, 0xd9, 0xcb, 0x28, 0x28, 0x28, 0x28, 0x28, 0x28, 0x28, 0x28, 0x28, 0x28, 0x28, 0x28, 0x28, 0x28, 0x28, 0x28, 0x28, 0x28, 0x28, 0x28, 0x28, 0x28, 0x28, 0x28, 0x28, 0x28, 0x28, 0x28, 0x28, 0x28, 0x28, 0x28, 0x28, 0x28, 0x28, 0x28, 0x28, 0x28, 0x28, 0x28, 0x28, 0x28, 0x28, 0x28, 0x28, 0x28, 0x28, 0x28, 0xd0, 0x28, 0x28, 0x28, 0x1f, 0x00, 0x00, 0x00, 0x21, 0x28, 0x28, 0x28, 0x28, 0x28, 0x28, 0x28, 0xd0, 0x01, 0x00, 0x00, 0x0b, 0x28, 0x28, 0x20, 0x07, 0x00, 0x00, 0x00, 0x34, 0x28, 0x28, 0x28, 0x28, 0x28, 0x28, 0x28, 0x28, 0x28, 0x28, 0x28, 0x28, 0x28, 0xa3, 0x8e, 0x8f, 0x8e, 0x8e, 0x8f, 0xb6, 0x28, 0x28, 0x28, 0x28, 0x28, 0x28, 0x28, 0x28, 0x28, 0x28, 0x28, 0x28, 0x28, 0x28, 0x28, 0x28, 0x28, 0x28, 0x28, 0x28, 0x28, 0x28, 0x28, 0x28, 0x28, 0x28, 0x28, 0x28, 0x28, 0x28, 0x28, 0x28, 0x28, 0x28, 0x28, 0x28, 0x28, 0x28, 0x28, 0x28, 0x28, 0x28, 0x28, 0x28, 0x28, 0x28, 0x28, 0x28, 0x28, 0x28, 0x28, 0x28, 0x28, 0x28, 0x28, 0x28, 0x28, 0x28, 0x28, 0x28, 0x28, 0x28, 0x28, 0x28, 0x28, 0x28, 0x28, 0xb2, 0x8e, 0x8e, 0x8e, 0x8e, 0x8f, 0x8e, 0x8f, 0x8e, 0x90, 0xc0, 0x28, 0x28, 0x28, 0xa5, 0x8f, 0xae, 0x28, 0x28, 0x28, 0x28, 0x28, 0x28, 0x28, 0x28, 0x28, 0x28, 0x28, 0x28, 0x28, 0x28, 0x28, 0x28, 0xc0, 0x8e, 0x8f, 0xad, 0x28, 0x28, 0x28, 0x28, 0x28, 0x28, 0x28, 0x28, 0x28, 0x28, 0x28, 0x28, 0x28, 0xc8, 0xb9, 0xc7, 0x28, 0x28, 0x28, 0x28, 0x28, 0x28, 0x28, 0x28, 0x28, 0x28, 0x28, 0x28, 0x28, 0x28, 0x28, 0x28, 0x28, 0x28, 0x28, 0x28, 0x28, 0x28, 0x28, 0x28, 0x28, 0x28, 0x28, 0x28, 0x28, 0x28, 0x28, 0x28, 0x28, 0x28, 0x28, 0x9f, 0x8e, 0x8f, 0x8e, 0x8f, 0x8e, 0x8e, 0x8e, 0x8e, 0x97, 0xc2, 0x28, 0x28, 0x28, 0x28, 0x28, 0x28, 0x28, 0x28, 0x28, 0x28, 0x28, 0x28, 0x28, 0x28, 0x28, 0x28, 0x28, 0x28, 0x28, 0x28, 0x28, 0x28, 0x28, 0x28, 0x28, 0x28, 0x28, 0x28, 0x28, 0x28, 0x28, 0x28, 0x28, 0x28, 0x28, 0x28, 0x28, 0x28, 0x28, 0x28, 0x28, 0x28, 0x28, 0x28, 0x28, 0x28, 0x28, 0x28, 0x28, 0x28, 0x28, 0x28, 0x28, 0x28, 0x28, 0x28, 0x28, 0x28, 0x28, 0x28, 0x28, 0x28, 0x28, 0x28, 0x28, 0x28, 0x28, 0x28, 0x28, 0x28, 0x28, 0x28, 0x28, 0x28, 0x28, 0x28, 0x28, 0x28, 0x28, 0x28, 0x28, 0x28, 0x28, 0x28, 0x28, 0x28, 0x28, 0x28, 0x28, 0x28, 0x28, 0x28, 0x28, 0x28, 0x28, 0x28, 0x28, 0x28, 0x28, 0x28, 0x28, 0x28, 0x28, 0x28, 0x28, 0x28, 0x28, 0x28, 0x28, 0x28, 
  0x28, 0x28, 0x28, 0x28, 0x28, 0x28, 0x28, 0x28, 0x28, 0x28, 0x28, 0x28, 0x28, 0x28, 0x28, 0x28, 0x28, 0x28, 0x28, 0x28, 0x28, 0x28, 0x28, 0x28, 0x28, 0x28, 0x28, 0x28, 0x28, 0x28, 0x28, 0x28, 0x28, 0x28, 0x28, 0x28, 0x28, 0x28, 0x28, 0x28, 0x28, 0x28, 0x28, 0x28, 0x28, 0x28, 0xc7, 0xad, 0x8e, 0x8f, 0x8e, 0x8e, 0x8e, 0xaf, 0x28, 0x28, 0x28, 0x28, 0x28, 0x28, 0x28, 0x28, 0x28, 0x28, 0x28, 0x28, 0xf0, 0xf6, 0x00, 0x00, 0x00, 0x00, 0x00, 0x00, 0x00, 0x00, 0xcc, 0x28, 0x28, 0x28, 0xe9, 0x00, 0x00, 0x03, 0x28, 0x28, 0x28, 0x28, 0x28, 0x28, 0xcc, 0x00, 0x00, 0x02, 0x28, 0x28, 0x28, 0x26, 0xef, 0xec, 0xd9, 0x03, 0x00, 0x00, 0x00, 0x00, 0x00, 0x00, 0x03, 0x1f, 0x28, 0x28, 0xec, 0xf9, 0xcb, 0x28, 0x28, 0x28, 0x28, 0x28, 0x28, 0x28, 0x28, 0x28, 0x28, 0x28, 0x28, 0x28, 0x28, 0x28, 0x28, 0x28, 0x28, 0x28, 0x28, 0x28, 0x26, 0xdc, 0x04, 0x01, 0x00, 0x00, 0x03, 0x0a, 0x25, 0x28, 0x28, 0x28, 0x28, 0x28, 0x28, 0x28, 0x28, 0x28, 0x28, 0x28, 0x28, 0x28, 0x28, 0x28, 0x0c, 0x00, 0x00, 0x2f, 0x28, 0x28, 0x28, 0x28, 0x28, 0x28, 0x28, 0x28, 0x26, 0x00, 0x00, 0x00, 0x10, 0x0a, 0x00, 0x00, 0x00, 0x7d, 0xef, 0x28, 0x28, 0x28, 0x28, 0x28, 0x28, 0x28, 0x28, 0x28, 0x28, 0x28, 0x28, 0xbd, 0x91, 0x8e, 0x8e, 0x8e, 0x8f, 0x97, 0xc1, 0x28, 0x28, 0x28, 0x28, 0x28, 0x28, 0x28, 0x28, 0x28, 0x28, 0x28, 0x28, 0x28, 0x28, 0x28, 0x28, 0x28, 0x28, 0x28, 0x28, 0x28, 0x28, 0x28, 0x28, 0x28, 0x28, 0x28, 0x28, 0x28, 0x28, 0x28, 0x28, 0x28, 0x28, 0x28, 0x28, 0x28, 0x28, 0x28, 0x28, 0x28, 0x28, 0x28, 0x28, 0x28, 0x28, 0x28, 0x28, 0x28, 0x28, 0x28, 0x28, 0x28, 0x28, 0x28, 0x28, 0x28, 0x28, 0x28, 0x28, 0x28, 0x28, 0x28, 0x28, 0x28, 0x28, 0x28, 0xa6, 0x8e, 0x8f, 0x8f, 0xae, 0xb9, 0xbd, 0xb2, 0x9f, 0x8e, 0x8e, 0x8f, 0xbf, 0x28, 0x28, 0xa5, 0x8e, 0xae, 0x28, 0x28, 0x28, 0x28, 0x28, 0x28, 0x28, 0x28, 0x28, 0x28, 0x28, 0x28, 0x28, 0x28, 0x28, 0x28, 0x28, 0xaa, 0x9e, 0xc1, 0x28, 0x28, 0x28, 0x28, 0x28, 0x28, 0x28, 0x28, 0x28, 0x28, 0x28, 0x28, 0x28, 0x8f, 0x8e, 0xc0, 0x28, 0x28, 0x28, 0x28, 0x28, 0x28, 0x28, 0x28, 0x28, 0x28, 0x28, 0x28, 0x28, 0x28, 0x28, 0x28, 0x28, 0x28, 0x28, 0x28, 0x28, 0x28, 0x28, 0x28, 0x28, 0x28, 0x28, 0x28, 0x28, 0x28, 0x28, 0x28, 0x28, 0x28, 0x28, 0xa0, 0x8f, 0x9c, 0xb8, 0xb7, 0xb8, 0xb6, 0xaa, 0x8e, 0x8e, 0x9a, 0x28, 0x28, 0x28, 0x28, 0x28, 0x28, 0x28, 0x28, 0x28, 0x28, 0x28, 0x28, 0x28, 0x28, 0x28, 0x28, 0x28, 0x28, 0x28, 0x28, 0x28, 0x28, 0x28, 0x28, 0x28, 0x28, 0x28, 0x28, 0x28, 0x28, 0x28, 0x28, 0x28, 0x28, 0x28, 0x28, 0x28, 0x28, 0x28, 0x28, 0x28, 0x28, 0x28, 0x28, 0x28, 0x28, 0x28, 0x28, 0x28, 0x28, 0x28, 0x28, 0x28, 0x28, 0x28, 0x28, 0x28, 0x28, 0x28, 0x28, 0x28, 0x28, 0x28, 0x28, 0x28, 0x28, 0x28, 0x28, 0x28, 0x28, 0x28, 0x28, 0x28, 0x28, 0x28, 0x28, 0x28, 0x28, 0x28, 0x28, 0x28, 0x28, 0x28, 0x28, 0x28, 0x28, 0x28, 0x28, 0x28, 0x28, 0x28, 0x28, 0x28, 0x28, 0x28, 0x28, 0x28, 0x28, 0x28, 0x28, 0x28, 0x28, 0x28, 0x28, 0x28, 0x28, 0x28, 0x28, 0x28, 0x28, 
  0x28, 0x28, 0x28, 0x28, 0x28, 0x28, 0x28, 0x28, 0x28, 0x28, 0x28, 0x28, 0x28, 0x28, 0x28, 0x28, 0x28, 0x28, 0x28, 0x28, 0x28, 0x28, 0x28, 0x28, 0x28, 0x28, 0x28, 0x28, 0x28, 0x28, 0x28, 0x28, 0x28, 0x28, 0x28, 0x28, 0x28, 0x28, 0x28, 0x28, 0x28, 0x28, 0x28, 0x28, 0x28, 0x28, 0x28, 0x28, 0xad, 0x8e, 0x8f, 0x8e, 0x8f, 0x8f, 0xa3, 0xc7, 0x28, 0x28, 0x28, 0x28, 0x28, 0x28, 0x28, 0x28, 0x28, 0x28, 0x28, 0x28, 0xcf, 0x29, 0x00, 0x00, 0x00, 0x00, 0x00, 0x19, 0x28, 0x28, 0x28, 0x28, 0xff, 0x00, 0x00, 0x06, 0x28, 0x28, 0x28, 0x28, 0x28, 0x28, 0xfc, 0x00, 0x00, 0x03, 0x28, 0x28, 0x28, 0x28, 0x28, 0x28, 0x28, 0xf8, 0x00, 0x00, 0x06, 0x03, 0x00, 0x00, 0x00, 0x25, 0x28, 0x28, 0xe2, 0x00, 0x00, 0x7d, 0x28, 0x28, 0x28, 0x28, 0x28, 0x28, 0xcd, 0xfd, 0x04, 0x01, 0x03, 0x0a, 0xe5, 0xc9, 0x28, 0x28, 0x28, 0x28, 0x28, 0x1f, 0x04, 0x00, 0x00, 0x00, 0x00, 0x00, 0x00, 0x00, 0x05, 0x28, 0x28, 0x28, 0x28, 0x28, 0x28, 0x28, 0x28, 0x28, 0x28, 0x28, 0x28, 0x28, 0x28, 0x28, 0x23, 0x00, 0x00, 0x00, 0x1e, 0x28, 0x28, 0x28, 0x28, 0x28, 0x28, 0x28, 0x28, 0xdb, 0x00, 0x00, 0x00, 0x00, 0x00, 0x02, 0x1e, 0x28, 0x28, 0x28, 0x28, 0x28, 0x28, 0x28, 0x28, 0x28, 0x28, 0x28, 0x28, 0x28, 0xb4, 0x8e, 0x8e, 0x8f, 0x8f, 0x8e, 0x9b, 0xc5, 0x28, 0x28, 0x28, 0x28, 0x28, 0x28, 0x28, 0x28, 0x28, 0x28, 0x28, 0x28, 0x28, 0x28, 0x28, 0x28, 0x28, 0x28, 0x28, 0x28, 0x28, 0x28, 0x28, 0x28, 0x28, 0x28, 0x28, 0x28, 0x28, 0x28, 0x28, 0x28, 0x28, 0x28, 0x28, 0x28, 0x28, 0x28, 0x28, 0x28, 0x28, 0x28, 0x28, 0x28, 0x28, 0x28, 0x28, 0x28, 0x28, 0x28, 0x28, 0x28, 0x28, 0x28, 0x28, 0x28, 0x28, 0x28, 0x28, 0x28, 0x28, 0x28, 0x28, 0x28, 0x28, 0x28, 0x28, 0xba, 0x8e, 0x8f, 0xa0, 0xc6, 0x28, 0x28, 0x28, 0x28, 0x28, 0xbe, 0x8f, 0x8f, 0x8f, 0xc2, 0x28, 0xa5, 0x8f, 0xae, 0x28, 0x28, 0x28, 0x28, 0x28, 0x28, 0x28, 0x28, 0x28, 0x28, 0x28, 0x28, 0x28, 0x28, 0x28, 0x28, 0x28, 0x28, 0x28, 0x28, 0x28, 0x28, 0x28, 0x28, 0x28, 0x28, 0x28, 0x28, 0x28, 0x28, 0x28, 0x28, 0x28, 0x8e, 0x8f, 0xc0, 0x28, 0x28, 0x28, 0x28, 0x28, 0x28, 0x28, 0x28, 0x28, 0x28, 0x28, 0x28, 0x28, 0x28, 0x28, 0x28, 0x28, 0x28, 0x28, 0x28, 0x28, 0x28, 0x28, 0x28, 0x28, 0x28, 0x28, 0x28, 0x28, 0x28, 0x28, 0x28, 0x28, 0x28, 0x28, 0xa0, 0x8e, 0xaa, 0x28, 0x28, 0x28, 0x28, 0x28, 0xb8, 0x8e, 0x8f, 0xba, 0x28, 0x28, 0x28, 0x28, 0x28, 0x28, 0x28, 0x28, 0x28, 0x28, 0x28, 0x28, 0x28, 0x28, 0x28, 0x28, 0x28, 0x28, 0x28, 0x28, 0x28, 0x28, 0x28, 0x28, 0x28, 0x28, 0x28, 0x28, 0x28, 0x28, 0x28, 0x28, 0x28, 0x28, 0x28, 0x28, 0x28, 0x28, 0x28, 0x28, 0x28, 0x28, 0x28, 0x28, 0x28, 0x28, 0x28, 0x28, 0x28, 0x28, 0x28, 0x28, 0x28, 0x28, 0x28, 0x28, 0x28, 0x28, 0x28, 0x28, 0x28, 0x28, 0x28, 0x28, 0x28, 0x28, 0x28, 0x28, 0x28, 0x28, 0x28, 0x28, 0x28, 0x28, 0x28, 0x28, 0x28, 0x28, 0x28, 0x28, 0x28, 0x28, 0x28, 0x28, 0x28, 0x28, 0x28, 0x28, 0x28, 0x28, 0x28, 0x28, 0x28, 0x28, 0x28, 0x28, 0x28, 0x28, 0x28, 0x28, 0x28, 0x28, 0x28, 0x28, 0x28, 0x28, 0x28, 0x28, 0x28, 
  0x28, 0x28, 0x28, 0x28, 0x28, 0x28, 0x28, 0x28, 0x28, 0x28, 0x28, 0x28, 0x28, 0x28, 0x28, 0x28, 0x28, 0x28, 0x28, 0x28, 0x28, 0x28, 0x28, 0x28, 0x28, 0x28, 0x28, 0x28, 0x28, 0x28, 0x28, 0x28, 0x28, 0x28, 0x28, 0x28, 0x28, 0x28, 0x28, 0x28, 0x28, 0x28, 0x28, 0x28, 0x28, 0x28, 0x28, 0x28, 0xc9, 0xb9, 0x8e, 0x8f, 0x8e, 0x8f, 0x8e, 0x97, 0xbd, 0x28, 0x28, 0x28, 0x28, 0x28, 0x28, 0x28, 0x28, 0x28, 0x28, 0x28, 0x28, 0x28, 0x1b, 0xe5, 0x32, 0xdf, 0xed, 0x28, 0x28, 0x28, 0x28, 0x28, 0x01, 0x00, 0x00, 0x17, 0x28, 0x28, 0x28, 0x28, 0x28, 0x28, 0x2f, 0x00, 0x00, 0x2f, 0x28, 0x28, 0x28, 0x28, 0x28, 0x28, 0x28, 0x0b, 0x00, 0x00, 0xea, 0x28, 0x1e, 0x18, 0xf8, 0x28, 0x28, 0x28, 0xfe, 0x00, 0x00, 0xf4, 0x28, 0x28, 0x28, 0x28, 0x28, 0x14, 0x02, 0x00, 0x00, 0x00, 0x00, 0x00, 0x00, 0x29, 0x25, 0x28, 0x28, 0x28, 0x28, 0x0d, 0x00, 0x00, 0x09, 0xeb, 0x18, 0xf3, 0x02, 0x00, 0x00, 0x14, 0x28, 0x28, 0x28, 0x28, 0x28, 0x28, 0x28, 0x28, 0x28, 0x28, 0x28, 0x28, 0x28, 0x28, 0xd0, 0x01, 0x00, 0x00, 0xf9, 0x28, 0x28, 0x28, 0x28, 0x28, 0x28, 0x28, 0x28, 0x28, 0x02, 0x00, 0x00, 0x02, 0xf2, 0x24, 0x28, 0x28, 0x28, 0x28, 0x28, 0x28, 0x28, 0x28, 0x28, 0x28, 0x28, 0x28, 0xc7, 0xa0, 0x8e, 0x8e, 0x8f, 0x8e, 0x8e, 0xac, 0xc5, 0x28, 0x28, 0x28, 0x28, 0x28, 0x28, 0x28, 0x28, 0x28, 0x28, 0x28, 0x28, 0x28, 0x28, 0x28, 0x28, 0x28, 0x28, 0x28, 0x28, 0x28, 0x28, 0x28, 0x28, 0x28, 0x28, 0x28, 0x28, 0x28, 0x28, 0x28, 0x28, 0x28, 0x28, 0x28, 0x28, 0x28, 0x28, 0x28, 0x28, 0x28, 0x28, 0x28, 0x28, 0x28, 0x28, 0x28, 0x28, 0x28, 0x28, 0x28, 0x28, 0x28, 0x28, 0x28, 0x28, 0x28, 0x28, 0x28, 0x28, 0x28, 0x28, 0x28, 0x28, 0x28, 0x28, 0x28, 0xc6, 0x90, 0x8e, 0x9a, 0x28, 0x28, 0x28, 0x28, 0x28, 0x28, 0x28, 0x28, 0xbd, 0x90, 0xb7, 0xc9, 0x28, 0xa5, 0x8e, 0xae, 0xc6, 0xb9, 0xad, 0xac, 0xb6, 0xc7, 0x28, 0x28, 0x28, 0xc7, 0xb8, 0xb8, 0x28, 0xc2, 0xb7, 0xbd, 0x28, 0xba, 0xb8, 0xc5, 0x28, 0x28, 0x28, 0xc5, 0xb1, 0xaa, 0xae, 0xbc, 0xc7, 0x28, 0xc7, 0xb8, 0xb8, 0x8f, 0x8e, 0xaf, 0xb8, 0xb8, 0xc7, 0x28, 0x28, 0x28, 0xc1, 0xb6, 0xaa, 0xad, 0xb7, 0xc2, 0x28, 0x28, 0x28, 0x28, 0xc7, 0xb8, 0xb8, 0x28, 0xbe, 0xb2, 0xaa, 0xaf, 0xbd, 0x28, 0x28, 0x28, 0x28, 0x28, 0x28, 0x28, 0x28, 0x28, 0x28, 0xa0, 0x8e, 0xaa, 0x28, 0x28, 0x28, 0x28, 0x28, 0x28, 0x91, 0x8e, 0xaf, 0x28, 0x28, 0x28, 0x28, 0x28, 0x28, 0x28, 0x28, 0x28, 0x28, 0x28, 0x28, 0x28, 0x28, 0x28, 0x28, 0x28, 0x28, 0x28, 0x28, 0x28, 0x28, 0x28, 0x28, 0x28, 0x28, 0x28, 0x28, 0x28, 0x28, 0x28, 0x28, 0x28, 0x28, 0x28, 0x28, 0x28, 0x28, 0x28, 0x28, 0x28, 0x28, 0x28, 0x28, 0x28, 0x28, 0x28, 0x28, 0x28, 0x28, 0x28, 0x28, 0x28, 0x28, 0x28, 0x28, 0x28, 0x28, 0x28, 0x28, 0x28, 0x28, 0x28, 0x28, 0x28, 0x28, 0x28, 0x28, 0x28, 0x28, 0x28, 0x28, 0x28, 0x28, 0x28, 0x28, 0x28, 0x28, 0x28, 0x28, 0x28, 0x28, 0x28, 0x28, 0x28, 0x28, 0x28, 0x28, 0x28, 0x28, 0x28, 0x28, 0x28, 0x28, 0x28, 0x28, 0x28, 0x28, 0x28, 0x28, 0x28, 0x28, 0x28, 0x28, 0x28, 0x28, 0x28, 0x28, 0x28, 
  0x28, 0x28, 0x28, 0x28, 0x28, 0x28, 0x28, 0x28, 0x28, 0x28, 0x28, 0x28, 0x28, 0x28, 0x28, 0x28, 0x28, 0x28, 0x28, 0x28, 0x28, 0x28, 0x28, 0x28, 0x28, 0x28, 0x28, 0x28, 0x28, 0x28, 0x28, 0x28, 0x28, 0x28, 0x28, 0x28, 0x28, 0x28, 0x28, 0x28, 0x28, 0x28, 0x28, 0x28, 0x28, 0x28, 0x28, 0x28, 0x28, 0x28, 0xc1, 0x91, 0x8e, 0x8e, 0x8e, 0x8e, 0x8f, 0xae, 0xc6, 0x28, 0x28, 0x28, 0x28, 0x28, 0x28, 0x28, 0x28, 0x28, 0x28, 0x28, 0x28, 0x28, 0x28, 0x28, 0x28, 0x28, 0x28, 0x28, 0x28, 0x28, 0x00, 0x00, 0x01, 0x28, 0x28, 0x28, 0x28, 0x28, 0x28, 0xcb, 0x00, 0x00, 0x00, 0x22, 0x28, 0x28, 0x28, 0x28, 0x28, 0x28, 0x21, 0x01, 0x00, 0x00, 0xc9, 0x28, 0x28, 0x28, 0x28, 0x28, 0x28, 0x28, 0x0b, 0x00, 0x00, 0xcb, 0x28, 0x28, 0x28, 0x28, 0xf3, 0x00, 0x00, 0x01, 0x0e, 0xe5, 0xf8, 0x02, 0x00, 0x00, 0x0a, 0xd0, 0x28, 0x28, 0xcc, 0x00, 0x00, 0x03, 0x28, 0x28, 0x28, 0x28, 0xf3, 0x00, 0x09, 0x12, 0x28, 0x28, 0x28, 0x28, 0x28, 0x28, 0x28, 0x28, 0x28, 0x28, 0x28, 0x28, 0x28, 0x28, 0x28, 0xec, 0x00, 0x00, 0x03, 0x25, 0x28, 0x28, 0x28, 0x28, 0x28, 0x28, 0x28, 0x28, 0xe1, 0x01, 0x0f, 0xcc, 0x28, 0x28, 0x28, 0x28, 0x28, 0x28, 0x28, 0x28, 0x28, 0x28, 0x28, 0x28, 0xc9, 0xb7, 0x94, 0x8f, 0x8e, 0x8f, 0x8e, 0x8f, 0xba, 0x28, 0x28, 0x28, 0x28, 0x28, 0x28, 0x28, 0x28, 0x28, 0x28, 0x28, 0x28, 0x28, 0x28, 0x28, 0x28, 0x28, 0x28, 0x28, 0x28, 0x28, 0x28, 0x28, 0x28, 0x28, 0x28, 0x28, 0x28, 0x28, 0x28, 0x28, 0x28, 0x28, 0x28, 0x28, 0x28, 0x28, 0x28, 0x28, 0x28, 0x28, 0x28, 0x28, 0x28, 0x28, 0x28, 0x28, 0x28, 0x28, 0x28, 0x28, 0x28, 0x28, 0x28, 0x28, 0x28, 0x28, 0x28, 0x28, 0x28, 0x28, 0x28, 0x28, 0x28, 0x28, 0x28, 0x28, 0x28, 0x28, 0xba, 0x8e, 0x8f, 0xc0, 0x28, 0x28, 0x28, 0x28, 0x28, 0x28, 0x28, 0x28, 0x28, 0x28, 0x28, 0x28, 0x28, 0xa5, 0x8f, 0xa6, 0x94, 0x8e, 0x8e, 0x8f, 0x8e, 0x93, 0xbf, 0x28, 0x28, 0xc1, 0x8e, 0x8f, 0xb7, 0x8f, 0x8e, 0xb1, 0x28, 0x90, 0x8e, 0xbc, 0x28, 0x28, 0xbe, 0x8f, 0x8e, 0x8e, 0x8e, 0x8e, 0x97, 0xc6, 0xbf, 0x8e, 0x8e, 0x8e, 0x8f, 0x8e, 0x8f, 0x8e, 0xc2, 0x28, 0xc9, 0xae, 0x8e, 0x8e, 0x8e, 0x8f, 0x8e, 0x8f, 0xb2, 0x28, 0x28, 0x28, 0xc1, 0x8e, 0x8f, 0xaf, 0x8e, 0x8e, 0x8e, 0x8e, 0x8e, 0xad, 0x28, 0x28, 0x28, 0x28, 0x28, 0x28, 0x28, 0x28, 0x28, 0xa0, 0x8e, 0xaa, 0x28, 0x28, 0x28, 0x28, 0x28, 0x28, 0x97, 0x8e, 0xad, 0x28, 0x28, 0x28, 0x28, 0x28, 0x28, 0x28, 0x28, 0x28, 0x28, 0x28, 0x28, 0x28, 0x28, 0x28, 0x28, 0x28, 0x28, 0x28, 0x28, 0x28, 0x28, 0x28, 0x28, 0x28, 0x28, 0x28, 0x28, 0x28, 0x28, 0x28, 0x28, 0x28, 0x28, 0x28, 0x28, 0x28, 0x28, 0x28, 0x28, 0x28, 0x28, 0x28, 0x28, 0x28, 0x28, 0x28, 0x28, 0x28, 0x28, 0x28, 0x28, 0x28, 0x28, 0x28, 0x28, 0x28, 0x28, 0x28, 0x28, 0x28, 0x28, 0x28, 0x28, 0x28, 0x28, 0x28, 0x28, 0x28, 0x28, 0x28, 0x28, 0x28, 0x28, 0x28, 0x28, 0x28, 0x28, 0x28, 0x28, 0x28, 0x28, 0x28, 0x28, 0x28, 0x28, 0x28, 0x28, 0x28, 0x28, 0x28, 0x28, 0x28, 0x28, 0x28, 0x28, 0x28, 0x28, 0x28, 0x28, 0x28, 0x28, 0x28, 0x28, 0x28, 0x28, 0x28, 0x28, 0x28, 
  0x28, 0x28, 0x28, 0x28, 0x28, 0x28, 0x28, 0x28, 0x28, 0x28, 0x28, 0x28, 0x28, 0x28, 0x28, 0x28, 0x28, 0x28, 0x28, 0x28, 0x28, 0x28, 0x28, 0x28, 0x28, 0x28, 0x28, 0x28, 0x28, 0x28, 0x28, 0x28, 0x28, 0x28, 0x28, 0x28, 0x28, 0x28, 0x28, 0x28, 0x28, 0x28, 0x28, 0x28, 0x28, 0x28, 0x28, 0x28, 0x28, 0x28, 0x28, 0xc9, 0xa5, 0x8e, 0x8e, 0x8f, 0x8f, 0x8f, 0x9e, 0xbd, 0x28, 0x28, 0x28, 0x28, 0x28, 0x28, 0x28, 0x28, 0x28, 0x28, 0x28, 0x28, 0x28, 0x28, 0x28, 0x28, 0x28, 0x28, 0x28, 0x28, 0x03, 0x00, 0x01, 0x26, 0x28, 0x28, 0x28, 0x28, 0x28, 0xe4, 0x00, 0x00, 0x05, 0x28, 0x28, 0x28, 0x28, 0x28, 0x28, 0x28, 0xf4, 0x00, 0x00, 0x03, 0x28, 0x28, 0x28, 0x28, 0x28, 0x28, 0x28, 0x28, 0x03, 0x00, 0x01, 0x28, 0x28, 0x28, 0x28, 0x28, 0x04, 0x00, 0x00, 0xf4, 0x28, 0x28, 0x28, 0xcf, 0x00, 0x00, 0x00, 0x54, 0x28, 0x28, 0xd1, 0x00, 0x00, 0x04, 0x28, 0x28, 0x28, 0x28, 0x26, 0xf0, 0x28, 0x28, 0x28, 0x28, 0x28, 0x28, 0x28, 0x28, 0x28, 0x28, 0x28, 0x28, 0x28, 0x28, 0x28, 0x28, 0x28, 0x28, 0x02, 0x00, 0x00, 0xeb, 0x28, 0x28, 0x28, 0x28, 0x28, 0x28, 0x28, 0x28, 0x28, 0x21, 0x28, 0x28, 0x28, 0x28, 0x28, 0x28, 0x28, 0x28, 0x28, 0x28, 0x28, 0x28, 0x28, 0xc5, 0xae, 0x8e, 0x8f, 0x8e, 0x8f, 0x8e, 0x91, 0xbc, 0x28, 0x28, 0x28, 0x28, 0x28, 0x28, 0x28, 0x28, 0x28, 0x28, 0x28, 0x28, 0x28, 0x28, 0x28, 0x28, 0x28, 0x28, 0x28, 0x28, 0x28, 0x28, 0x28, 0x28, 0x28, 0x28, 0x28, 0x28, 0x28, 0x28, 0x28, 0x28, 0x28, 0x28, 0x28, 0x28, 0x28, 0x28, 0x28, 0x28, 0x28, 0x28, 0x28, 0x28, 0x28, 0x28, 0x28, 0x28, 0x28, 0x28, 0x28, 0x28, 0x28, 0x28, 0x28, 0x28, 0x28, 0x28, 0x28, 0x28, 0x28, 0x28, 0x28, 0x28, 0x28, 0x28, 0x28, 0x28, 0x28, 0x28, 0xae, 0x8e, 0x97, 0x28, 0x28, 0x28, 0x28, 0x28, 0x28, 0x28, 0x28, 0x28, 0x28, 0x28, 0x28, 0x28, 0x28, 0xa5, 0x8e, 0x8e, 0x8e, 0xa0, 0xae, 0x97, 0x8e, 0x8f, 0x97, 0x28, 0x28, 0xc1, 0x8f, 0x8e, 0x8e, 0x8e, 0x8f, 0xb8, 0x28, 0x90, 0x8e, 0xbc, 0x28, 0x28, 0x9c, 0x8e, 0x91, 0xae, 0xac, 0x90, 0x8f, 0x9c, 0xc1, 0x9e, 0x9e, 0x8f, 0x8e, 0x97, 0x9e, 0x9e, 0xc6, 0x28, 0xa5, 0x8e, 0x8f, 0x94, 0xaa, 0xaa, 0x91, 0x8f, 0x8e, 0xae, 0x28, 0x28, 0xc1, 0x8e, 0x8e, 0x8e, 0x91, 0xac, 0xa9, 0x8e, 0x8f, 0x8e, 0xba, 0x28, 0x28, 0x28, 0x28, 0x28, 0x28, 0x28, 0x28, 0xa0, 0x8f, 0xaa, 0x28, 0x28, 0x28, 0x28, 0x28, 0xc0, 0x8e, 0x8f, 0xb6, 0x28, 0x28, 0x28, 0x28, 0x28, 0x28, 0x28, 0x28, 0x28, 0x28, 0x28, 0x28, 0x28, 0x28, 0x28, 0x28, 0x28, 0x28, 0x28, 0x28, 0x28, 0x28, 0x28, 0x28, 0x28, 0x28, 0x28, 0x28, 0x28, 0x28, 0x28, 0x28, 0x28, 0x28, 0x28, 0x28, 0x28, 0x28, 0x28, 0x28, 0x28, 0x28, 0x28, 0x28, 0x28, 0x28, 0x28, 0x28, 0x28, 0x28, 0x28, 0x28, 0x28, 0x28, 0x28, 0x28, 0x28, 0x28, 0x28, 0x28, 0x28, 0x28, 0x28, 0x28, 0x28, 0x28, 0x28, 0x28, 0x28, 0x28, 0x28, 0x28, 0x28, 0x28, 0x28, 0x28, 0x28, 0x28, 0x28, 0x28, 0x28, 0x28, 0x28, 0x28, 0x28, 0x28, 0x28, 0x28, 0x28, 0x28, 0x28, 0x28, 0x28, 0x28, 0x28, 0x28, 0x28, 0x28, 0x28, 0x28, 0x28, 0x28, 0x28, 0x28, 0x28, 0x28, 0x28, 0x28, 0x28, 
  0x28, 0x28, 0x28, 0x28, 0x28, 0x28, 0x28, 0x28, 0x28, 0x28, 0x28, 0x28, 0x28, 0x28, 0x28, 0x28, 0x28, 0x28, 0x28, 0x28, 0x28, 0x28, 0x28, 0x28, 0x28, 0x28, 0x28, 0x28, 0x28, 0x28, 0x28, 0x28, 0x28, 0x28, 0x28, 0x28, 0x28, 0x28, 0x28, 0x28, 0x28, 0x28, 0x28, 0x28, 0x28, 0x28, 0x28, 0x28, 0x28, 0x28, 0x28, 0x28, 0x28, 0xae, 0x91, 0x8e, 0x8e, 0x8e, 0x8e, 0x90, 0xba, 0xc6, 0x28, 0x28, 0x28, 0x28, 0x28, 0x28, 0x28, 0x28, 0x28, 0x28, 0x28, 0x28, 0x28, 0x28, 0x28, 0x28, 0x28, 0x28, 0x0f, 0x00, 0x00, 0x0f, 0x28, 0x28, 0x28, 0x28, 0x21, 0x08, 0x00, 0x00, 0x34, 0x28, 0x28, 0x28, 0x28, 0x28, 0x28, 0x28, 0x0e, 0x00, 0x00, 0x29, 0x28, 0x28, 0x28, 0x28, 0x28, 0x28, 0x28, 0xcf, 0x00, 0x00, 0x03, 0x28, 0x28, 0x28, 0x28, 0xd0, 0x00, 0x00, 0x02, 0xcf, 0x28, 0x28, 0x28, 0x28, 0x03, 0x00, 0x00, 0xf2, 0x28, 0x28, 0xcd, 0x01, 0x00, 0x02, 0x1a, 0x21, 0xd0, 0x28, 0x28, 0x28, 0x28, 0x28, 0x28, 0x28, 0x28, 0x28, 0x28, 0x28, 0x28, 0x28, 0x28, 0x28, 0x28, 0x28, 0x28, 0x28, 0x28, 0x28, 0x07, 0x00, 0x00, 0xf8, 0x28, 0x28, 0x28, 0x28, 0x28, 0x28, 0x28, 0x28, 0x28, 0x28, 0x28, 0x28, 0x28, 0x28, 0x28, 0x28, 0x28, 0x28, 0x28, 0x28, 0x28, 0xc9, 0xbf, 0x9c, 0x8e, 0x8f, 0x8e, 0x8f, 0x8e, 0xa1, 0xc8, 0x28, 0x28, 0x28, 0x28, 0x28, 0x28, 0x28, 0x28, 0x28, 0x28, 0x28, 0x28, 0x28, 0x28, 0x28, 0x28, 0x28, 0x28, 0x28, 0x28, 0x28, 0x28, 0x28, 0x28, 0x28, 0x28, 0x28, 0x28, 0x28, 0x28, 0x28, 0x28, 0x28, 0x28, 0x28, 0x28, 0x28, 0x28, 0x28, 0x28, 0x28, 0x28, 0x28, 0x28, 0x28, 0x28, 0x28, 0x28, 0x28, 0x28, 0x28, 0x28, 0x28, 0x28, 0x28, 0x28, 0x28, 0x28, 0x28, 0x28, 0x28, 0x28, 0x28, 0x28, 0x28, 0x28, 0x28, 0x28, 0x28, 0x28, 0x28, 0xa3, 0x8e, 0xa6, 0x28, 0x28, 0x28, 0x28, 0x28, 0x28, 0x28, 0x28, 0x28, 0x28, 0x28, 0x28, 0x28, 0x28, 0xa5, 0x8f, 0x8e, 0xb7, 0x28, 0x28, 0x28, 0xb6, 0x8e, 0x8e, 0xbe, 0x28, 0xc1, 0x8f, 0x8f, 0x8f, 0xbb, 0xd0, 0x28, 0x28, 0x90, 0x8e, 0xbc, 0x28, 0xc0, 0x8e, 0x8e, 0xbc, 0x28, 0x28, 0xbf, 0xa0, 0xc0, 0x28, 0x28, 0x28, 0x8e, 0x8e, 0xc0, 0x28, 0x28, 0x28, 0xba, 0x8e, 0x8f, 0xaf, 0x28, 0x28, 0x28, 0xc9, 0xaa, 0x8f, 0x8e, 0xbe, 0x28, 0xc1, 0x8e, 0x8f, 0x97, 0xc8, 0x28, 0x28, 0xc7, 0x91, 0x8e, 0xa1, 0x28, 0x28, 0x28, 0x28, 0x28, 0x28, 0x28, 0x28, 0xa0, 0x8e, 0xa6, 0xc6, 0xc6, 0xc6, 0xc5, 0xba, 0x90, 0x8f, 0x8f, 0xd0, 0x28, 0x28, 0x28, 0x28, 0x28, 0x28, 0x28, 0x28, 0x28, 0x28, 0x28, 0x28, 0x28, 0x28, 0x28, 0x28, 0x28, 0x28, 0x28, 0x28, 0x28, 0x28, 0x28, 0x28, 0x28, 0x28, 0x28, 0x28, 0x28, 0x28, 0x28, 0x28, 0x28, 0x28, 0x28, 0x28, 0x28, 0x28, 0x28, 0x28, 0x28, 0x28, 0x28, 0x28, 0x28, 0x28, 0x28, 0x28, 0x28, 0x28, 0x28, 0x28, 0x28, 0x28, 0x28, 0x28, 0x28, 0x28, 0x28, 0x28, 0x28, 0x28, 0x28, 0x28, 0x28, 0x28, 0x28, 0x28, 0x28, 0x28, 0x28, 0x28, 0x28, 0x28, 0x28, 0x28, 0x28, 0x28, 0x28, 0x28, 0x28, 0x28, 0x28, 0x28, 0x28, 0x28, 0x28, 0x28, 0x28, 0x28, 0x28, 0x28, 0x28, 0x28, 0x28, 0x28, 0x28, 0x28, 0x28, 0x28, 0x28, 0x28, 0x28, 0x28, 0x28, 0x28, 0x28, 0x28, 0x28, 
  0x28, 0x28, 0x28, 0x28, 0x28, 0x28, 0x28, 0x28, 0x28, 0x28, 0x28, 0x28, 0x28, 0x28, 0x28, 0x28, 0x28, 0x28, 0x28, 0x28, 0x28, 0x28, 0x28, 0x28, 0x28, 0x28, 0x28, 0x28, 0x28, 0x28, 0x28, 0x28, 0x28, 0x28, 0x28, 0x28, 0x28, 0x28, 0x28, 0x28, 0x28, 0x28, 0x28, 0x28, 0x28, 0x28, 0x28, 0x28, 0x28, 0x28, 0x28, 0x28, 0x28, 0x28, 0xc6, 0x9c, 0x8e, 0x8f, 0x8f, 0x8f, 0x8e, 0x90, 0xc0, 0x28, 0x28, 0x28, 0x28, 0x28, 0x28, 0x28, 0x28, 0x28, 0x28, 0x28, 0x28, 0x28, 0x28, 0x28, 0x28, 0x28, 0x21, 0x00, 0x00, 0x00, 0xea, 0x22, 0x24, 0xcb, 0x04, 0x00, 0x00, 0x02, 0x28, 0x28, 0x28, 0x28, 0x28, 0x28, 0x28, 0x28, 0x0b, 0x00, 0x00, 0xf6, 0x28, 0x28, 0x28, 0x28, 0x28, 0x28, 0x28, 0xed, 0x00, 0x00, 0x06, 0x28, 0x28, 0x28, 0x28, 0xec, 0x00, 0x00, 0xfd, 0x28, 0x28, 0x28, 0x28, 0x28, 0xee, 0x1a, 0x1b, 0x21, 0x28, 0x28, 0x28, 0x33, 0x00, 0x00, 0x00, 0x00, 0x01, 0x7d, 0xe8, 0xcd, 0x26, 0x28, 0x28, 0x28, 0x28, 0x28, 0x28, 0x28, 0x28, 0x28, 0x28, 0x28, 0x28, 0x28, 0x28, 0x28, 0x28, 0x28, 0x1f, 0x00, 0x00, 0x00, 0xce, 0x28, 0x28, 0x28, 0x28, 0x28, 0x28, 0x28, 0x28, 0x28, 0x28, 0x28, 0x28, 0x28, 0x28, 0x28, 0x28, 0x28, 0x28, 0x28, 0xc5, 0x9e, 0x8e, 0x8e, 0x8f, 0x8e, 0x8e, 0x91, 0xbb, 0x28, 0x28, 0x28, 0x28, 0x28, 0x28, 0x28, 0x28, 0x28, 0x28, 0x28, 0x28, 0x28, 0x28, 0x28, 0x28, 0x28, 0x28, 0x28, 0x28, 0x28, 0x28, 0x28, 0x28, 0x28, 0x28, 0x28, 0x28, 0x28, 0x28, 0x28, 0x28, 0x28, 0x28, 0x28, 0x28, 0x28, 0x28, 0x28, 0x28, 0x28, 0x28, 0x28, 0x28, 0x28, 0x28, 0x28, 0x28, 0x28, 0x28, 0x28, 0x28, 0x28, 0x28, 0x28, 0x28, 0x28, 0x28, 0x28, 0x28, 0x28, 0x28, 0x28, 0x28, 0x28, 0x28, 0x28, 0x28, 0x28, 0x28, 0x28, 0x28, 0x28, 0x9f, 0x8e, 0xaa, 0x28, 0x28, 0x28, 0x28, 0x28, 0x28, 0x28, 0x28, 0x28, 0x28, 0x28, 0x28, 0x28, 0x28, 0xa5, 0x8e, 0x97, 0x28, 0x28, 0x28, 0x28, 0xc8, 0x8e, 0x8f, 0xb8, 0x28, 0xc1, 0x8e, 0x8f, 0xb8, 0x28, 0x28, 0x28, 0x28, 0x90, 0x8e, 0xbc, 0x28, 0xc6, 0x8e, 0x8e, 0xaa, 0xc7, 0x28, 0x28, 0x28, 0x28, 0x28, 0x28, 0x28, 0x8f, 0x8e, 0xc0, 0x28, 0x28, 0x28, 0x9f, 0x8f, 0xa0, 0x28, 0x28, 0x28, 0x28, 0x28, 0x28, 0x9a, 0x8e, 0xaa, 0x28, 0xc1, 0x8f, 0x8e, 0xbb, 0x28, 0x28, 0x28, 0x28, 0xae, 0x8e, 0x91, 0x28, 0x28, 0x28, 0x28, 0x28, 0x28, 0x28, 0x28, 0xa0, 0x8f, 0x8e, 0x8e, 0x8e, 0x8e, 0x8e, 0x8e, 0x8f, 0x90, 0xbf, 0x28, 0x28, 0x28, 0x28, 0x28, 0x28, 0x28, 0x28, 0x28, 0x28, 0x28, 0x28, 0x28, 0x28, 0x28, 0x28, 0x28, 0x28, 0x28, 0x28, 0x28, 0x28, 0x28, 0x28, 0x28, 0x28, 0x28, 0x28, 0x28, 0x28, 0x28, 0x28, 0x28, 0x28, 0x28, 0x28, 0x28, 0x28, 0x28, 0x28, 0x28, 0x28, 0x28, 0x28, 0x28, 0x28, 0x28, 0x28, 0x28, 0x28, 0x28, 0x28, 0x28, 0x28, 0x28, 0x28, 0x28, 0x28, 0x28, 0x28, 0x28, 0x28, 0x28, 0x28, 0x28, 0x28, 0x28, 0x28, 0x28, 0x28, 0x28, 0x28, 0x28, 0x28, 0x28, 0x28, 0x28, 0x28, 0x28, 0x28, 0x28, 0x28, 0x28, 0x28, 0x28, 0x28, 0x28, 0x28, 0x28, 0x28, 0x28, 0x28, 0x28, 0x28, 0x28, 0x28, 0x28, 0x28, 0x28, 0x28, 0x28, 0x28, 0x28, 0x28, 0x28, 0x28, 0x28, 0x28, 0x28, 0x28, 
  0x28, 0x28, 0x28, 0x28, 0x28, 0x28, 0x28, 0x28, 0x28, 0x28, 0x28, 0x28, 0x28, 0x28, 0x28, 0x28, 0x28, 0x28, 0x28, 0x28, 0x28, 0x28, 0x28, 0x28, 0x28, 0x28, 0x28, 0x28, 0x28, 0x28, 0x28, 0x28, 0x28, 0x28, 0x28, 0x28, 0x28, 0x28, 0x28, 0x28, 0x28, 0x28, 0x28, 0x28, 0x28, 0x28, 0x28, 0x28, 0x28, 0x28, 0x28, 0x28, 0x28, 0x28, 0x28, 0x28, 0xae, 0x8e, 0x8e, 0x8e, 0x8f, 0x8e, 0x8f, 0xad, 0xc9, 0x28, 0x28, 0x28, 0x28, 0x28, 0x28, 0x28, 0x28, 0x28, 0x28, 0x28, 0x28, 0x28, 0x28, 0x28, 0x28, 0xf5, 0x00, 0x00, 0x00, 0x00, 0x00, 0x00, 0x00, 0x00, 0x00, 0x18, 0x28, 0x28, 0x28, 0x28, 0x28, 0x28, 0x28, 0xd0, 0x01, 0x00, 0x01, 0x28, 0x28, 0x28, 0x28, 0x28, 0x28, 0x28, 0x28, 0xf9, 0x00, 0x00, 0x06, 0x28, 0x28, 0x28, 0x28, 0xfb, 0x00, 0x00, 0xd7, 0x28, 0x28, 0x28, 0x28, 0x28, 0x28, 0x28, 0x28, 0x28, 0x28, 0x28, 0x28, 0x26, 0x0b, 0x00, 0x00, 0x00, 0x00, 0x00, 0x00, 0x00, 0x04, 0x22, 0x28, 0x28, 0x28, 0x28, 0x28, 0x28, 0x28, 0x28, 0x28, 0x28, 0x28, 0x28, 0x28, 0x28, 0x28, 0x28, 0x28, 0x04, 0x00, 0x00, 0xdb, 0x28, 0x28, 0x28, 0x28, 0x28, 0x28, 0x28, 0x28, 0x28, 0x28, 0x28, 0x28, 0x28, 0x28, 0x28, 0x28, 0x28, 0x28, 0xbe, 0x90, 0x8e, 0x8f, 0x8e, 0x8e, 0x8e, 0x94, 0x28, 0x28, 0x28, 0x28, 0x28, 0x28, 0x28, 0x28, 0x28, 0x28, 0x28, 0x28, 0x28, 0x28, 0x28, 0x28, 0x28, 0x28, 0x28, 0x28, 0x28, 0x28, 0x28, 0x28, 0x28, 0x28, 0x28, 0x28, 0x28, 0x28, 0x28, 0x28, 0x28, 0x28, 0x28, 0x28, 0x28, 0x28, 0x28, 0x28, 0x28, 0x28, 0x28, 0x28, 0x28, 0x28, 0x28, 0x28, 0x28, 0x28, 0x28, 0x28, 0x28, 0x28, 0x28, 0x28, 0x28, 0x28, 0x28, 0x28, 0x28, 0x28, 0x28, 0x28, 0x28, 0x28, 0x28, 0x28, 0x28, 0x28, 0x28, 0x28, 0x28, 0x28, 0x28, 0xad, 0x8e, 0x9a, 0x28, 0x28, 0x28, 0x28, 0x28, 0x28, 0x28, 0x28, 0x28, 0x28, 0x28, 0x28, 0x28, 0x28, 0xa5, 0x8f, 0xaa, 0x28, 0x28, 0x28, 0x28, 0x28, 0x9e, 0x8e, 0xb2, 0x28, 0xc1, 0x8e, 0x8e, 0xc4, 0x28, 0x28, 0x28, 0x28, 0x90, 0x8e, 0xbc, 0x28, 0x28, 0xa6, 0x8f, 0x8e, 0x8f, 0xa6, 0xb9, 0xc9, 0x28, 0x28, 0x28, 0x28, 0x8e, 0x8e, 0xc0, 0x28, 0x28, 0x28, 0x90, 0x8e, 0xba, 0x28, 0x28, 0x28, 0x28, 0x28, 0x28, 0xb4, 0x8e, 0x97, 0x28, 0xc1, 0x8e, 0x8e, 0xc4, 0x28, 0x28, 0x28, 0x28, 0xbc, 0x8f, 0x8f, 0x28, 0x28, 0x28, 0x28, 0x28, 0x28, 0x28, 0x28, 0xa0, 0x8e, 0x8e, 0x8f, 0x8e, 0x8f, 0x8e, 0x8f, 0x9a, 0xc7, 0x28, 0x28, 0x28, 0x28, 0x28, 0x28, 0x28, 0x28, 0x28, 0x28, 0x28, 0x28, 0x28, 0x28, 0x28, 0x28, 0x28, 0x28, 0x28, 0x28, 0x28, 0x28, 0x28, 0x28, 0x28, 0x28, 0x28, 0x28, 0x28, 0x28, 0x28, 0x28, 0x28, 0x28, 0x28, 0x28, 0x28, 0x28, 0x28, 0x28, 0x28, 0x28, 0x28, 0x28, 0x28, 0x28, 0x28, 0x28, 0x28, 0x28, 0x28, 0x28, 0x28, 0x28, 0x28, 0x28, 0x28, 0x28, 0x28, 0x28, 0x28, 0x28, 0x28, 0x28, 0x28, 0x28, 0x28, 0x28, 0x28, 0x28, 0x28, 0x28, 0x28, 0x28, 0x28, 0x28, 0x28, 0x28, 0x28, 0x28, 0x28, 0x28, 0x28, 0x28, 0x28, 0x28, 0x28, 0x28, 0x28, 0x28, 0x28, 0x28, 0x28, 0x28, 0x28, 0x28, 0x28, 0x28, 0x28, 0x28, 0x28, 0x28, 0x28, 0x28, 0x28, 0x28, 0x28, 0x28, 0x28, 0x28, 0x28, 
  0x28, 0x28, 0x28, 0x28, 0x28, 0x28, 0x28, 0x28, 0x28, 0x28, 0x28, 0x28, 0x28, 0x28, 0x28, 0x28, 0x28, 0x28, 0x28, 0x28, 0x28, 0x28, 0x28, 0x28, 0x28, 0x28, 0x28, 0x28, 0x28, 0x28, 0x28, 0x28, 0x28, 0x28, 0x28, 0x28, 0x28, 0x28, 0x28, 0x28, 0x28, 0x28, 0x28, 0x28, 0x28, 0x28, 0x28, 0x28, 0x28, 0x28, 0x28, 0x28, 0x28, 0x28, 0x28, 0x28, 0x28, 0xbc, 0x8f, 0x8f, 0x8e, 0x8f, 0x8e, 0x8f, 0x8e, 0xbb, 0x28, 0x28, 0x28, 0x28, 0x28, 0x28, 0x28, 0x28, 0x28, 0x28, 0x28, 0x28, 0x28, 0x28, 0x28, 0x28, 0xcc, 0x01, 0x00, 0x00, 0x00, 0x00, 0x00, 0x01, 0x1f, 0x28, 0x28, 0x28, 0x28, 0x28, 0x28, 0x28, 0x28, 0x15, 0x00, 0x00, 0x09, 0x28, 0x28, 0x28, 0x28, 0x28, 0x28, 0x28, 0x28, 0x0f, 0x00, 0x00, 0x0a, 0x28, 0x28, 0x28, 0x28, 0xfb, 0x00, 0x00, 0xfe, 0x28, 0x28, 0x28, 0x28, 0x28, 0x28, 0x28, 0x28, 0x28, 0x28, 0x28, 0x28, 0x28, 0x28, 0x27, 0xd9, 0x00, 0x00, 0x00, 0x00, 0x00, 0x00, 0x00, 0xea, 0x28, 0x28, 0x28, 0x28, 0x28, 0x28, 0x28, 0x28, 0x28, 0x28, 0x28, 0x28, 0x28, 0x28, 0x28, 0x28, 0xdc, 0x00, 0x02, 0xf6, 0x28, 0x28, 0x28, 0x28, 0x28, 0x28, 0x28, 0x28, 0x28, 0x28, 0x28, 0x28, 0x28, 0x28, 0x28, 0x28, 0xc7, 0x93, 0x8e, 0x8e, 0x8e, 0x8e, 0x8f, 0x8e, 0xa9, 0x28, 0x28, 0x28, 0x28, 0x28, 0x28, 0x28, 0x28, 0x28, 0x28, 0x28, 0x28, 0x28, 0x28, 0x28, 0x28, 0x28, 0x28, 0x28, 0x28, 0x28, 0x28, 0x28, 0x28, 0x28, 0x28, 0x28, 0x28, 0x28, 0x28, 0x28, 0x28, 0x28, 0x28, 0x28, 0x28, 0x28, 0x28, 0x28, 0x28, 0x28, 0x28, 0x28, 0x28, 0x28, 0x28, 0x28, 0x28, 0x28, 0x28, 0x28, 0x28, 0x28, 0x28, 0x28, 0x28, 0x28, 0x28, 0x28, 0x28, 0x28, 0x28, 0x28, 0x28, 0x28, 0x28, 0x28, 0x28, 0x28, 0x28, 0x28, 0x28, 0x28, 0x28, 0x28, 0x28, 0xb8, 0x8f, 0x8e, 0xc5, 0x28, 0x28, 0x28, 0x28, 0x28, 0x28, 0x28, 0x28, 0x28, 0x28, 0x28, 0x28, 0x28, 0xa6, 0x8e, 0xae, 0x28, 0x28, 0x28, 0x28, 0x28, 0x9e, 0x8e, 0xb4, 0x28, 0xc1, 0x8f, 0x8e, 0xc9, 0x28, 0x28, 0x28, 0x28, 0x90, 0x8e, 0xbc, 0x28, 0x28, 0xc9, 0xb1, 0x90, 0x8e, 0x8f, 0x8e, 0x90, 0xbf, 0x28, 0x28, 0x28, 0x8f, 0x8e, 0xc0, 0x28, 0x28, 0xc9, 0x8e, 0x8e, 0xbd, 0x28, 0x28, 0x28, 0x28, 0x28, 0x28, 0xba, 0x8e, 0x90, 0x28, 0xc1, 0x8f, 0x8e, 0xc9, 0x28, 0x28, 0x28, 0x28, 0xbd, 0x8e, 0x8f, 0x28, 0x28, 0x28, 0x28, 0x28, 0x28, 0x28, 0x28, 0xa0, 0x8e, 0xa9, 0xc7, 0xc7, 0xc7, 0xa0, 0x8e, 0x90, 0xc7, 0x28, 0x28, 0x28, 0x28, 0x28, 0x28, 0x28, 0x28, 0x28, 0x28, 0x28, 0x28, 0x28, 0x28, 0x28, 0x28, 0x28, 0x28, 0x28, 0x28, 0x28, 0x28, 0x28, 0x28, 0x28, 0x28, 0x28, 0x28, 0x28, 0x28, 0x28, 0x28, 0x28, 0x28, 0x28, 0x28, 0x28, 0x28, 0x28, 0x28, 0x28, 0x28, 0x28, 0x28, 0x28, 0x28, 0x28, 0x28, 0x28, 0x28, 0x28, 0x28, 0x28, 0x28, 0x28, 0x28, 0x28, 0x28, 0x28, 0x28, 0x28, 0x28, 0x28, 0x28, 0x28, 0x28, 0x28, 0x28, 0x28, 0x28, 0x28, 0x28, 0x28, 0x28, 0x28, 0x28, 0x28, 0x28, 0x28, 0x28, 0x28, 0x28, 0x28, 0x28, 0x28, 0x28, 0x28, 0x28, 0x28, 0x28, 0x28, 0x28, 0x28, 0x28, 0x28, 0x28, 0x28, 0x28, 0x28, 0x28, 0x28, 0x28, 0x28, 0x28, 0x28, 0x28, 0x28, 0x28, 0x28, 0x28, 0x28, 
  0x28, 0x28, 0x28, 0x28, 0x28, 0x28, 0x28, 0x28, 0x28, 0x28, 0x28, 0x28, 0x28, 0x28, 0x28, 0x28, 0x28, 0x28, 0x28, 0x28, 0x28, 0x28, 0x28, 0x28, 0x28, 0x28, 0x28, 0x28, 0x28, 0x28, 0x28, 0x28, 0x28, 0x28, 0x28, 0x28, 0x28, 0x28, 0x28, 0x28, 0x28, 0x28, 0x28, 0x28, 0x28, 0x28, 0x28, 0x28, 0x28, 0x28, 0x28, 0x28, 0x28, 0x28, 0x28, 0x28, 0x28, 0x28, 0xc9, 0xbb, 0x8e, 0x8f, 0x8e, 0x8e, 0x8f, 0x8f, 0x91, 0xb8, 0x28, 0x28, 0x28, 0x28, 0x28, 0x28, 0x28, 0x28, 0x28, 0x28, 0x28, 0x28, 0x28, 0x28, 0x28, 0xd0, 0x23, 0xcb, 0xf4, 0xfc, 0x22, 0x26, 0x28, 0x28, 0x28, 0x28, 0x28, 0x28, 0x28, 0x28, 0x28, 0x2a, 0x00, 0x00, 0xff, 0x28, 0x28, 0x28, 0x28, 0x28, 0x28, 0x28, 0x28, 0x31, 0x00, 0x00, 0x0d, 0x28, 0x28, 0x28, 0x28, 0xf7, 0x00, 0x00, 0x34, 0x28, 0x28, 0x28, 0x28, 0x28, 0x28, 0x28, 0x28, 0x28, 0x28, 0x28, 0x28, 0x28, 0x28, 0x28, 0x28, 0x28, 0x26, 0xcf, 0xce, 0x29, 0x00, 0x00, 0x04, 0x28, 0x28, 0x28, 0x28, 0x28, 0x28, 0x28, 0x28, 0x28, 0x28, 0x28, 0x28, 0x28, 0x28, 0x28, 0x28, 0xd0, 0x24, 0xd0, 0x28, 0x28, 0x28, 0x28, 0x28, 0x28, 0x28, 0x28, 0x28, 0x28, 0x28, 0x28, 0x28, 0x28, 0x28, 0xc6, 0x9a, 0x8f, 0x8e, 0x8e, 0x8f, 0x8e, 0x8f, 0xac, 0xc8, 0x28, 0x28, 0x28, 0x28, 0x28, 0x28, 0x28, 0x28, 0x28, 0x28, 0x28, 0x28, 0x28, 0x28, 0x28, 0x28, 0x28, 0x28, 0x28, 0x28, 0x28, 0x28, 0x28, 0x28, 0x28, 0x28, 0x28, 0x28, 0x28, 0x28, 0x28, 0x28, 0x28, 0x28, 0x28, 0x28, 0x28, 0x28, 0x28, 0x28, 0x28, 0x28, 0x28, 0x28, 0x28, 0x28, 0x28, 0x28, 0x28, 0x28, 0x28, 0x28, 0x28, 0x28, 0x28, 0x28, 0x28, 0x28, 0x28, 0x28, 0x28, 0x28, 0x28, 0x28, 0x28, 0x28, 0x28, 0x28, 0x28, 0x28, 0x28, 0x28, 0x28, 0x28, 0x28, 0x28, 0x28, 0xc4, 0x8e, 0x8e, 0xa0, 0x28, 0x28, 0x28, 0x28, 0x28, 0x28, 0x28, 0x28, 0xc2, 0xa3, 0xbd, 0x28, 0x28, 0xa5, 0x8f, 0xae, 0x28, 0x28, 0x28, 0x28, 0x28, 0x9e, 0x8e, 0xb4, 0x28, 0xc1, 0x8e, 0x8f, 0xc9, 0x28, 0x28, 0x28, 0x28, 0x90, 0x8e, 0xbc, 0x28, 0x28, 0x28, 0x28, 0xc9, 0xbe, 0xac, 0x8f, 0x8f, 0x90, 0x28, 0x28, 0x28, 0x8e, 0x8f, 0xc0, 0x28, 0x28, 0x28, 0x97, 0x8e, 0xb6, 0x28, 0x28, 0x28, 0x28, 0x28, 0x28, 0xaf, 0x8e, 0x9f, 0x28, 0xc1, 0x8e, 0x8e, 0xc9, 0x28, 0x28, 0x28, 0x28, 0xbd, 0x8e, 0x8f, 0x28, 0x28, 0x28, 0x28, 0x28, 0x28, 0x28, 0x28, 0xa0, 0x8e, 0xaa, 0x28, 0x28, 0x28, 0xc2, 0x8e, 0x8e, 0xad, 0x28, 0x28, 0x28, 0x28, 0x28, 0x28, 0x28, 0x28, 0x28, 0x28, 0x28, 0x28, 0x28, 0x28, 0x28, 0x28, 0x28, 0x28, 0x28, 0x28, 0x28, 0x28, 0x28, 0x28, 0x28, 0x28, 0x28, 0x28, 0x28, 0x28, 0x28, 0x28, 0x28, 0x28, 0x28, 0x28, 0x28, 0x28, 0x28, 0x28, 0x28, 0x28, 0x28, 0x28, 0x28, 0x28, 0x28, 0x28, 0x28, 0x28, 0x28, 0x28, 0x28, 0x28, 0x28, 0x28, 0x28, 0x28, 0x28, 0x28, 0x28, 0x28, 0x28, 0x28, 0x28, 0x28, 0x28, 0x28, 0x28, 0x28, 0x28, 0x28, 0x28, 0x28, 0x28, 0x28, 0x28, 0x28, 0x28, 0x28, 0x28, 0x28, 0x28, 0x28, 0x28, 0x28, 0x28, 0x28, 0x28, 0x28, 0x28, 0x28, 0x28, 0x28, 0x28, 0x28, 0x28, 0x28, 0x28, 0x28, 0x28, 0x28, 0x28, 0x28, 0x28, 0x28, 0x28, 0x28, 0x28, 0x28, 0x28, 
  0x28, 0x28, 0x28, 0x28, 0x28, 0x28, 0x28, 0x28, 0x28, 0x28, 0x28, 0x28, 0x28, 0x28, 0x28, 0x28, 0x28, 0x28, 0x28, 0x28, 0x28, 0x28, 0x28, 0x28, 0x28, 0x28, 0x28, 0x28, 0x28, 0x28, 0x28, 0x28, 0x28, 0x28, 0x28, 0x28, 0x28, 0x28, 0x28, 0x28, 0x28, 0x28, 0x28, 0x28, 0x28, 0x28, 0x28, 0x28, 0x28, 0x28, 0x28, 0x28, 0x28, 0x28, 0x28, 0x28, 0x28, 0x28, 0x28, 0x28, 0xc0, 0x9b, 0x8e, 0x8f, 0x8e, 0x8e, 0x8f, 0x8e, 0xa6, 0xc8, 0x28, 0x28, 0x28, 0x28, 0x28, 0x28, 0x28, 0x28, 0x28, 0x28, 0x28, 0x28, 0x28, 0x28, 0x28, 0x28, 0x28, 0x28, 0x28, 0x28, 0x28, 0x28, 0x28, 0x28, 0x28, 0x28, 0x28, 0x28, 0x28, 0x0b, 0x00, 0x00, 0x14, 0x28, 0x28, 0x28, 0x28, 0x28, 0x28, 0x28, 0x28, 0xff, 0x00, 0x00, 0xdf, 0x28, 0x28, 0x28, 0x28, 0xe7, 0x00, 0x00, 0xd6, 0x28, 0x28, 0x28, 0x28, 0x28, 0x28, 0x28, 0x28, 0x28, 0x28, 0x28, 0x28, 0x28, 0x28, 0x28, 0x28, 0x28, 0x28, 0x28, 0x28, 0x26, 0x00, 0x00, 0x00, 0x20, 0x28, 0x28, 0x28, 0x28, 0x28, 0x28, 0x28, 0x28, 0x28, 0x28, 0x28, 0x28, 0x28, 0x28, 0x28, 0x28, 0x28, 0x28, 0x28, 0x28, 0x28, 0x28, 0x28, 0x28, 0x28, 0x28, 0x28, 0x28, 0x28, 0x28, 0x28, 0x28, 0xb1, 0x8f, 0x8e, 0x8f, 0x8f, 0x8e, 0x8f, 0x8f, 0xb9, 0xc9, 0x28, 0x28, 0x28, 0x28, 0x28, 0x28, 0x28, 0x28, 0x28, 0x28, 0x28, 0x28, 0x28, 0x28, 0x28, 0x28, 0x28, 0x28, 0x28, 0x28, 0x28, 0x28, 0x28, 0x28, 0x28, 0x28, 0x28, 0x28, 0x28, 0x28, 0x28, 0x28, 0x28, 0x28, 0x28, 0x28, 0x28, 0x28, 0x28, 0x28, 0x28, 0x28, 0x28, 0x28, 0x28, 0x28, 0x28, 0x28, 0x28, 0x28, 0x28, 0x28, 0x28, 0x28, 0x28, 0x28, 0x28, 0x28, 0x28, 0x28, 0x28, 0x28, 0x28, 0x28, 0x28, 0x28, 0x28, 0x28, 0x28, 0x28, 0x28, 0x28, 0x28, 0x28, 0x28, 0x28, 0x28, 0x28, 0x28, 0xb2, 0x8f, 0x8e, 0xae, 0xc9, 0x28, 0x28, 0x28, 0x28, 0x28, 0xc4, 0x91, 0x8e, 0x8e, 0xc0, 0x28, 0xa5, 0x8f, 0xae, 0x28, 0x28, 0x28, 0x28, 0x28, 0x9e, 0x8f, 0xb2, 0x28, 0xc1, 0x8f, 0x8e, 0xc9, 0x28, 0x28, 0x28, 0x28, 0x90, 0x8e, 0xbc, 0x28, 0x28, 0xbf, 0xbc, 0x28, 0x28, 0x28, 0xbd, 0x8e, 0x8e, 0xc1, 0x28, 0x28, 0x8e, 0x8e, 0xbe, 0x28, 0x28, 0x28, 0xa9, 0x8e, 0x90, 0xc7, 0x28, 0x28, 0x28, 0x28, 0xc4, 0x8f, 0x8f, 0xae, 0x28, 0xc1, 0x8f, 0x8e, 0xc9, 0x28, 0x28, 0x28, 0x28, 0xbd, 0x8f, 0x8f, 0x28, 0x28, 0x28, 0x28, 0x28, 0x28, 0x28, 0x28, 0xa0, 0x8e, 0xaa, 0x28, 0x28, 0x28, 0x28, 0xae, 0x8e, 0x8e, 0xc1, 0x28, 0x28, 0x28, 0x28, 0x28, 0x28, 0x28, 0x28, 0x28, 0x28, 0x28, 0x28, 0x28, 0x28, 0x28, 0x28, 0x28, 0x28, 0x28, 0x28, 0x28, 0x28, 0x28, 0x28, 0x28, 0x28, 0x28, 0x28, 0x28, 0x28, 0x28, 0x28, 0x28, 0x28, 0x28, 0x28, 0x28, 0x28, 0x28, 0x28, 0x28, 0x28, 0x28, 0x28, 0x28, 0x28, 0x28, 0x28, 0x28, 0x28, 0x28, 0x28, 0x28, 0x28, 0x28, 0x28, 0x28, 0x28, 0x28, 0x28, 0x28, 0x28, 0x28, 0x28, 0x28, 0x28, 0x28, 0x28, 0x28, 0x28, 0x28, 0x28, 0x28, 0x28, 0x28, 0x28, 0x28, 0x28, 0x28, 0x28, 0x28, 0x28, 0x28, 0x28, 0x28, 0x28, 0x28, 0x28, 0x28, 0x28, 0x28, 0x28, 0x28, 0x28, 0x28, 0x28, 0x28, 0x28, 0x28, 0x28, 0x28, 0x28, 0x28, 0x28, 0x28, 0x28, 0x28, 0x28, 0x28, 0x28, 
  0x28, 0x28, 0x28, 0x28, 0x28, 0x28, 0x28, 0x28, 0x28, 0x28, 0x28, 0x28, 0x28, 0x28, 0x28, 0x28, 0x28, 0x28, 0x28, 0x28, 0x28, 0x28, 0x28, 0x28, 0x28, 0x28, 0x28, 0x28, 0x28, 0x28, 0x28, 0x28, 0x28, 0x28, 0x28, 0x28, 0x28, 0x28, 0x28, 0x28, 0x28, 0x28, 0x28, 0x28, 0x28, 0x28, 0x28, 0x28, 0x28, 0x28, 0x28, 0x28, 0x28, 0x28, 0x28, 0x28, 0x28, 0x28, 0x28, 0x28, 0x28, 0x28, 0xb1, 0x8e, 0x8e, 0x8f, 0x8e, 0x8f, 0x8e, 0x90, 0xaf, 0x28, 0x28, 0x28, 0x28, 0x28, 0x28, 0x28, 0x28, 0x28, 0x28, 0x28, 0x28, 0x28, 0x28, 0x28, 0x28, 0x28, 0x28, 0x28, 0x28, 0x28, 0x28, 0x28, 0x28, 0x28, 0x28, 0x28, 0x28, 0x09, 0x00, 0x00, 0x20, 0x28, 0x28, 0x28, 0x28, 0x28, 0x28, 0x28, 0x28, 0xff, 0x00, 0x00, 0xe6, 0x28, 0x28, 0x28, 0x28, 0x19, 0x00, 0x00, 0x2a, 0x28, 0x28, 0x28, 0x28, 0x28, 0x21, 0x1d, 0x1d, 0x21, 0x28, 0x28, 0x28, 0x1a, 0xdb, 0x0b, 0xf4, 0x28, 0x28, 0x28, 0x28, 0x28, 0x02, 0x00, 0x00, 0x1d, 0x28, 0x28, 0x28, 0x28, 0x28, 0x28, 0x28, 0x28, 0x28, 0x28, 0x28, 0x28, 0x28, 0x28, 0x28, 0x28, 0x28, 0x28, 0x28, 0x28, 0x28, 0x28, 0x28, 0x28, 0x28, 0x28, 0x28, 0x28, 0x28, 0x28, 0xbd, 0x9a, 0x8e, 0x8f, 0x8e, 0x8f, 0x8e, 0x8e, 0x9c, 0xc5, 0x28, 0x28, 0x28, 0x28, 0x28, 0x28, 0x28, 0x28, 0x28, 0x28, 0x28, 0x28, 0x28, 0x28, 0x28, 0x28, 0x28, 0x28, 0x28, 0x28, 0x28, 0x28, 0x28, 0x28, 0x28, 0x28, 0x28, 0x28, 0x28, 0x28, 0x28, 0x28, 0x28, 0x28, 0x28, 0x28, 0x28, 0x28, 0x28, 0x28, 0x28, 0x28, 0x28, 0x28, 0x28, 0x28, 0x28, 0x28, 0x28, 0x28, 0x28, 0x28, 0x28, 0x28, 0x28, 0x28, 0x28, 0x28, 0x28, 0x28, 0x28, 0x28, 0x28, 0x28, 0x28, 0x28, 0x28, 0x28, 0x28, 0x28, 0x28, 0x28, 0x28, 0x28, 0x28, 0x28, 0x28, 0x28, 0x28, 0x28, 0x28, 0x28, 0x9a, 0x8e, 0x8e, 0x94, 0xb8, 0xc0, 0xc6, 0xbb, 0xad, 0x90, 0x8e, 0x8f, 0xad, 0x28, 0x28, 0xa5, 0x8e, 0xae, 0x28, 0x28, 0x28, 0x28, 0x28, 0x9e, 0x8e, 0xb4, 0x28, 0xc1, 0x8e, 0x8e, 0xc9, 0x28, 0x28, 0x28, 0x28, 0x90, 0x8e, 0xbc, 0x28, 0xb7, 0x8e, 0x8e, 0xbd, 0xc9, 0x28, 0xb2, 0x8e, 0x8f, 0xc1, 0x28, 0x28, 0x90, 0x8f, 0xad, 0xc9, 0x28, 0x28, 0xc2, 0x8f, 0x8e, 0x97, 0xbe, 0x28, 0xc9, 0xbc, 0x91, 0x8e, 0x90, 0xc8, 0x28, 0xc1, 0x8e, 0x8f, 0xc9, 0x28, 0x28, 0x28, 0x28, 0xbd, 0x8e, 0x8f, 0x28, 0x28, 0x28, 0x28, 0x28, 0x28, 0x28, 0x28, 0xa0, 0x8e, 0xaa, 0x28, 0x28, 0x28, 0x28, 0xc7, 0x90, 0x8e, 0x9f, 0x28, 0x28, 0x28, 0x28, 0x28, 0x28, 0x28, 0x28, 0x28, 0x28, 0x28, 0x28, 0x28, 0x28, 0x28, 0x28, 0x28, 0x28, 0x28, 0x28, 0x28, 0x28, 0x28, 0x28, 0x28, 0x28, 0x28, 0x28, 0x28, 0x28, 0x28, 0x28, 0x28, 0x28, 0x28, 0x28, 0x28, 0x28, 0x28, 0x28, 0x28, 0x28, 0x28, 0x28, 0x28, 0x28, 0x28, 0x28, 0x28, 0x28, 0x28, 0x28, 0x28, 0x28, 0x28, 0x28, 0x28, 0x28, 0x28, 0x28, 0x28, 0x28, 0x28, 0x28, 0x28, 0x28, 0x28, 0x28, 0x28, 0x28, 0x28, 0x28, 0x28, 0x28, 0x28, 0x28, 0x28, 0x28, 0x28, 0x28, 0x28, 0x28, 0x28, 0x28, 0x28, 0x28, 0x28, 0x28, 0x28, 0x28, 0x28, 0x28, 0x28, 0x28, 0x28, 0x28, 0x28, 0x28, 0x28, 0x28, 0x28, 0x28, 0x28, 0x28, 0x28, 0x28, 0x28, 0x28, 0x28, 0x28, 
  0x28, 0x28, 0x28, 0x28, 0x28, 0x28, 0x28, 0x28, 0x28, 0x28, 0x28, 0x28, 0x28, 0x28, 0x28, 0x28, 0x28, 0x28, 0x28, 0x28, 0x28, 0x28, 0x28, 0x28, 0x28, 0x28, 0x28, 0x28, 0x28, 0x28, 0x28, 0x28, 0x28, 0x28, 0x28, 0x28, 0x28, 0x28, 0x28, 0x28, 0x28, 0x28, 0x28, 0x28, 0x28, 0x28, 0x28, 0x28, 0x28, 0x28, 0x28, 0x28, 0x28, 0x28, 0x28, 0x28, 0x28, 0x28, 0x28, 0x28, 0x28, 0x28, 0x28, 0xc5, 0xaa, 0x8e, 0x8e, 0x8f, 0x8e, 0x8f, 0x8e, 0x90, 0xaa, 0xc9, 0x28, 0x28, 0x28, 0x28, 0x28, 0x28, 0x28, 0x28, 0x28, 0x28, 0x28, 0x28, 0x28, 0x28, 0x28, 0x28, 0x28, 0x28, 0x28, 0x28, 0x28, 0x28, 0x28, 0x28, 0x28, 0x01, 0x00, 0x06, 0x28, 0x28, 0x28, 0x28, 0x28, 0x28, 0x28, 0x28, 0x28, 0x29, 0x00, 0x00, 0x22, 0x28, 0x28, 0x28, 0x28, 0xd0, 0x00, 0x00, 0x01, 0x24, 0x28, 0x28, 0x28, 0x28, 0x07, 0x00, 0x00, 0xe1, 0x28, 0x28, 0x28, 0xe5, 0x00, 0x00, 0x02, 0x25, 0x28, 0x28, 0x28, 0xe1, 0x00, 0x00, 0x04, 0x28, 0x28, 0x28, 0x28, 0x28, 0x28, 0x28, 0x28, 0x28, 0x28, 0x28, 0x28, 0x28, 0x28, 0x28, 0x28, 0x28, 0x28, 0x28, 0x28, 0x28, 0x28, 0x28, 0x28, 0x28, 0x28, 0x28, 0x28, 0x28, 0xb6, 0x97, 0x8e, 0x8e, 0x8e, 0x8e, 0x8e, 0x8e, 0x94, 0xbf, 0x28, 0x28, 0x28, 0x28, 0x28, 0x28, 0x28, 0x28, 0x28, 0x28, 0x28, 0x28, 0x28, 0x28, 0x28, 0x28, 0x28, 0x28, 0x28, 0x28, 0x28, 0x28, 0x28, 0x28, 0x28, 0x28, 0x28, 0x28, 0x28, 0x28, 0x28, 0x28, 0x28, 0x28, 0x28, 0x28, 0x28, 0x28, 0x28, 0x28, 0x28, 0x28, 0x28, 0x28, 0x28, 0x28, 0x28, 0x28, 0x28, 0x28, 0x28, 0x28, 0x28, 0x28, 0x28, 0x28, 0x28, 0x28, 0x28, 0x28, 0x28, 0x28, 0x28, 0x28, 0x28, 0x28, 0x28, 0x28, 0x28, 0x28, 0x28, 0x28, 0x28, 0x28, 0x28, 0x28, 0x28, 0x28, 0x28, 0x28, 0x28, 0x28, 0x28, 0x28, 0xc7, 0xa9, 0x8f, 0x8e, 0x8f, 0x8e, 0x8f, 0x8e, 0x8e, 0x8f, 0x8e, 0xae, 0x28, 0x28, 0x28, 0xa5, 0x8e, 0xae, 0x28, 0x28, 0x28, 0x28, 0x28, 0x9e, 0x8e, 0xb2, 0x28, 0xc1, 0x8f, 0x8e, 0xc9, 0x28, 0x28, 0x28, 0x28, 0x90, 0x8e, 0xbc, 0x28, 0xc8, 0x94, 0x8f, 0x8e, 0x8f, 0x8e, 0x8f, 0x8e, 0xaa, 0x28, 0x28, 0x28, 0xa9, 0x8e, 0x8e, 0x8f, 0x8e, 0xc4, 0x28, 0xb8, 0x8e, 0x8e, 0x8e, 0x8f, 0x8e, 0x8e, 0x8e, 0x8e, 0xbc, 0x28, 0x28, 0xc1, 0x8e, 0x8f, 0xc9, 0x28, 0x28, 0x28, 0x28, 0xbd, 0x8f, 0x8f, 0x28, 0x28, 0x28, 0x28, 0x28, 0x28, 0x28, 0x28, 0xa0, 0x8e, 0xaa, 0x28, 0x28, 0x28, 0x28, 0x28, 0xb8, 0x8f, 0x8e, 0xba, 0x28, 0x28, 0x28, 0x28, 0x28, 0x28, 0x28, 0x28, 0x28, 0x28, 0x28, 0x28, 0x28, 0x28, 0x28, 0x28, 0x28, 0x28, 0x28, 0x28, 0x28, 0x28, 0x28, 0x28, 0x28, 0x28, 0x28, 0x28, 0x28, 0x28, 0x28, 0x28, 0x28, 0x28, 0x28, 0x28, 0x28, 0x28, 0x28, 0x28, 0x28, 0x28, 0x28, 0x28, 0x28, 0x28, 0x28, 0x28, 0x28, 0x28, 0x28, 0x28, 0x28, 0x28, 0x28, 0x28, 0x28, 0x28, 0x28, 0x28, 0x28, 0x28, 0x28, 0x28, 0x28, 0x28, 0x28, 0x28, 0x28, 0x28, 0x28, 0x28, 0x28, 0x28, 0x28, 0x28, 0x28, 0x28, 0x28, 0x28, 0x28, 0x28, 0x28, 0x28, 0x28, 0x28, 0x28, 0x28, 0x28, 0x28, 0x28, 0x28, 0x28, 0x28, 0x28, 0x28, 0x28, 0x28, 0x28, 0x28, 0x28, 0x28, 0x28, 0x28, 0x28, 0x28, 0x28, 0x28, 0x28, 
  0x28, 0x28, 0x28, 0x28, 0x28, 0x28, 0x28, 0x28, 0x28, 0x28, 0x28, 0x28, 0x28, 0x28, 0x28, 0x28, 0x28, 0x28, 0x28, 0x28, 0x28, 0x28, 0x28, 0x28, 0x28, 0x28, 0x28, 0x28, 0x28, 0x28, 0x28, 0x28, 0x28, 0x28, 0x28, 0x28, 0x28, 0x28, 0x28, 0x28, 0x28, 0x28, 0x28, 0x28, 0x28, 0x28, 0x28, 0x28, 0x28, 0x28, 0x28, 0x28, 0x28, 0x28, 0x28, 0x28, 0x28, 0x28, 0x28, 0x28, 0x28, 0x28, 0x28, 0x28, 0x28, 0xc2, 0x9e, 0x8e, 0x8f, 0x8e, 0x8f, 0x8e, 0x8f, 0x8e, 0xaa, 0xc8, 0x28, 0x28, 0x28, 0x28, 0x28, 0x28, 0x28, 0x28, 0x28, 0x28, 0x28, 0x28, 0x28, 0x28, 0x28, 0x28, 0x28, 0x28, 0x28, 0x28, 0x28, 0x28, 0xee, 0x08, 0x00, 0xff, 0x28, 0x28, 0x28, 0x28, 0x28, 0x28, 0x28, 0x28, 0x28, 0x08, 0x00, 0x01, 0x28, 0x28, 0x28, 0x28, 0x28, 0x28, 0x04, 0x00, 0x00, 0xf2, 0x28, 0x28, 0x28, 0x26, 0x00, 0x00, 0x00, 0x18, 0x28, 0x28, 0x28, 0x25, 0x05, 0x00, 0x00, 0x00, 0x07, 0x07, 0x01, 0x00, 0x00, 0x00, 0xe9, 0x28, 0x28, 0x28, 0x28, 0x28, 0x28, 0x28, 0x28, 0x28, 0x28, 0x28, 0x28, 0x28, 0x28, 0x28, 0x28, 0x28, 0x28, 0x28, 0x28, 0x28, 0x28, 0x28, 0x28, 0x28, 0x28, 0x28, 0xb2, 0x90, 0x8e, 0x8e, 0x8f, 0x8e, 0x8f, 0x8e, 0x8f, 0xbb, 0x28, 0x28, 0x28, 0x28, 0x28, 0x28, 0x28, 0x28, 0x28, 0x28, 0x28, 0x28, 0x28, 0x28, 0x28, 0x28, 0x28, 0x28, 0x28, 0x28, 0x28, 0x28, 0x28, 0x28, 0x28, 0x28, 0x28, 0x28, 0x28, 0x28, 0x28, 0x28, 0x28, 0x28, 0x28, 0x28, 0x28, 0x28, 0x28, 0x28, 0x28, 0x28, 0x28, 0x28, 0x28, 0x28, 0x28, 0x28, 0x28, 0x28, 0x28, 0x28, 0x28, 0x28, 0x28, 0x28, 0x28, 0x28, 0x28, 0x28, 0x28, 0x28, 0x28, 0x28, 0x28, 0x28, 0x28, 0x28, 0x28, 0x28, 0x28, 0x28, 0x28, 0x28, 0x28, 0x28, 0x28, 0x28, 0x28, 0x28, 0x28, 0x28, 0x28, 0x28, 0x28, 0x28, 0x28, 0x28, 0xbb, 0x9c, 0x8e, 0x8f, 0x8e, 0x8e, 0x8e, 0xa3, 0xbd, 0x28, 0x28, 0x28, 0x28, 0xa5, 0x8f, 0xae, 0x28, 0x28, 0x28, 0x28, 0x28, 0x9f, 0x8e, 0xb4, 0x28, 0xc1, 0x8f, 0x8f, 0xc9, 0x28, 0x28, 0x28, 0x28, 0x90, 0x8e, 0xbc, 0x28, 0x28, 0xc4, 0xa3, 0x8f, 0x8f, 0x8e, 0x8e, 0xa5, 0xc8, 0x28, 0x28, 0x28, 0xc7, 0xa5, 0x8f, 0x8e, 0x8f, 0xc2, 0x28, 0x28, 0xc0, 0x9a, 0x8e, 0x8e, 0x8e, 0x8f, 0x9f, 0xc2, 0x28, 0x28, 0x28, 0xc1, 0x8e, 0x8f, 0xc9, 0x28, 0x28, 0x28, 0x28, 0xbd, 0x8e, 0x8f, 0x28, 0x28, 0x28, 0x28, 0x28, 0x28, 0x28, 0x28, 0xa0, 0x8e, 0xaa, 0x28, 0x28, 0x28, 0x28, 0x28, 0x28, 0x9c, 0x8e, 0x91, 0x28, 0x28, 0x28, 0x28, 0x28, 0x28, 0x28, 0x28, 0x28, 0x28, 0x28, 0x28, 0x28, 0x28, 0x28, 0x28, 0x28, 0x28, 0x28, 0x28, 0x28, 0x28, 0x28, 0x28, 0x28, 0x28, 0x28, 0x28, 0x28, 0x28, 0x28, 0x28, 0x28, 0x28, 0x28, 0x28, 0x28, 0x28, 0x28, 0x28, 0x28, 0x28, 0x28, 0x28, 0x28, 0x28, 0x28, 0x28, 0x28, 0x28, 0x28, 0x28, 0x28, 0x28, 0x28, 0x28, 0x28, 0x28, 0x28, 0x28, 0x28, 0x28, 0x28, 0x28, 0x28, 0x28, 0x28, 0x28, 0x28, 0x28, 0x28, 0x28, 0x28, 0x28, 0x28, 0x28, 0x28, 0x28, 0x28, 0x28, 0x28, 0x28, 0x28, 0x28, 0x28, 0x28, 0x28, 0x28, 0x28, 0x28, 0x28, 0x28, 0x28, 0x28, 0x28, 0x28, 0x28, 0x28, 0x28, 0x28, 0x28, 0x28, 0x28, 0x28, 0x28, 0x28, 0x28, 0x28, 0x28, 
  0x28, 0x28, 0x28, 0x28, 0x28, 0x28, 0x28, 0x28, 0x28, 0x28, 0x28, 0x28, 0x28, 0x28, 0x28, 0x28, 0x28, 0x28, 0x28, 0x28, 0x28, 0x28, 0x28, 0x28, 0x28, 0x28, 0x28, 0x28, 0x28, 0x28, 0x28, 0x28, 0x28, 0x28, 0x28, 0x28, 0x28, 0x28, 0x28, 0x28, 0x28, 0x28, 0x28, 0x28, 0x28, 0x28, 0x28, 0x28, 0x28, 0x28, 0x28, 0x28, 0x28, 0x28, 0x28, 0x28, 0x28, 0x28, 0x28, 0x28, 0x28, 0x28, 0x28, 0x28, 0x28, 0x28, 0xc9, 0xba, 0x97, 0x8e, 0x8f, 0x8e, 0x8e, 0x8e, 0x8e, 0x91, 0xaa, 0xc1, 0x28, 0x28, 0x28, 0x28, 0x28, 0x28, 0x28, 0x28, 0x28, 0x28, 0x28, 0x28, 0x28, 0x28, 0x28, 0x28, 0x28, 0x28, 0x28, 0x28, 0x28, 0x28, 0xcc, 0x1c, 0x28, 0x28, 0x28, 0x28, 0x28, 0x28, 0x28, 0x28, 0x28, 0x04, 0x00, 0x04, 0x28, 0x28, 0x28, 0x28, 0x28, 0x28, 0xf9, 0x00, 0x00, 0x02, 0xca, 0xf3, 0x11, 0x08, 0x00, 0x00, 0x09, 0x26, 0x28, 0x28, 0x28, 0x28, 0x1f, 0x07, 0x00, 0x00, 0x00, 0x00, 0x00, 0x00, 0x05, 0xfc, 0x28, 0x28, 0x28, 0x28, 0x28, 0x28, 0x28, 0x28, 0x28, 0x28, 0x28, 0x28, 0x28, 0x28, 0x28, 0x28, 0x28, 0x28, 0x28, 0x28, 0x28, 0x28, 0x28, 0x28, 0x28, 0xc7, 0xb2, 0x9e, 0x8e, 0x8f, 0x8e, 0x8f, 0x8e, 0x8f, 0x8f, 0xb1, 0xc6, 0x28, 0x28, 0x28, 0x28, 0x28, 0x28, 0x28, 0x28, 0x28, 0x28, 0x28, 0x28, 0x28, 0x28, 0x28, 0x28, 0x28, 0x28, 0x28, 0x28, 0x28, 0x28, 0x28, 0x28, 0x28, 0x28, 0x28, 0x28, 0x28, 0x28, 0x28, 0x28, 0x28, 0x28, 0x28, 0x28, 0x28, 0x28, 0x28, 0x28, 0x28, 0x28, 0x28, 0x28, 0x28, 0x28, 0x28, 0x28, 0x28, 0x28, 0x28, 0x28, 0x28, 0x28, 0x28, 0x28, 0x28, 0x28, 0x28, 0x28, 0x28, 0x28, 0x28, 0x28, 0x28, 0x28, 0x28, 0x28, 0x28, 0x28, 0x28, 0x28, 0x28, 0x28, 0x28, 0x28, 0x28, 0x28, 0x28, 0x28, 0x28, 0x28, 0x28, 0x28, 0x28, 0x28, 0x28, 0x28, 0x28, 0x28, 0x28, 0x28, 0xc2, 0xbc, 0xc0, 0xc7, 0x28, 0x28, 0x28, 0x28, 0x28, 0x28, 0x28, 0x28, 0x28, 0x28, 0x28, 0x28, 0x28, 0x28, 0x28, 0x28, 0x28, 0x28, 0x28, 0x28, 0x28, 0x28, 0x28, 0x28, 0x28, 0x28, 0x28, 0x28, 0x28, 0x28, 0x28, 0x28, 0x28, 0x28, 0xbf, 0xbe, 0xc6, 0x28, 0x28, 0x28, 0x28, 0x28, 0x28, 0x28, 0xc9, 0xc5, 0xc7, 0x28, 0x28, 0x28, 0x28, 0x28, 0xc7, 0xbe, 0xbe, 0xc9, 0x28, 0x28, 0x28, 0x28, 0x28, 0x28, 0x28, 0x28, 0x28, 0x28, 0x28, 0x28, 0x28, 0x28, 0x28, 0x28, 0x28, 0x28, 0x28, 0x28, 0x28, 0x28, 0x28, 0x28, 0x28, 0x28, 0x28, 0x28, 0x28, 0x28, 0x28, 0x28, 0x28, 0x28, 0x28, 0x28, 0x28, 0x28, 0x28, 0x28, 0x28, 0x28, 0x28, 0x28, 0x28, 0x28, 0x28, 0x28, 0x28, 0x28, 0x28, 0x28, 0x28, 0x28, 0x28, 0x28, 0x28, 0x28, 0x28, 0x28, 0x28, 0x28, 0x28, 0x28, 0x28, 0x28, 0x28, 0x28, 0x28, 0x28, 0x28, 0x28, 0x28, 0x28, 0x28, 0x28, 0x28, 0x28, 0x28, 0x28, 0x28, 0x28, 0x28, 0x28, 0x28, 0x28, 0x28, 0x28, 0x28, 0x28, 0x28, 0x28, 0x28, 0x28, 0x28, 0x28, 0x28, 0x28, 0x28, 0x28, 0x28, 0x28, 0x28, 0x28, 0x28, 0x28, 0x28, 0x28, 0x28, 0x28, 0x28, 0x28, 0x28, 0x28, 0x28, 0x28, 0x28, 0x28, 0x28, 0x28, 0x28, 0x28, 0x28, 0x28, 0x28, 0x28, 0x28, 0x28, 0x28, 0x28, 0x28, 0x28, 0x28, 0x28, 0x28, 0x28, 0x28, 0x28, 0x28, 0x28, 0x28, 0x28, 0x28, 0x28, 0x28, 
  0x28, 0x28, 0x28, 0x28, 0x28, 0x28, 0x28, 0x28, 0x28, 0x28, 0x28, 0x28, 0x28, 0x28, 0x28, 0x28, 0x28, 0x28, 0x28, 0x28, 0x28, 0x28, 0x28, 0x28, 0x28, 0x28, 0x28, 0x28, 0x28, 0x28, 0x28, 0x28, 0x28, 0x28, 0x28, 0x28, 0x28, 0x28, 0x28, 0x28, 0x28, 0x28, 0x28, 0x28, 0x28, 0x28, 0x28, 0x28, 0x28, 0x28, 0x28, 0x28, 0x28, 0x28, 0x28, 0x28, 0x28, 0x28, 0x28, 0x28, 0x28, 0x28, 0x28, 0x28, 0x28, 0x28, 0x28, 0x28, 0xc9, 0xba, 0xa1, 0x8f, 0x8e, 0x8f, 0x8e, 0x8e, 0x8e, 0x8f, 0xaa, 0xb6, 0xc6, 0x28, 0x28, 0x28, 0x28, 0x28, 0x28, 0x28, 0x28, 0x28, 0x28, 0x28, 0x28, 0x28, 0x28, 0x28, 0x28, 0x28, 0x28, 0x28, 0x28, 0x28, 0x28, 0x28, 0x28, 0x28, 0x28, 0x28, 0x28, 0x28, 0x28, 0x08, 0x02, 0x08, 0x28, 0x28, 0x28, 0x28, 0x28, 0x28, 0x28, 0xf2, 0x03, 0x00, 0x00, 0x00, 0x00, 0x00, 0x00, 0x0c, 0xee, 0x28, 0x28, 0x28, 0x28, 0x28, 0x28, 0x26, 0xe5, 0x13, 0xd9, 0xde, 0x14, 0xfa, 0x27, 0x28, 0x28, 0x28, 0x28, 0x28, 0x28, 0x28, 0x28, 0x28, 0x28, 0x28, 0x28, 0x28, 0x28, 0x28, 0x28, 0x28, 0x28, 0x28, 0x28, 0x28, 0x28, 0x28, 0xc9, 0xbb, 0xae, 0x91, 0x8e, 0x8e, 0x8e, 0x8e, 0x8e, 0x8e, 0x94, 0xb1, 0xc6, 0x28, 0x28, 0x28, 0x28, 0x28, 0x28, 0x28, 0x28, 0x28, 0x28, 0x28, 0x28, 0x28, 0x28, 0x28, 0x28, 0x28, 0x28, 0x28, 0x28, 0x28, 0x28, 0x28, 0x28, 0x28, 0x28, 0x28, 0x28, 0x28, 0x28, 0x28, 0x28, 0x28, 0x28, 0x28, 0x28, 0x28, 0x28, 0x28, 0x28, 0x28, 0x28, 0x28, 0x28, 0x28, 0x28, 0x28, 0x28, 0x28, 0x28, 0x28, 0x28, 0x28, 0x28, 0x28, 0x28, 0x28, 0x28, 0x28, 0x28, 0x28, 0x28, 0x28, 0x28, 0x28, 0x28, 0x28, 0x28, 0x28, 0x28, 0x28, 0x28, 0x28, 0x28, 0x28, 0x28, 0x28, 0x28, 0x28, 0x28, 0x28, 0x28, 0x28, 0x28, 0x28, 0x28, 0x28, 0x28, 0x28, 0x28, 0x28, 0x28, 0x28, 0x28, 0x28, 0x28, 0x28, 0x28, 0x28, 0x28, 0x28, 0x28, 0x28, 0x28, 0x28, 0x28, 0x28, 0x28, 0x28, 0x28, 0x28, 0x28, 0x28, 0x28, 0x28, 0x28, 0x28, 0x28, 0x28, 0x28, 0x28, 0x28, 0x28, 0x28, 0x28, 0x28, 0x28, 0x28, 0x28, 0x28, 0x28, 0x28, 0x28, 0x28, 0x28, 0x28, 0x28, 0x28, 0x28, 0x28, 0x28, 0x28, 0x28, 0x28, 0x28, 0x28, 0x28, 0x28, 0x28, 0x28, 0x28, 0x28, 0x28, 0x28, 0x28, 0x28, 0x28, 0x28, 0x28, 0x28, 0x28, 0x28, 0x28, 0x28, 0x28, 0x28, 0x28, 0x28, 0x28, 0x28, 0x28, 0x28, 0x28, 0x28, 0x28, 0x28, 0x28, 0x28, 0x28, 0x28, 0x28, 0x28, 0x28, 0x28, 0x28, 0x28, 0x28, 0x28, 0x28, 0x28, 0x28, 0x28, 0x28, 0x28, 0x28, 0x28, 0x28, 0x28, 0x28, 0x28, 0x28, 0x28, 0x28, 0x28, 0x28, 0x28, 0x28, 0x28, 0x28, 0x28, 0x28, 0x28, 0x28, 0x28, 0x28, 0x28, 0x28, 0x28, 0x28, 0x28, 0x28, 0x28, 0x28, 0x28, 0x28, 0x28, 0x28, 0x28, 0x28, 0x28, 0x28, 0x28, 0x28, 0x28, 0x28, 0x28, 0x28, 0x28, 0x28, 0x28, 0x28, 0x28, 0x28, 0x28, 0x28, 0x28, 0x28, 0x28, 0x28, 0x28, 0x28, 0x28, 0x28, 0x28, 0x28, 0x28, 0x28, 0x28, 0x28, 0x28, 0x28, 0x28, 0x28, 0x28, 0x28, 0x28, 0x28, 0x28, 0x28, 0x28, 0x28, 0x28, 0x28, 0x28, 0x28, 0x28, 0x28, 0x28, 0x28, 0x28, 0x28, 0x28, 0x28, 0x28, 0x28, 0x28, 0x28, 0x28, 0x28, 0x28, 0x28, 0x28, 0x28, 0x28, 0x28, 0x28, 0x28, 0x28, 0x28, 
  0x28, 0x28, 0x28, 0x28, 0x28, 0x28, 0x28, 0x28, 0x28, 0x28, 0x28, 0x28, 0x28, 0x28, 0x28, 0x28, 0x28, 0x28, 0x28, 0x28, 0x28, 0x28, 0x28, 0x28, 0x28, 0x28, 0x28, 0x28, 0x28, 0x28, 0x28, 0x28, 0x28, 0x28, 0x28, 0x28, 0x28, 0x28, 0x28, 0x28, 0x28, 0x28, 0x28, 0x28, 0x28, 0x28, 0x28, 0x28, 0x28, 0x28, 0x28, 0x28, 0x28, 0x28, 0x28, 0x28, 0x28, 0x28, 0x28, 0x28, 0x28, 0x28, 0x28, 0x28, 0x28, 0x28, 0x28, 0x28, 0x28, 0x28, 0x28, 0xbb, 0x9c, 0x8e, 0x8e, 0x8f, 0x8f, 0x8e, 0x8f, 0x8e, 0x90, 0xba, 0xc0, 0x28, 0x28, 0x28, 0x28, 0x28, 0x28, 0x28, 0x28, 0x28, 0x28, 0x28, 0x28, 0x28, 0x28, 0x28, 0x28, 0x28, 0x28, 0x28, 0x28, 0x28, 0x28, 0x28, 0x28, 0x28, 0x28, 0x28, 0x28, 0x28, 0x28, 0x26, 0x28, 0x28, 0x28, 0x28, 0x28, 0x28, 0x28, 0x28, 0xee, 0x2a, 0x09, 0x05, 0x06, 0x0b, 0x33, 0xc9, 0x28, 0x28, 0x28, 0x28, 0x28, 0x28, 0x28, 0x28, 0x28, 0x28, 0x28, 0x28, 0x28, 0x28, 0x28, 0x28, 0x28, 0x28, 0x28, 0x28, 0x28, 0x28, 0x28, 0x28, 0x28, 0x28, 0x28, 0x28, 0x28, 0x28, 0x28, 0x28, 0x28, 0x28, 0x28, 0x28, 0xc5, 0xbc, 0x9c, 0x8f, 0x8e, 0x8f, 0x8f, 0x8f, 0x8f, 0x8e, 0x91, 0xad, 0xc9, 0x28, 0x28, 0x28, 0x28, 0x28, 0x28, 0x28, 0x28, 0x28, 0x28, 0x28, 0x28, 0x28, 0x28, 0x28, 0x28, 0x28, 0x28, 0x28, 0x28, 0x28, 0x28, 0x28, 0x28, 0x28, 0x28, 0x28, 0x28, 0x28, 0x28, 0x28, 0x28, 0x28, 0x28, 0x28, 0x28, 0x28, 0x28, 0x28, 0x28, 0x28, 0x28, 0x28, 0x28, 0x28, 0x28, 0x28, 0x28, 0x28, 0x28, 0x28, 0x28, 0x28, 0x28, 0x28, 0x28, 0x28, 0x28, 0x28, 0x28, 0x28, 0x28, 0x28, 0x28, 0x28, 0x28, 0x28, 0x28, 0x28, 0x28, 0x28, 0x28, 0x28, 0x28, 0x28, 0x28, 0x28, 0x28, 0x28, 0x28, 0x28, 0x28, 0x28, 0x28, 0x28, 0x28, 0x28, 0x28, 0x28, 0x28, 0x28, 0x28, 0x28, 0x28, 0x28, 0x28, 0x28, 0x28, 0x28, 0x28, 0x28, 0x28, 0x28, 0x28, 0x28, 0x28, 0x28, 0x28, 0x28, 0x28, 0x28, 0x28, 0x28, 0x28, 0x28, 0x28, 0x28, 0x28, 0x28, 0x28, 0x28, 0x28, 0x28, 0x28, 0x28, 0x28, 0x28, 0x28, 0x28, 0x28, 0x28, 0x28, 0x28, 0x28, 0x28, 0x28, 0x28, 0x28, 0x28, 0x28, 0x28, 0x28, 0x28, 0x28, 0x28, 0x28, 0x28, 0x28, 0x28, 0x28, 0x28, 0x28, 0x28, 0x28, 0x28, 0x28, 0x28, 0x28, 0x28, 0x28, 0x28, 0x28, 0x28, 0x28, 0x28, 0x28, 0x28, 0x28, 0x28, 0x28, 0x28, 0x28, 0x28, 0x28, 0x28, 0x28, 0x28, 0x28, 0x28, 0x28, 0x28, 0x28, 0x28, 0x28, 0x28, 0x28, 0x28, 0x28, 0x28, 0x28, 0x28, 0x28, 0x28, 0x28, 0x28, 0x28, 0x28, 0x28, 0x28, 0x28, 0x28, 0x28, 0x28, 0x28, 0x28, 0x28, 0x28, 0x28, 0x28, 0x28, 0x28, 0x28, 0x28, 0x28, 0x28, 0x28, 0x28, 0x28, 0x28, 0x28, 0x28, 0x28, 0x28, 0x28, 0x28, 0x28, 0x28, 0x28, 0x28, 0x28, 0x28, 0x28, 0x28, 0x28, 0x28, 0x28, 0x28, 0x28, 0x28, 0x28, 0x28, 0x28, 0x28, 0x28, 0x28, 0x28, 0x28, 0x28, 0x28, 0x28, 0x28, 0x28, 0x28, 0x28, 0x28, 0x28, 0x28, 0x28, 0x28, 0x28, 0x28, 0x28, 0x28, 0x28, 0x28, 0x28, 0x28, 0x28, 0x28, 0x28, 0x28, 0x28, 0x28, 0x28, 0x28, 0x28, 0x28, 0x28, 0x28, 0x28, 0x28, 0x28, 0x28, 0x28, 0x28, 0x28, 0x28, 0x28, 0x28, 0x28, 0x28, 0x28, 0x28, 0x28, 0x28, 0x28, 0x28, 0x28, 0x28, 0x28, 0x28, 
  0x28, 0x28, 0x28, 0x28, 0x28, 0x28, 0x28, 0x28, 0x28, 0x28, 0x28, 0x28, 0x28, 0x28, 0x28, 0x28, 0x28, 0x28, 0x28, 0x28, 0x28, 0x28, 0x28, 0x28, 0x28, 0x28, 0x28, 0x28, 0x28, 0x28, 0x28, 0x28, 0x28, 0x28, 0x28, 0x28, 0x28, 0x28, 0x28, 0x28, 0x28, 0x28, 0x28, 0x28, 0x28, 0x28, 0x28, 0x28, 0x28, 0x28, 0x28, 0x28, 0x28, 0x28, 0x28, 0x28, 0x28, 0x28, 0x28, 0x28, 0x28, 0x28, 0x28, 0x28, 0x28, 0x28, 0x28, 0x28, 0x28, 0x28, 0x28, 0x28, 0x28, 0xb2, 0x9c, 0x90, 0x8e, 0x8e, 0x8e, 0x8f, 0x8e, 0x8e, 0x8e, 0x9c, 0xc2, 0xc5, 0x28, 0x28, 0x28, 0x28, 0x28, 0x28, 0x28, 0x28, 0x28, 0x28, 0x28, 0x28, 0x28, 0x28, 0x28, 0x28, 0x28, 0x28, 0x28, 0x28, 0x28, 0x28, 0x28, 0x28, 0x28, 0x28, 0x28, 0x28, 0x28, 0x28, 0x28, 0x28, 0x28, 0x28, 0x28, 0x28, 0x28, 0x28, 0x28, 0x28, 0x28, 0x28, 0x28, 0x28, 0x28, 0x28, 0x28, 0x28, 0x28, 0x28, 0x28, 0x28, 0x28, 0x28, 0x28, 0x28, 0x28, 0x28, 0x28, 0x28, 0x28, 0x28, 0x28, 0x28, 0x28, 0x28, 0x28, 0x28, 0x28, 0x28, 0x28, 0x28, 0x28, 0x28, 0x28, 0x28, 0x28, 0xc8, 0xc4, 0xaf, 0x8e, 0x8f, 0x8e, 0x8e, 0x8f, 0x8f, 0x8e, 0x8e, 0x9a, 0xa6, 0xc6, 0x28, 0x28, 0x28, 0x28, 0x28, 0x28, 0x28, 0x28, 0x28, 0x28, 0x28, 0x28, 0x28, 0x28, 0x28, 0x28, 0x28, 0x28, 0x28, 0x28, 0x28, 0x28, 0x28, 0x28, 0x28, 0x28, 0x28, 0x28, 0x28, 0x28, 0x28, 0x28, 0x28, 0x28, 0x28, 0x28, 0x28, 0x28, 0x28, 0x28, 0x28, 0x28, 0x28, 0x28, 0x28, 0x28, 0x28, 0x28, 0x28, 0x28, 0x28, 0x28, 0x28, 0x28, 0x28, 0x28, 0x28, 0x28, 0x28, 0x28, 0x28, 0x28, 0x28, 0x28, 0x28, 0x28, 0x28, 0x28, 0x28, 0x28, 0x28, 0x28, 0x28, 0x28, 0x28, 0x28, 0x28, 0x28, 0x28, 0x28, 0x28, 0x28, 0x28, 0x28, 0x28, 0x28, 0x28, 0x28, 0x28, 0x28, 0x28, 0x28, 0x28, 0x28, 0x28, 0x28, 0x28, 0x28, 0x28, 0x28, 0x28, 0x28, 0x28, 0x28, 0x28, 0x28, 0x28, 0x28, 0x28, 0x28, 0x28, 0x28, 0x28, 0x28, 0x28, 0x28, 0x28, 0x28, 0x28, 0x28, 0x28, 0x28, 0x28, 0x28, 0x28, 0x28, 0x28, 0x28, 0x28, 0x28, 0x28, 0x28, 0x28, 0x28, 0x28, 0x28, 0x28, 0x28, 0x28, 0x28, 0x28, 0x28, 0x28, 0x28, 0x28, 0x28, 0x28, 0x28, 0x28, 0x28, 0x28, 0x28, 0x28, 0x28, 0x28, 0x28, 0x28, 0x28, 0x28, 0x28, 0x28, 0x28, 0x28, 0x28, 0x28, 0x28, 0x28, 0x28, 0x28, 0x28, 0x28, 0x28, 0x28, 0x28, 0x28, 0x28, 0x28, 0x28, 0x28, 0x28, 0x28, 0x28, 0x28, 0x28, 0x28, 0x28, 0x28, 0x28, 0x28, 0x28, 0x28, 0x28, 0x28, 0x28, 0x28, 0x28, 0x28, 0x28, 0x28, 0x28, 0x28, 0x28, 0x28, 0x28, 0x28, 0x28, 0x28, 0x28, 0x28, 0x28, 0x28, 0x28, 0x28, 0x28, 0x28, 0x28, 0x28, 0x28, 0x28, 0x28, 0x28, 0x28, 0x28, 0x28, 0x28, 0x28, 0x28, 0x28, 0x28, 0x28, 0x28, 0x28, 0x28, 0x28, 0x28, 0x28, 0x28, 0x28, 0x28, 0x28, 0x28, 0x28, 0x28, 0x28, 0x28, 0x28, 0x28, 0x28, 0x28, 0x28, 0x28, 0x28, 0x28, 0x28, 0x28, 0x28, 0x28, 0x28, 0x28, 0x28, 0x28, 0x28, 0x28, 0x28, 0x28, 0x28, 0x28, 0x28, 0x28, 0x28, 0x28, 0x28, 0x28, 0x28, 0x28, 0x28, 0x28, 0x28, 0x28, 0x28, 0x28, 0x28, 0x28, 0x28, 0x28, 0x28, 0x28, 0x28, 0x28, 0x28, 0x28, 0x28, 0x28, 0x28, 0x28, 0x28, 0x28, 0x28, 0x28, 0x28, 0x28, 0x28, 0x28, 
  0x28, 0x28, 0x28, 0x28, 0x28, 0x28, 0x28, 0x28, 0x28, 0x28, 0x28, 0x28, 0x28, 0x28, 0x28, 0x28, 0x28, 0x28, 0x28, 0x28, 0x28, 0x28, 0x28, 0x28, 0x28, 0x28, 0x28, 0x28, 0x28, 0x28, 0x28, 0x28, 0x28, 0x28, 0x28, 0x28, 0x28, 0x28, 0x28, 0x28, 0x28, 0x28, 0x28, 0x28, 0x28, 0x28, 0x28, 0x28, 0x28, 0x28, 0x28, 0x28, 0x28, 0x28, 0x28, 0x28, 0x28, 0x28, 0x28, 0x28, 0x28, 0x28, 0x28, 0x28, 0x28, 0x28, 0x28, 0x28, 0x28, 0x28, 0x28, 0x28, 0x28, 0x28, 0x28, 0xc9, 0xa0, 0x90, 0x8f, 0x8e, 0x8f, 0x8e, 0x8f, 0x8e, 0x8f, 0x8e, 0x90, 0xbe, 0xc7, 0x28, 0x28, 0x28, 0x28, 0x28, 0x28, 0x28, 0x28, 0x28, 0x28, 0x28, 0x28, 0x28, 0x28, 0x28, 0x28, 0x28, 0x28, 0x28, 0x28, 0x28, 0x28, 0x28, 0x28, 0x28, 0x28, 0x28, 0x28, 0x28, 0x28, 0x28, 0x28, 0x28, 0x28, 0x28, 0x28, 0x28, 0x28, 0x28, 0x28, 0x28, 0x28, 0x28, 0x28, 0x28, 0x28, 0x28, 0x28, 0x28, 0x28, 0x28, 0x28, 0x28, 0x28, 0x28, 0x28, 0x28, 0x28, 0x28, 0x28, 0x28, 0x28, 0x28, 0x28, 0x28, 0x28, 0x28, 0x28, 0x28, 0x28, 0x28, 0xc9, 0xc8, 0x9f, 0x8e, 0x8e, 0x8e, 0x8f, 0x8e, 0x8f, 0x8f, 0x8e, 0x8f, 0x91, 0xc0, 0x28, 0x28, 0x28, 0x28, 0x28, 0x28, 0x28, 0x28, 0x28, 0x28, 0x28, 0x28, 0x28, 0x28, 0x28, 0x28, 0x28, 0x28, 0x28, 0x28, 0x28, 0x28, 0x28, 0x28, 0x28, 0x28, 0x28, 0x28, 0x28, 0x28, 0x28, 0x28, 0x28, 0x28, 0x28, 0x28, 0x28, 0x28, 0x28, 0x28, 0x28, 0x28, 0x28, 0x28, 0x28, 0x28, 0x28, 0x28, 0x28, 0x28, 0x28, 0x28, 0x28, 0x28, 0x28, 0x28, 0x28, 0x28, 0x28, 0x28, 0x28, 0x28, 0x28, 0x28, 0x28, 0x28, 0x28, 0x28, 0x28, 0x28, 0x28, 0x28, 0x28, 0x28, 0x28, 0x28, 0x28, 0x28, 0x28, 0x28, 0x28, 0x28, 0x28, 0x28, 0x28, 0x28, 0x28, 0x28, 0x28, 0x28, 0x28, 0x28, 0x28, 0x28, 0x28, 0x28, 0x28, 0x28, 0x28, 0x28, 0x28, 0x28, 0x28, 0x28, 0x28, 0x28, 0x28, 0x28, 0x28, 0x28, 0x28, 0x28, 0x28, 0x28, 0x28, 0x28, 0x28, 0x28, 0x28, 0x28, 0x28, 0x28, 0x28, 0x28, 0x28, 0x28, 0x28, 0x28, 0x28, 0x28, 0x28, 0x28, 0x28, 0x28, 0x28, 0x28, 0x28, 0x28, 0x28, 0x28, 0x28, 0x28, 0x28, 0x28, 0x28, 0x28, 0x28, 0x28, 0x28, 0x28, 0x28, 0x28, 0x28, 0x28, 0x28, 0x28, 0x28, 0x28, 0x28, 0x28, 0x28, 0x28, 0x28, 0x28, 0x28, 0x28, 0x28, 0x28, 0x28, 0x28, 0x28, 0x28, 0x28, 0x28, 0x28, 0x28, 0x28, 0x28, 0x28, 0x28, 0x28, 0x28, 0x28, 0x28, 0x28, 0x28, 0x28, 0x28, 0x28, 0x28, 0x28, 0x28, 0x28, 0x28, 0x28, 0x28, 0x28, 0x28, 0x28, 0x28, 0x28, 0x28, 0x28, 0x28, 0x28, 0x28, 0x28, 0x28, 0x28, 0x28, 0x28, 0x28, 0x28, 0x28, 0x28, 0x28, 0x28, 0x28, 0x28, 0x28, 0x28, 0x28, 0x28, 0x28, 0x28, 0x28, 0x28, 0x28, 0x28, 0x28, 0x28, 0x28, 0x28, 0x28, 0x28, 0x28, 0x28, 0x28, 0x28, 0x28, 0x28, 0x28, 0x28, 0x28, 0x28, 0x28, 0x28, 0x28, 0x28, 0x28, 0x28, 0x28, 0x28, 0x28, 0x28, 0x28, 0x28, 0x28, 0x28, 0x28, 0x28, 0x28, 0x28, 0x28, 0x28, 0x28, 0x28, 0x28, 0x28, 0x28, 0x28, 0x28, 0x28, 0x28, 0x28, 0x28, 0x28, 0x28, 0x28, 0x28, 0x28, 0x28, 0x28, 0x28, 0x28, 0x28, 0x28, 0x28, 0x28, 0x28, 0x28, 0x28, 0x28, 0x28, 0x28, 0x28, 0x28, 0x28, 0x28, 0x28, 0x28, 0x28, 0x28, 0x28, 0x28, 0x28, 
  0x28, 0x28, 0x28, 0x28, 0x28, 0x28, 0x28, 0x28, 0x28, 0x28, 0x28, 0x28, 0x28, 0x28, 0x28, 0x28, 0x28, 0x28, 0x28, 0x28, 0x28, 0x28, 0x28, 0x28, 0x28, 0x28, 0x28, 0x28, 0x28, 0x28, 0x28, 0x28, 0x28, 0x28, 0x28, 0x28, 0x28, 0x28, 0x28, 0x28, 0x28, 0x28, 0x28, 0x28, 0x28, 0x28, 0x28, 0x28, 0x28, 0x28, 0x28, 0x28, 0x28, 0x28, 0x28, 0x28, 0x28, 0x28, 0x28, 0x28, 0x28, 0x28, 0x28, 0x28, 0x28, 0x28, 0x28, 0x28, 0x28, 0x28, 0x28, 0x28, 0x28, 0x28, 0x28, 0x28, 0x28, 0x28, 0xac, 0x8f, 0x8e, 0x8e, 0x8f, 0x8e, 0x8f, 0x8e, 0x8f, 0x8e, 0x8e, 0x9a, 0xc0, 0x28, 0x28, 0x28, 0x28, 0x28, 0x28, 0x28, 0x28, 0x28, 0x28, 0x28, 0x28, 0x28, 0x28, 0x28, 0x28, 0x28, 0x28, 0x28, 0x28, 0x28, 0x28, 0x28, 0x28, 0x28, 0x28, 0x28, 0x28, 0x28, 0x28, 0x28, 0x28, 0x28, 0x28, 0x28, 0x28, 0x28, 0x28, 0x28, 0x28, 0x28, 0x28, 0x28, 0x28, 0x28, 0x28, 0x28, 0x28, 0x28, 0x28, 0x28, 0x28, 0x28, 0x28, 0x28, 0x28, 0x28, 0x28, 0x28, 0x28, 0x28, 0x28, 0x28, 0x28, 0x28, 0x28, 0x28, 0xc7, 0xaa, 0x8e, 0x8e, 0x8e, 0x8e, 0x8e, 0x8e, 0x8e, 0x8f, 0x8e, 0x8e, 0x94, 0xc7, 0x28, 0x28, 0x28, 0x28, 0x28, 0x28, 0x28, 0x28, 0x28, 0x28, 0x28, 0x28, 0x28, 0x28, 0x28, 0x28, 0x28, 0x28, 0x28, 0x28, 0x28, 0x28, 0x28, 0x28, 0x28, 0x28, 0x28, 0x28, 0x28, 0x28, 0x28, 0x28, 0x28, 0x28, 0x28, 0x28, 0x28, 0x28, 0x28, 0x28, 0x28, 0x28, 0x28, 0x28, 0x28, 0x28, 0x28, 0x28, 0x28, 0x28, 0x28, 0x28, 0x28, 0x28, 0x28, 0x28, 0x28, 0x28, 0x28, 0x28, 0x28, 0x28, 0x28, 0x28, 0x28, 0x28, 0x28, 0x28, 0x28, 0x28, 0x28, 0x28, 0x28, 0x28, 0x28, 0x28, 0x28, 0x28, 0x28, 0x28, 0x28, 0x28, 0x28, 0x28, 0x28, 0x28, 0x28, 0x28, 0x28, 0x28, 0x28, 0x28, 0x28, 0x28, 0x28, 0x28, 0x28, 0x28, 0x28, 0x28, 0x28, 0x28, 0x28, 0x28, 0x28, 0x28, 0x28, 0x28, 0x28, 0x28, 0x28, 0x28, 0x28, 0x28, 0x28, 0x28, 0x28, 0x28, 0x28, 0x28, 0x28, 0x28, 0x28, 0x28, 0x28, 0x28, 0x28, 0x28, 0x28, 0x28, 0x28, 0x28, 0x28, 0x28, 0x28, 0x28, 0x28, 0x28, 0x28, 0x28, 0x28, 0x28, 0x28, 0x28, 0x28, 0x28, 0x28, 0x28, 0x28, 0x28, 0x28, 0x28, 0x28, 0x28, 0x28, 0x28, 0x28, 0x28, 0x28, 0x28, 0x28, 0x28, 0x28, 0x28, 0x28, 0x28, 0x28, 0x28, 0x28, 0x28, 0x28, 0x28, 0x28, 0x28, 0x28, 0x28, 0x28, 0x28, 0x28, 0x28, 0x28, 0x28, 0x28, 0x28, 0x28, 0x28, 0x28, 0x28, 0x28, 0x28, 0x28, 0x28, 0x28, 0x28, 0x28, 0x28, 0x28, 0x28, 0x28, 0x28, 0x28, 0x28, 0x28, 0x28, 0x28, 0x28, 0x28, 0x28, 0x28, 0x28, 0x28, 0x28, 0x28, 0x28, 0x28, 0x28, 0x28, 0x28, 0x28, 0x28, 0x28, 0x28, 0x28, 0x28, 0x28, 0x28, 0x28, 0x28, 0x28, 0x28, 0x28, 0x28, 0x28, 0x28, 0x28, 0x28, 0x28, 0x28, 0x28, 0x28, 0x28, 0x28, 0x28, 0x28, 0x28, 0x28, 0x28, 0x28, 0x28, 0x28, 0x28, 0x28, 0x28, 0x28, 0x28, 0x28, 0x28, 0x28, 0x28, 0x28, 0x28, 0x28, 0x28, 0x28, 0x28, 0x28, 0x28, 0x28, 0x28, 0x28, 0x28, 0x28, 0x28, 0x28, 0x28, 0x28, 0x28, 0x28, 0x28, 0x28, 0x28, 0x28, 0x28, 0x28, 0x28, 0x28, 0x28, 0x28, 0x28, 0x28, 0x28, 0x28, 0x28, 0x28, 0x28, 0x28, 0x28, 0x28, 0x28, 0x28, 0x28, 0x28, 0x28, 0x28, 0x28, 0x28, 0x28, 0x28, 
  0x28, 0x28, 0x28, 0x28, 0x28, 0x28, 0x28, 0x28, 0x28, 0x28, 0x28, 0x28, 0x28, 0x28, 0x28, 0x28, 0x28, 0x28, 0x28, 0x28, 0x28, 0x28, 0x28, 0x28, 0x28, 0x28, 0x28, 0x28, 0x28, 0x28, 0x28, 0x28, 0x28, 0x28, 0x28, 0x28, 0x28, 0x28, 0x28, 0x28, 0x28, 0x28, 0x28, 0x28, 0x28, 0x28, 0x28, 0x28, 0x28, 0x28, 0x28, 0x28, 0x28, 0x28, 0x28, 0x28, 0x28, 0x28, 0x28, 0x28, 0x28, 0x28, 0x28, 0x28, 0x28, 0x28, 0x28, 0x28, 0x28, 0x28, 0x28, 0x28, 0x28, 0x28, 0x28, 0x28, 0x28, 0x28, 0x28, 0xc8, 0xc0, 0x8f, 0x8e, 0x8f, 0x8e, 0x8f, 0x8e, 0x8f, 0x8e, 0x8f, 0x8e, 0x90, 0x97, 0xb6, 0xc9, 0x28, 0x28, 0x28, 0x28, 0x28, 0x28, 0x28, 0x28, 0x28, 0x28, 0x28, 0x28, 0x28, 0x28, 0x28, 0x28, 0x28, 0x28, 0x28, 0x28, 0x28, 0x28, 0x28, 0x28, 0x28, 0x28, 0x28, 0x28, 0x28, 0x28, 0x28, 0x28, 0x28, 0x28, 0x28, 0x28, 0x28, 0x28, 0x28, 0x28, 0x28, 0x28, 0x28, 0x28, 0x28, 0x28, 0x28, 0x28, 0x28, 0x28, 0x28, 0x28, 0x28, 0x28, 0x28, 0x28, 0x28, 0x28, 0x28, 0x28, 0xbd, 0x9c, 0x91, 0x8f, 0x8e, 0x8e, 0x8e, 0x8e, 0x8f, 0x8e, 0x8f, 0x8e, 0x8e, 0xb7, 0xc6, 0x28, 0x28, 0x28, 0x28, 0x28, 0x28, 0x28, 0x28, 0x28, 0x28, 0x28, 0x28, 0x28, 0x28, 0x28, 0x28, 0x28, 0x28, 0x28, 0x28, 0x28, 0x28, 0x28, 0x28, 0x28, 0x28, 0x28, 0x28, 0x28, 0x28, 0x28, 0x28, 0x28, 0x28, 0x28, 0x28, 0x28, 0x28, 0x28, 0x28, 0x28, 0x28, 0x28, 0x28, 0x28, 0x28, 0x28, 0x28, 0x28, 0x28, 0x28, 0x28, 0x28, 0x28, 0x28, 0x28, 0x28, 0x28, 0x28, 0x28, 0x28, 0x28, 0x28, 0x28, 0x28, 0x28, 0x28, 0x28, 0x28, 0x28, 0x28, 0x28, 0x28, 0x28, 0x28, 0x28, 0x28, 0x28, 0x28, 0x28, 0x28, 0x28, 0x28, 0x28, 0x28, 0x28, 0x28, 0x28, 0x28, 0x28, 0x28, 0x28, 0x28, 0x28, 0x28, 0x28, 0x28, 0x28, 0x28, 0x28, 0x28, 0x28, 0x28, 0x28, 0x28, 0x28, 0x28, 0x28, 0x28, 0x28, 0x28, 0x28, 0x28, 0x28, 0x28, 0x28, 0x28, 0x28, 0x28, 0x28, 0x28, 0x28, 0x28, 0x28, 0x28, 0x28, 0x28, 0x28, 0x28, 0x28, 0x28, 0x28, 0x28, 0x28, 0x28, 0x28, 0x28, 0x28, 0x28, 0x28, 0x28, 0x28, 0x28, 0x28, 0x28, 0x28, 0x28, 0x28, 0x28, 0x28, 0x28, 0x28, 0x28, 0x28, 0x28, 0x28, 0x28, 0x28, 0x28, 0x28, 0x28, 0x28, 0x28, 0x28, 0x28, 0x28, 0x28, 0x28, 0x28, 0x28, 0x28, 0x28, 0x28, 0x28, 0x28, 0x28, 0x28, 0x28, 0x28, 0x28, 0x28, 0x28, 0x28, 0x28, 0x28, 0x28, 0x28, 0x28, 0x28, 0x28, 0x28, 0x28, 0x28, 0x28, 0x28, 0x28, 0x28, 0x28, 0x28, 0x28, 0x28, 0x28, 0x28, 0x28, 0x28, 0x28, 0x28, 0x28, 0x28, 0x28, 0x28, 0x28, 0x28, 0x28, 0x28, 0x28, 0x28, 0x28, 0x28, 0x28, 0x28, 0x28, 0x28, 0x28, 0x28, 0x28, 0x28, 0x28, 0x28, 0x28, 0x28, 0x28, 0x28, 0x28, 0x28, 0x28, 0x28, 0x28, 0x28, 0x28, 0x28, 0x28, 0x28, 0x28, 0x28, 0x28, 0x28, 0x28, 0x28, 0x28, 0x28, 0x28, 0x28, 0x28, 0x28, 0x28, 0x28, 0x28, 0x28, 0x28, 0x28, 0x28, 0x28, 0x28, 0x28, 0x28, 0x28, 0x28, 0x28, 0x28, 0x28, 0x28, 0x28, 0x28, 0x28, 0x28, 0x28, 0x28, 0x28, 0x28, 0x28, 0x28, 0x28, 0x28, 0x28, 0x28, 0x28, 0x28, 0x28, 0x28, 0x28, 0x28, 0x28, 0x28, 0x28, 0x28, 0x28, 0x28, 0x28, 0x28, 0x28, 0x28, 0x28, 0x28, 0x28, 0x28, 0x28, 0x28, 0x28, 0x28, 
  0x28, 0x28, 0x28, 0x28, 0x28, 0x28, 0x28, 0x28, 0x28, 0x28, 0x28, 0x28, 0x28, 0x28, 0x28, 0x28, 0x28, 0x28, 0x28, 0x28, 0x28, 0x28, 0x28, 0x28, 0x28, 0x28, 0x28, 0x28, 0x28, 0x28, 0x28, 0x28, 0x28, 0x28, 0x28, 0x28, 0x28, 0x28, 0x28, 0x28, 0x28, 0x28, 0x28, 0x28, 0x28, 0x28, 0x28, 0x28, 0x28, 0x28, 0x28, 0x28, 0x28, 0x28, 0x28, 0x28, 0x28, 0x28, 0x28, 0x28, 0x28, 0x28, 0x28, 0x28, 0x28, 0x28, 0x28, 0x28, 0x28, 0x28, 0x28, 0x28, 0x28, 0x28, 0x28, 0x28, 0x28, 0x28, 0x28, 0x28, 0x28, 0x28, 0xc4, 0xbf, 0x97, 0x8e, 0x8e, 0x8e, 0x8e, 0x8e, 0x8f, 0x8e, 0x8e, 0x8e, 0x8f, 0x94, 0x9e, 0x9f, 0xb8, 0xc9, 0x28, 0x28, 0x28, 0x28, 0x28, 0x28, 0x28, 0x28, 0x28, 0x28, 0x28, 0x28, 0x28, 0x28, 0x28, 0x28, 0x28, 0x28, 0x28, 0x28, 0x28, 0x28, 0x28, 0x28, 0x28, 0x28, 0x28, 0x28, 0x28, 0x28, 0x28, 0x28, 0x28, 0x28, 0x28, 0x28, 0x28, 0x28, 0x28, 0x28, 0x28, 0x28, 0x28, 0x28, 0x28, 0x28, 0x28, 0x28, 0x28, 0x28, 0xbe, 0xaa, 0x9e, 0x9a, 0x90, 0x8e, 0x8e, 0x8e, 0x8f, 0x8f, 0x8f, 0x8f, 0x8f, 0x8e, 0x8f, 0xb9, 0xc1, 0xc9, 0x28, 0x28, 0x28, 0x28, 0x28, 0x28, 0x28, 0x28, 0x28, 0x28, 0x28, 0x28, 0x28, 0x28, 0x28, 0x28, 0x28, 0x28, 0x28, 0x28, 0x28, 0x28, 0x28, 0x28, 0x28, 0x28, 0x28, 0x28, 0x28, 0x28, 0x28, 0x28, 0x28, 0x28, 0x28, 0x28, 0x28, 0x28, 0x28, 0x28, 0x28, 0x28, 0x28, 0x28, 0x28, 0x28, 0x28, 0x28, 0x28, 0x28, 0x28, 0x28, 0x28, 0x28, 0x28, 0x28, 0x28, 0x28, 0x28, 0x28, 0x28, 0x28, 0x28, 0x28, 0x28, 0x28, 0x28, 0x28, 0x28, 0x28, 0x28, 0x28, 0x28, 0x28, 0x28, 0x28, 0x28, 0x28, 0x28, 0x28, 0x28, 0x28, 0x28, 0x28, 0x28, 0x28, 0x28, 0x28, 0x28, 0x28, 0x28, 0x28, 0x28, 0x28, 0x28, 0x28, 0x28, 0x28, 0x28, 0x28, 0x28, 0x28, 0x28, 0x28, 0x28, 0x28, 0x28, 0x28, 0x28, 0x28, 0x28, 0x28, 0x28, 0x28, 0x28, 0x28, 0x28, 0x28, 0x28, 0x28, 0x28, 0x28, 0x28, 0x28, 0x28, 0x28, 0x28, 0x28, 0x28, 0x28, 0x28, 0x28, 0x28, 0x28, 0x28, 0x28, 0x28, 0x28, 0x28, 0x28, 0x28, 0x28, 0x28, 0x28, 0x28, 0x28, 0x28, 0x28, 0x28, 0x28, 0x28, 0x28, 0x28, 0x28, 0x28, 0x28, 0x28, 0x28, 0x28, 0x28, 0x28, 0x28, 0x28, 0x28, 0x28, 0x28, 0x28, 0x28, 0x28, 0x28, 0x28, 0x28, 0x28, 0x28, 0x28, 0x28, 0x28, 0x28, 0x28, 0x28, 0x28, 0x28, 0x28, 0x28, 0x28, 0x28, 0x28, 0x28, 0x28, 0x28, 0x28, 0x28, 0x28, 0x28, 0x28, 0x28, 0x28, 0x28, 0x28, 0x28, 0x28, 0x28, 0x28, 0x28, 0x28, 0x28, 0x28, 0x28, 0x28, 0x28, 0x28, 0x28, 0x28, 0x28, 0x28, 0x28, 0x28, 0x28, 0x28, 0x28, 0x28, 0x28, 0x28, 0x28, 0x28, 0x28, 0x28, 0x28, 0x28, 0x28, 0x28, 0x28, 0x28, 0x28, 0x28, 0x28, 0x28, 0x28, 0x28, 0x28, 0x28, 0x28, 0x28, 0x28, 0x28, 0x28, 0x28, 0x28, 0x28, 0x28, 0x28, 0x28, 0x28, 0x28, 0x28, 0x28, 0x28, 0x28, 0x28, 0x28, 0x28, 0x28, 0x28, 0x28, 0x28, 0x28, 0x28, 0x28, 0x28, 0x28, 0x28, 0x28, 0x28, 0x28, 0x28, 0x28, 0x28, 0x28, 0x28, 0x28, 0x28, 0x28, 0x28, 0x28, 0x28, 0x28, 0x28, 0x28, 0x28, 0x28, 0x28, 0x28, 0x28, 0x28, 0x28, 0x28, 0x28, 0x28, 0x28, 0x28, 0x28, 0x28, 0x28, 0x28, 0x28, 0x28, 0x28, 0x28, 0x28, 0x28, 0x28, 0x28, 
  0x28, 0x28, 0x28, 0x28, 0x28, 0x28, 0x28, 0x28, 0x28, 0x28, 0x28, 0x28, 0x28, 0x28, 0x28, 0x28, 0x28, 0x28, 0x28, 0x28, 0x28, 0x28, 0x28, 0x28, 0x28, 0x28, 0x28, 0x28, 0x28, 0x28, 0x28, 0x28, 0x28, 0x28, 0x28, 0x28, 0x28, 0x28, 0x28, 0x28, 0x28, 0x28, 0x28, 0x28, 0x28, 0x28, 0x28, 0x28, 0x28, 0x28, 0x28, 0x28, 0x28, 0x28, 0x28, 0x28, 0x28, 0x28, 0x28, 0x28, 0x28, 0x28, 0x28, 0x28, 0x28, 0x28, 0x28, 0x28, 0x28, 0x28, 0x28, 0x28, 0x28, 0x28, 0x28, 0x28, 0x28, 0x28, 0x28, 0x28, 0x28, 0x28, 0x28, 0x28, 0x28, 0xc0, 0xb6, 0x97, 0x8e, 0x8f, 0x8e, 0x8e, 0x8f, 0x8e, 0x8e, 0x8e, 0x8e, 0x8e, 0x8e, 0x91, 0x9f, 0xae, 0xba, 0xbd, 0x28, 0x28, 0x28, 0x28, 0x28, 0x28, 0x28, 0x28, 0x28, 0x28, 0x28, 0x28, 0x28, 0x28, 0x28, 0x28, 0x28, 0x28, 0x28, 0x28, 0x28, 0x28, 0x28, 0x28, 0x28, 0x28, 0x28, 0x28, 0x28, 0x28, 0x28, 0x28, 0x28, 0x28, 0x28, 0x28, 0x28, 0x28, 0x28, 0x28, 0x28, 0xc1, 0xba, 0xb6, 0xa3, 0x97, 0x8e, 0x8e, 0x8e, 0x8f, 0x8e, 0x8e, 0x8f, 0x8f, 0x8e, 0x8e, 0x8e, 0x8f, 0xb1, 0xbd, 0xc7, 0x28, 0x28, 0x28, 0x28, 0x28, 0x28, 0x28, 0x28, 0x28, 0x28, 0x28, 0x28, 0x28, 0x28, 0x28, 0x28, 0x28, 0x28, 0x28, 0x28, 0x28, 0x28, 0x28, 0x28, 0x28, 0x28, 0x28, 0x28, 0x28, 0x28, 0x28, 0x28, 0x28, 0x28, 0x28, 0x28, 0x28, 0x28, 0x28, 0x28, 0x28, 0x28, 0x28, 0x28, 0x28, 0x28, 0x28, 0x28, 0x28, 0x28, 0x28, 0x28, 0x28, 0x28, 0x28, 0x28, 0x28, 0x28, 0x28, 0x28, 0x28, 0x28, 0x28, 0x28, 0x28, 0x28, 0x28, 0x28, 0x28, 0x28, 0x28, 0x28, 0x28, 0x28, 0x28, 0x28, 0x28, 0x28, 0x28, 0x28, 0x28, 0x28, 0x28, 0x28, 0x28, 0x28, 0x28, 0x28, 0x28, 0x28, 0x28, 0x28, 0x28, 0x28, 0x28, 0x28, 0x28, 0x28, 0x28, 0x28, 0x28, 0x28, 0x28, 0x28, 0x28, 0x28, 0x28, 0x28, 0x28, 0x28, 0x28, 0x28, 0x28, 0x28, 0x28, 0x28, 0x28, 0x28, 0x28, 0x28, 0x28, 0x28, 0x28, 0x28, 0x28, 0x28, 0x28, 0x28, 0x28, 0x28, 0x28, 0x28, 0x28, 0x28, 0x28, 0x28, 0x28, 0x28, 0x28, 0x28, 0x28, 0x28, 0x28, 0x28, 0x28, 0x28, 0x28, 0x28, 0x28, 0x28, 0x28, 0x28, 0x28, 0x28, 0x28, 0x28, 0x28, 0x28, 0x28, 0x28, 0x28, 0x28, 0x28, 0x28, 0x28, 0x28, 0x28, 0x28, 0x28, 0x28, 0x28, 0x28, 0x28, 0x28, 0x28, 0x28, 0x28, 0x28, 0x28, 0x28, 0x28, 0x28, 0x28, 0x28, 0x28, 0x28, 0x28, 0x28, 0x28, 0x28, 0x28, 0x28, 0x28, 0x28, 0x28, 0x28, 0x28, 0x28, 0x28, 0x28, 0x28, 0x28, 0x28, 0x28, 0x28, 0x28, 0x28, 0x28, 0x28, 0x28, 0x28, 0x28, 0x28, 0x28, 0x28, 0x28, 0x28, 0x28, 0x28, 0x28, 0x28, 0x28, 0x28, 0x28, 0x28, 0x28, 0x28, 0x28, 0x28, 0x28, 0x28, 0x28, 0x28, 0x28, 0x28, 0x28, 0x28, 0x28, 0x28, 0x28, 0x28, 0x28, 0x28, 0x28, 0x28, 0x28, 0x28, 0x28, 0x28, 0x28, 0x28, 0x28, 0x28, 0x28, 0x28, 0x28, 0x28, 0x28, 0x28, 0x28, 0x28, 0x28, 0x28, 0x28, 0x28, 0x28, 0x28, 0x28, 0x28, 0x28, 0x28, 0x28, 0x28, 0x28, 0x28, 0x28, 0x28, 0x28, 0x28, 0x28, 0x28, 0x28, 0x28, 0x28, 0x28, 0x28, 0x28, 0x28, 0x28, 0x28, 0x28, 0x28, 0x28, 0x28, 0x28, 0x28, 0x28, 0x28, 0x28, 0x28, 0x28, 0x28, 0x28, 0x28, 0x28, 0x28, 0x28, 0x28, 0x28, 0x28, 0x28, 0x28, 0x28, 0x28, 0x28, 
  0x28, 0x28, 0x28, 0x28, 0x28, 0x28, 0x28, 0x28, 0x28, 0x28, 0x28, 0x28, 0x28, 0x28, 0x28, 0x28, 0x28, 0x28, 0x28, 0x28, 0x28, 0x28, 0x28, 0x28, 0x28, 0x28, 0x28, 0x28, 0x28, 0x28, 0x28, 0x28, 0x28, 0x28, 0x28, 0x28, 0x28, 0x28, 0x28, 0x28, 0x28, 0x28, 0x28, 0x28, 0x28, 0x28, 0x28, 0x28, 0x28, 0x28, 0x28, 0x28, 0x28, 0x28, 0x28, 0x28, 0x28, 0x28, 0x28, 0x28, 0x28, 0x28, 0x28, 0x28, 0x28, 0x28, 0x28, 0x28, 0x28, 0x28, 0x28, 0x28, 0x28, 0x28, 0x28, 0x28, 0x28, 0x28, 0x28, 0x28, 0x28, 0x28, 0x28, 0x28, 0x28, 0x28, 0x28, 0x28, 0xbd, 0xad, 0x8f, 0x8f, 0x8e, 0x8f, 0x8e, 0x8f, 0x8e, 0x8f, 0x8f, 0x8e, 0x8e, 0x8e, 0x8e, 0x8e, 0x8f, 0xa0, 0xac, 0xb6, 0xbf, 0xc9, 0x28, 0x28, 0x28, 0x28, 0x28, 0x28, 0x28, 0x28, 0x28, 0x28, 0x28, 0x28, 0x28, 0x28, 0x28, 0x28, 0x28, 0x28, 0x28, 0x28, 0x28, 0x28, 0x28, 0x28, 0x28, 0x28, 0x28, 0x28, 0x28, 0x28, 0xc2, 0xb9, 0xaf, 0xa5, 0x94, 0x8e, 0x8e, 0x8e, 0x8f, 0x8e, 0x8e, 0x8f, 0x8e, 0x8e, 0x8f, 0x8e, 0x8e, 0x8e, 0x8e, 0x9e, 0xb9, 0xc7, 0x28, 0x28, 0x28, 0x28, 0x28, 0x28, 0x28, 0x28, 0x28, 0x28, 0x28, 0x28, 0x28, 0x28, 0x28, 0x28, 0x28, 0x28, 0x28, 0x28, 0x28, 0x28, 0x28, 0x28, 0x28, 0x28, 0x28, 0x28, 0x28, 0x28, 0x28, 0x28, 0x28, 0x28, 0x28, 0x28, 0x28, 0x28, 0x28, 0x28, 0x28, 0x28, 0x28, 0x28, 0x28, 0x28, 0x28, 0x28, 0x28, 0x28, 0x28, 0x28, 0x28, 0x28, 0x28, 0x28, 0x28, 0x28, 0x28, 0x28, 0x28, 0x28, 0x28, 0x28, 0x28, 0x28, 0x28, 0x28, 0x28, 0x28, 0x28, 0x28, 0x28, 0x28, 0x28, 0x28, 0x28, 0x28, 0x28, 0x28, 0x28, 0x28, 0x28, 0x28, 0x28, 0x28, 0x28, 0x28, 0x28, 0x28, 0x28, 0x28, 0x28, 0x28, 0x28, 0x28, 0x28, 0x28, 0x28, 0x28, 0x28, 0x28, 0x28, 0x28, 0x28, 0x28, 0x28, 0x28, 0x28, 0x28, 0x28, 0x28, 0x28, 0x28, 0x28, 0x28, 0x28, 0x28, 0x28, 0x28, 0x28, 0x28, 0x28, 0x28, 0x28, 0x28, 0x28, 0x28, 0x28, 0x28, 0x28, 0x28, 0x28, 0x28, 0x28, 0x28, 0x28, 0x28, 0x28, 0x28, 0x28, 0x28, 0x28, 0x28, 0x28, 0x28, 0x28, 0x28, 0x28, 0x28, 0x28, 0x28, 0x28, 0x28, 0x28, 0x28, 0x28, 0x28, 0x28, 0x28, 0x28, 0x28, 0x28, 0x28, 0x28, 0x28, 0x28, 0x28, 0x28, 0x28, 0x28, 0x28, 0x28, 0x28, 0x28, 0x28, 0x28, 0x28, 0x28, 0x28, 0x28, 0x28, 0x28, 0x28, 0x28, 0x28, 0x28, 0x28, 0x28, 0x28, 0x28, 0x28, 0x28, 0x28, 0x28, 0x28, 0x28, 0x28, 0x28, 0x28, 0x28, 0x28, 0x28, 0x28, 0x28, 0x28, 0x28, 0x28, 0x28, 0x28, 0x28, 0x28, 0x28, 0x28, 0x28, 0x28, 0x28, 0x28, 0x28, 0x28, 0x28, 0x28, 0x28, 0x28, 0x28, 0x28, 0x28, 0x28, 0x28, 0x28, 0x28, 0x28, 0x28, 0x28, 0x28, 0x28, 0x28, 0x28, 0x28, 0x28, 0x28, 0x28, 0x28, 0x28, 0x28, 0x28, 0x28, 0x28, 0x28, 0x28, 0x28, 0x28, 0x28, 0x28, 0x28, 0x28, 0x28, 0x28, 0x28, 0x28, 0x28, 0x28, 0x28, 0x28, 0x28, 0x28, 0x28, 0x28, 0x28, 0x28, 0x28, 0x28, 0x28, 0x28, 0x28, 0x28, 0x28, 0x28, 0x28, 0x28, 0x28, 0x28, 0x28, 0x28, 0x28, 0x28, 0x28, 0x28, 0x28, 0x28, 0x28, 0x28, 0x28, 0x28, 0x28, 0x28, 0x28, 0x28, 0x28, 0x28, 0x28, 0x28, 0x28, 0x28, 0x28, 0x28, 0x28, 0x28, 0x28, 0x28, 0x28, 0x28, 0x28, 0x28, 0x28, 0x28, 0x28, 0x28, 
  0x28, 0x28, 0x28, 0x28, 0x28, 0x28, 0x28, 0x28, 0x28, 0x28, 0x28, 0x28, 0x28, 0x28, 0x28, 0x28, 0x28, 0x28, 0x28, 0x28, 0x28, 0x28, 0x28, 0x28, 0x28, 0x28, 0x28, 0x28, 0x28, 0x28, 0x28, 0x28, 0x28, 0x28, 0x28, 0x28, 0x28, 0x28, 0x28, 0x28, 0x28, 0x28, 0x28, 0x28, 0x28, 0x28, 0x28, 0x28, 0x28, 0x28, 0x28, 0x28, 0x28, 0x28, 0x28, 0x28, 0x28, 0x28, 0x28, 0x28, 0x28, 0x28, 0x28, 0x28, 0x28, 0x28, 0x28, 0x28, 0x28, 0x28, 0x28, 0x28, 0x28, 0x28, 0x28, 0x28, 0x28, 0x28, 0x28, 0x28, 0x28, 0x28, 0x28, 0x28, 0x28, 0x28, 0x28, 0x28, 0x28, 0x28, 0x28, 0xc8, 0xbc, 0xad, 0x90, 0x8e, 0x8e, 0x8e, 0x8f, 0x8e, 0x8f, 0x8e, 0x8f, 0x8e, 0x8f, 0x8e, 0x8f, 0x8e, 0x8f, 0x8f, 0x8e, 0x90, 0x97, 0x9f, 0xa3, 0xa9, 0xac, 0xae, 0xb2, 0xb6, 0xb8, 0xb8, 0xba, 0xbc, 0xbc, 0xbc, 0xbb, 0xb9, 0xb8, 0xb6, 0xb4, 0xaf, 0xad, 0xaa, 0xa5, 0x9f, 0x9c, 0x91, 0x8e, 0x8e, 0x8e, 0x8e, 0x8e, 0x8e, 0x8e, 0x8f, 0x8e, 0x8f, 0x8e, 0x8f, 0x8e, 0x8e, 0x8f, 0x8e, 0x8f, 0xa0, 0xb8, 0xc4, 0x28, 0x28, 0x28, 0x28, 0x28, 0x28, 0x28, 0x28, 0x28, 0x28, 0x28, 0x28, 0x28, 0x28, 0x28, 0x28, 0x28, 0x28, 0x28, 0x28, 0x28, 0x28, 0x28, 0x28, 0x28, 0x28, 0x28, 0x28, 0x28, 0x28, 0x28, 0x28, 0x28, 0x28, 0x28, 0x28, 0x28, 0x28, 0x28, 0x28, 0x28, 0x28, 0x28, 0x28, 0x28, 0x28, 0x28, 0x28, 0x28, 0x28, 0x28, 0x28, 0x28, 0x28, 0x28, 0x28, 0x28, 0x28, 0x28, 0x28, 0x28, 0x28, 0x28, 0x28, 0x28, 0x28, 0x28, 0x28, 0x28, 0x28, 0x28, 0x28, 0x28, 0x28, 0x28, 0x28, 0x28, 0x28, 0x28, 0x28, 0x28, 0x28, 0x28, 0x28, 0x28, 0x28, 0x28, 0x28, 0x28, 0x28, 0x28, 0x28, 0x28, 0x28, 0x28, 0x28, 0x28, 0x28, 0x28, 0x28, 0x28, 0x28, 0x28, 0x28, 0x28, 0x28, 0x28, 0x28, 0x28, 0x28, 0x28, 0x28, 0x28, 0x28, 0x28, 0x28, 0x28, 0x28, 0x28, 0x28, 0x28, 0x28, 0x28, 0x28, 0x28, 0x28, 0x28, 0x28, 0x28, 0x28, 0x28, 0x28, 0x28, 0x28, 0x28, 0x28, 0x28, 0x28, 0x28, 0x28, 0x28, 0x28, 0x28, 0x28, 0x28, 0x28, 0x28, 0x28, 0x28, 0x28, 0x28, 0x28, 0x28, 0x28, 0x28, 0x28, 0x28, 0x28, 0x28, 0x28, 0x28, 0x28, 0x28, 0x28, 0x28, 0x28, 0x28, 0x28, 0x28, 0x28, 0x28, 0x28, 0x28, 0x28, 0x28, 0x28, 0x28, 0x28, 0x28, 0x28, 0x28, 0x28, 0x28, 0x28, 0x28, 0x28, 0x28, 0x28, 0x28, 0x28, 0x28, 0x28, 0x28, 0x28, 0x28, 0x28, 0x28, 0x28, 0x28, 0x28, 0x28, 0x28, 0x28, 0x28, 0x28, 0x28, 0x28, 0x28, 0x28, 0x28, 0x28, 0x28, 0x28, 0x28, 0x28, 0x28, 0x28, 0x28, 0x28, 0x28, 0x28, 0x28, 0x28, 0x28, 0x28, 0x28, 0x28, 0x28, 0x28, 0x28, 0x28, 0x28, 0x28, 0x28, 0x28, 0x28, 0x28, 0x28, 0x28, 0x28, 0x28, 0x28, 0x28, 0x28, 0x28, 0x28, 0x28, 0x28, 0x28, 0x28, 0x28, 0x28, 0x28, 0x28, 0x28, 0x28, 0x28, 0x28, 0x28, 0x28, 0x28, 0x28, 0x28, 0x28, 0x28, 0x28, 0x28, 0x28, 0x28, 0x28, 0x28, 0x28, 0x28, 0x28, 0x28, 0x28, 0x28, 0x28, 0x28, 0x28, 0x28, 0x28, 0x28, 0x28, 0x28, 0x28, 0x28, 0x28, 0x28, 0x28, 0x28, 0x28, 0x28, 0x28, 0x28, 0x28, 0x28, 0x28, 0x28, 0x28, 0x28, 0x28, 0x28, 0x28, 0x28, 0x28, 0x28, 0x28, 0x28, 0x28, 0x28, 0x28, 0x28, 0x28, 0x28, 0x28, 0x28, 0x28, 0x28, 0x28, 0x28, 0x28, 
  0x28, 0x28, 0x28, 0x28, 0x28, 0x28, 0x28, 0x28, 0x28, 0x28, 0x28, 0x28, 0x28, 0x28, 0x28, 0x28, 0x28, 0x28, 0x28, 0x28, 0x28, 0x28, 0x28, 0x28, 0x28, 0x28, 0x28, 0x28, 0x28, 0x28, 0x28, 0x28, 0x28, 0x28, 0x28, 0x28, 0x28, 0x28, 0x28, 0x28, 0x28, 0x28, 0x28, 0x28, 0x28, 0x28, 0x28, 0x28, 0x28, 0x28, 0x28, 0x28, 0x28, 0x28, 0x28, 0x28, 0x28, 0x28, 0x28, 0x28, 0x28, 0x28, 0x28, 0x28, 0x28, 0x28, 0x28, 0x28, 0x28, 0x28, 0x28, 0x28, 0x28, 0x28, 0x28, 0x28, 0x28, 0x28, 0x28, 0x28, 0x28, 0x28, 0x28, 0x28, 0x28, 0x28, 0x28, 0x28, 0x28, 0x28, 0x28, 0x28, 0x28, 0x28, 0x28, 0x28, 0xb9, 0xad, 0x97, 0x8e, 0x8e, 0x8e, 0x8e, 0x8e, 0x8e, 0x8e, 0x8e, 0x8f, 0x8e, 0x8e, 0x8f, 0x8e, 0x8f, 0x8e, 0x8f, 0x8e, 0x8f, 0x8e, 0x8e, 0x8e, 0x8e, 0x8f, 0x8e, 0x8e, 0x8e, 0x8e, 0x8e, 0x8e, 0x8e, 0x8f, 0x8e, 0x8e, 0x8e, 0x8e, 0x8f, 0x8f, 0x8e, 0x8e, 0x8f, 0x8f, 0x8f, 0x8e, 0x8f, 0x8f, 0x8e, 0x8e, 0x8f, 0x8f, 0x8e, 0x8f, 0x8f, 0xaa, 0xb2, 0xc5, 0x28, 0x28, 0x28, 0x28, 0x28, 0x28, 0x28, 0x28, 0x28, 0x28, 0x28, 0x28, 0x28, 0x28, 0x28, 0x28, 0x28, 0x28, 0x28, 0x28, 0x28, 0x28, 0x28, 0x28, 0x28, 0x28, 0x28, 0x28, 0x28, 0x28, 0x28, 0x28, 0x28, 0x28, 0x28, 0x28, 0x28, 0x28, 0x28, 0x28, 0x28, 0x28, 0x28, 0x28, 0x28, 0x28, 0x28, 0x28, 0x28, 0x28, 0x28, 0x28, 0x28, 0x28, 0x28, 0x28, 0x28, 0x28, 0x28, 0x28, 0x28, 0x28, 0x28, 0x28, 0x28, 0x28, 0x28, 0x28, 0x28, 0x28, 0x28, 0x28, 0x28, 0x28, 0x28, 0x28, 0x28, 0x28, 0x28, 0x28, 0x28, 0x28, 0x28, 0x28, 0x28, 0x28, 0x28, 0x28, 0x28, 0x28, 0x28, 0x28, 0x28, 0x28, 0x28, 0x28, 0x28, 0x28, 0x28, 0x28, 0x28, 0x28, 0x28, 0x28, 0x28, 0x28, 0x28, 0x28, 0x28, 0x28, 0x28, 0x28, 0x28, 0x28, 0x28, 0x28, 0x28, 0x28, 0x28, 0x28, 0x28, 0x28, 0x28, 0x28, 0x28, 0x28, 0x28, 0x28, 0x28, 0x28, 0x28, 0x28, 0x28, 0x28, 0x28, 0x28, 0x28, 0x28, 0x28, 0x28, 0x28, 0x28, 0x28, 0x28, 0x28, 0x28, 0x28, 0x28, 0x28, 0x28, 0x28, 0x28, 0x28, 0x28, 0x28, 0x28, 0x28, 0x28, 0x28, 0x28, 0x28, 0x28, 0x28, 0x28, 0x28, 0x28, 0x28, 0x28, 0x28, 0x28, 0x28, 0x28, 0x28, 0x28, 0x28, 0x28, 0x28, 0x28, 0x28, 0x28, 0x28, 0x28, 0x28, 0x28, 0x28, 0x28, 0x28, 0x28, 0x28, 0x28, 0x28, 0x28, 0x28, 0x28, 0x28, 0x28, 0x28, 0x28, 0x28, 0x28, 0x28, 0x28, 0x28, 0x28, 0x28, 0x28, 0x28, 0x28, 0x28, 0x28, 0x28, 0x28, 0x28, 0x28, 0x28, 0x28, 0x28, 0x28, 0x28, 0x28, 0x28, 0x28, 0x28, 0x28, 0x28, 0x28, 0x28, 0x28, 0x28, 0x28, 0x28, 0x28, 0x28, 0x28, 0x28, 0x28, 0x28, 0x28, 0x28, 0x28, 0x28, 0x28, 0x28, 0x28, 0x28, 0x28, 0x28, 0x28, 0x28, 0x28, 0x28, 0x28, 0x28, 0x28, 0x28, 0x28, 0x28, 0x28, 0x28, 0x28, 0x28, 0x28, 0x28, 0x28, 0x28, 0x28, 0x28, 0x28, 0x28, 0x28, 0x28, 0x28, 0x28, 0x28, 0x28, 0x28, 0x28, 0x28, 0x28, 0x28, 0x28, 0x28, 0x28, 0x28, 0x28, 0x28, 0x28, 0x28, 0x28, 0x28, 0x28, 0x28, 0x28, 0x28, 0x28, 0x28, 0x28, 0x28, 0x28, 0x28, 0x28, 0x28, 0x28, 0x28, 0x28, 0x28, 0x28, 0x28, 0x28, 0x28, 0x28, 0x28, 0x28, 0x28, 0x28, 0x28, 0x28, 0x28, 0x28, 0x28, 0x28, 0x28, 0x28, 0x28, 0x28, 0x28, 
  0x28, 0x28, 0x28, 0x28, 0x28, 0x28, 0x28, 0x28, 0x28, 0x28, 0x28, 0x28, 0x28, 0x28, 0x28, 0x28, 0x28, 0x28, 0x28, 0x28, 0x28, 0x28, 0x28, 0x28, 0x28, 0x28, 0x28, 0x28, 0x28, 0x28, 0x28, 0x28, 0x28, 0x28, 0x28, 0x28, 0x28, 0x28, 0x28, 0x28, 0x28, 0x28, 0x28, 0x28, 0x28, 0x28, 0x28, 0x28, 0x28, 0x28, 0x28, 0x28, 0x28, 0x28, 0x28, 0x28, 0x28, 0x28, 0x28, 0x28, 0x28, 0x28, 0x28, 0x28, 0x28, 0x28, 0x28, 0x28, 0x28, 0x28, 0x28, 0x28, 0x28, 0x28, 0x28, 0x28, 0x28, 0x28, 0x28, 0x28, 0x28, 0x28, 0x28, 0x28, 0x28, 0x28, 0x28, 0x28, 0x28, 0x28, 0x28, 0x28, 0x28, 0x28, 0x28, 0x28, 0x28, 0x28, 0x28, 0xc4, 0xbc, 0xaf, 0xa5, 0x91, 0x8f, 0x8e, 0x8f, 0x8e, 0x8e, 0x8f, 0x8e, 0x8e, 0x8e, 0x8e, 0x8e, 0x8e, 0x8e, 0x8e, 0x8f, 0x8e, 0x8f, 0x8e, 0x8f, 0x8e, 0x8f, 0x8e, 0x8f, 0x8e, 0x8f, 0x8e, 0x8e, 0x8f, 0x8e, 0x8f, 0x8e, 0x8f, 0x8e, 0x8f, 0x8e, 0x8e, 0x8e, 0x8f, 0x8e, 0x8e, 0x8e, 0x90, 0x9e, 0xac, 0xb8, 0xc2, 0x28, 0x28, 0x28, 0x28, 0x28, 0x28, 0x28, 0x28, 0x28, 0x28, 0x28, 0x28, 0x28, 0x28, 0x28, 0x28, 0x28, 0x28, 0x28, 0x28, 0x28, 0x28, 0x28, 0x28, 0x28, 0x28, 0x28, 0x28, 0x28, 0x28, 0x28, 0x28, 0x28, 0x28, 0x28, 0x28, 0x28, 0x28, 0x28, 0x28, 0x28, 0x28, 0x28, 0x28, 0x28, 0x28, 0x28, 0x28, 0x28, 0x28, 0x28, 0x28, 0x28, 0x28, 0x28, 0x28, 0x28, 0x28, 0x28, 0x28, 0x28, 0x28, 0x28, 0x28, 0x28, 0x28, 0x28, 0x28, 0x28, 0x28, 0x28, 0x28, 0x28, 0x28, 0x28, 0x28, 0x28, 0x28, 0x28, 0x28, 0x28, 0x28, 0x28, 0x28, 0x28, 0x28, 0x28, 0x28, 0x28, 0x28, 0x28, 0x28, 0x28, 0x28, 0x28, 0x28, 0x28, 0x28, 0x28, 0x28, 0x28, 0x28, 0x28, 0x28, 0x28, 0x28, 0x28, 0x28, 0x28, 0x28, 0x28, 0x28, 0x28, 0x28, 0x28, 0x28, 0x28, 0x28, 0x28, 0x28, 0x28, 0x28, 0x28, 0x28, 0x28, 0x28, 0x28, 0x28, 0x28, 0x28, 0x28, 0x28, 0x28, 0x28, 0x28, 0x28, 0x28, 0x28, 0x28, 0x28, 0x28, 0x28, 0x28, 0x28, 0x28, 0x28, 0x28, 0x28, 0x28, 0x28, 0x28, 0x28, 0x28, 0x28, 0x28, 0x28, 0x28, 0x28, 0x28, 0x28, 0x28, 0x28, 0x28, 0x28, 0x28, 0x28, 0x28, 0x28, 0x28, 0x28, 0x28, 0x28, 0x28, 0x28, 0x28, 0x28, 0x28, 0x28, 0x28, 0x28, 0x28, 0x28, 0x28, 0x28, 0x28, 0x28, 0x28, 0x28, 0x28, 0x28, 0x28, 0x28, 0x28, 0x28, 0x28, 0x28, 0x28, 0x28, 0x28, 0x28, 0x28, 0x28, 0x28, 0x28, 0x28, 0x28, 0x28, 0x28, 0x28, 0x28, 0x28, 0x28, 0x28, 0x28, 0x28, 0x28, 0x28, 0x28, 0x28, 0x28, 0x28, 0x28, 0x28, 0x28, 0x28, 0x28, 0x28, 0x28, 0x28, 0x28, 0x28, 0x28, 0x28, 0x28, 0x28, 0x28, 0x28, 0x28, 0x28, 0x28, 0x28, 0x28, 0x28, 0x28, 0x28, 0x28, 0x28, 0x28, 0x28, 0x28, 0x28, 0x28, 0x28, 0x28, 0x28, 0x28, 0x28, 0x28, 0x28, 0x28, 0x28, 0x28, 0x28, 0x28, 0x28, 0x28, 0x28, 0x28, 0x28, 0x28, 0x28, 0x28, 0x28, 0x28, 0x28, 0x28, 0x28, 0x28, 0x28, 0x28, 0x28, 0x28, 0x28, 0x28, 0x28, 0x28, 0x28, 0x28, 0x28, 0x28, 0x28, 0x28, 0x28, 0x28, 0x28, 0x28, 0x28, 0x28, 0x28, 0x28, 0x28, 0x28, 0x28, 0x28, 0x28, 0x28, 0x28, 0x28, 0x28, 0x28, 0x28, 0x28, 0x28, 0x28, 0x28, 0x28, 0x28, 0x28, 0x28, 0x28, 0x28, 0x28, 0x28, 0x28, 0x28, 0x28, 0x28, 0x28, 0x28, 0x28, 
  0x28, 0x28, 0x28, 0x28, 0x28, 0x28, 0x28, 0x28, 0x28, 0x28, 0x28, 0x28, 0x28, 0x28, 0x28, 0x28, 0x28, 0x28, 0x28, 0x28, 0x28, 0x28, 0x28, 0x28, 0x28, 0x28, 0x28, 0x28, 0x28, 0x28, 0x28, 0x28, 0x28, 0x28, 0x28, 0x28, 0x28, 0x28, 0x28, 0x28, 0x28, 0x28, 0x28, 0x28, 0x28, 0x28, 0x28, 0x28, 0x28, 0x28, 0x28, 0x28, 0x28, 0x28, 0x28, 0x28, 0x28, 0x28, 0x28, 0x28, 0x28, 0x28, 0x28, 0x28, 0x28, 0x28, 0x28, 0x28, 0x28, 0x28, 0x28, 0x28, 0x28, 0x28, 0x28, 0x28, 0x28, 0x28, 0x28, 0x28, 0x28, 0x28, 0x28, 0x28, 0x28, 0x28, 0x28, 0x28, 0x28, 0x28, 0x28, 0x28, 0x28, 0x28, 0x28, 0x28, 0x28, 0x28, 0x28, 0x28, 0x28, 0x28, 0x28, 0x28, 0xc9, 0xbe, 0xbb, 0xbb, 0xad, 0xa3, 0xa1, 0x94, 0x8f, 0x8f, 0x8e, 0x8f, 0x8e, 0x8f, 0x8e, 0x8e, 0x8e, 0x8f, 0x8e, 0x8e, 0x8e, 0x8e, 0x8e, 0x8e, 0x8e, 0x8f, 0x8e, 0x8e, 0x8e, 0x8e, 0x8f, 0x8e, 0x8e, 0x90, 0x9e, 0xa3, 0xaa, 0xb8, 0xbb, 0xbc, 0xc6, 0x28, 0x28, 0x28, 0x28, 0x28, 0x28, 0x28, 0x28, 0x28, 0x28, 0x28, 0x28, 0x28, 0x28, 0x28, 0x28, 0x28, 0x28, 0x28, 0x28, 0x28, 0x28, 0x28, 0x28, 0x28, 0x28, 0x28, 0x28, 0x28, 0x28, 0x28, 0x28, 0x28, 0x28, 0x28, 0x28, 0x28, 0x28, 0x28, 0x28, 0x28, 0x28, 0x28, 0x28, 0x28, 0x28, 0x28, 0x28, 0x28, 0x28, 0x28, 0x28, 0x28, 0x28, 0x28, 0x28, 0x28, 0x28, 0x28, 0x28, 0x28, 0x28, 0x28, 0x28, 0x28, 0x28, 0x28, 0x28, 0x28, 0x28, 0x28, 0x28, 0x28, 0x28, 0x28, 0x28, 0x28, 0x28, 0x28, 0x28, 0x28, 0x28, 0x28, 0x28, 0x28, 0x28, 0x28, 0x28, 0x28, 0x28, 0x28, 0x28, 0x28, 0x28, 0x28, 0x28, 0x28, 0x28, 0x28, 0x28, 0x28, 0x28, 0x28, 0x28, 0x28, 0x28, 0x28, 0x28, 0x28, 0x28, 0x28, 0x28, 0x28, 0x28, 0x28, 0x28, 0x28, 0x28, 0x28, 0x28, 0x28, 0x28, 0x28, 0x28, 0x28, 0x28, 0x28, 0x28, 0x28, 0x28, 0x28, 0x28, 0x28, 0x28, 0x28, 0x28, 0x28, 0x28, 0x28, 0x28, 0x28, 0x28, 0x28, 0x28, 0x28, 0x28, 0x28, 0x28, 0x28, 0x28, 0x28, 0x28, 0x28, 0x28, 0x28, 0x28, 0x28, 0x28, 0x28, 0x28, 0x28, 0x28, 0x28, 0x28, 0x28, 0x28, 0x28, 0x28, 0x28, 0x28, 0x28, 0x28, 0x28, 0x28, 0x28, 0x28, 0x28, 0x28, 0x28, 0x28, 0x28, 0x28, 0x28, 0x28, 0x28, 0x28, 0x28, 0x28, 0x28, 0x28, 0x28, 0x28, 0x28, 0x28, 0x28, 0x28, 0x28, 0x28, 0x28, 0x28, 0x28, 0x28, 0x28, 0x28, 0x28, 0x28, 0x28, 0x28, 0x28, 0x28, 0x28, 0x28, 0x28, 0x28, 0x28, 0x28, 0x28, 0x28, 0x28, 0x28, 0x28, 0x28, 0x28, 0x28, 0x28, 0x28, 0x28, 0x28, 0x28, 0x28, 0x28, 0x28, 0x28, 0x28, 0x28, 0x28, 0x28, 0x28, 0x28, 0x28, 0x28, 0x28, 0x28, 0x28, 0x28, 0x28, 0x28, 0x28, 0x28, 0x28, 0x28, 0x28, 0x28, 0x28, 0x28, 0x28, 0x28, 0x28, 0x28, 0x28, 0x28, 0x28, 0x28, 0x28, 0x28, 0x28, 0x28, 0x28, 0x28, 0x28, 0x28, 0x28, 0x28, 0x28, 0x28, 0x28, 0x28, 0x28, 0x28, 0x28, 0x28, 0x28, 0x28, 0x28, 0x28, 0x28, 0x28, 0x28, 0x28, 0x28, 0x28, 0x28, 0x28, 0x28, 0x28, 0x28, 0x28, 0x28, 0x28, 0x28, 0x28, 0x28, 0x28, 0x28, 0x28, 0x28, 0x28, 0x28, 0x28, 0x28, 0x28, 0x28, 0x28, 0x28, 0x28, 0x28, 0x28, 0x28, 0x28, 0x28, 0x28, 0x28, 0x28, 0x28, 0x28, 0x28, 0x28, 0x28, 0x28, 0x28, 0x28, 0x28, 0x28, 0x28, 0x28, 
};

const lv_img_dsc_t callogo = {
  .header.cf = LV_IMG_CF_INDEXED_8BIT,
  .header.always_zero = 0,
  .header.reserved = 0,
  .header.w = 480,
  .header.h = 240,
  .data_size = 116224,
  .data = callogo_map,
};
